ID,Type,Entity,OU,Line,Rollup_Vendor,Lookup_Vendor,Description,Term_Start,Term_End,VRM_ID,Col_2026_YTP,Col_2027_fcst,Col_2028_fcst,Col_2029_fcst,WARNING,Flag,Open,DAF_Number,Product_Manager,VRM_Status,Flex_Field_1,Bundle_ID,DAF_Amount,Contract_Type,CTB_RTB,BCID,Original_BCID,ATR_L3,L4_Product,Purchase_Date,Investment_Aligned_Date,Beeline_ID,Contract_Number,Business_Driver,Cash_Price,Invoice_PO,Forecast_Source,Flex_Field_2,Flex_Field_3,Flex_Field_4,Flex_Field_5,Version,Hierarchy,Modified_Date,Modified_By,assetID,Col_1,Col_2,Col_3,Col_4,Col_5,Col_6,Col_7,Forecast_2026_08,Forecast_2026_09,Forecast_2026_10,Forecast_2026_11,Forecast_2026_12,Forecast_2027_01,Forecast_2027_02,Forecast_2027_03,Forecast_2027_04,Forecast_2027_05,Forecast_2027_06,Forecast_2027_07,Forecast_2027_08,Forecast_2027_09,Forecast_2027_10,Forecast_2027_11,Forecast_2027_12,Forecast_2028_01,Forecast_2028_02,Forecast_2028_03,Forecast_2028_04,Forecast_2028_05,Forecast_2028_06,Forecast_2028_07,Forecast_2028_08,Forecast_2028_09,Forecast_2028_10,Forecast_2028_11,Forecast_2028_12,Forecast_2029_01,Forecast_2029_02,Forecast_2029_03,Forecast_2029_04,Forecast_2029_05,Forecast_2029_06,Forecast_2029_07,Forecast_2029_08,Forecast_2029_09,Forecast_2029_10,Forecast_2029_11,Forecast_2029_12,Forecast_2030_01,Forecast_2030_02,Forecast_2030_03,Forecast_2030_04,Forecast_2030_05,Forecast_2030_06,Forecast_2030_07,Forecast_2030_08,Forecast_2030_09,Forecast_2030_10,Forecast_2030_11,Forecast_2030_12,Forecast_2031_01,Forecast_2031_02,Forecast_2031_03,Forecast_2031_04,Forecast_2031_05,Forecast_2031_06,Forecast_2031_07,Forecast_2031_08,Forecast_2031_09,Forecast_2031_10,Forecast_2031_11,Forecast_2031_12,Forecast_2032_01,Forecast_2032_02,Forecast_2032_03,Forecast_2032_04,Forecast_2032_05,Forecast_2032_06,Forecast_2032_07,Forecast_2032_08,Forecast_2032_09,Forecast_2032_10,Forecast_2032_11,Forecast_2032_12,Forecast_2033_01,Forecast_2033_02,Forecast_2033_03,Forecast_2033_04,Forecast_2033_05,Forecast_2033_06,Forecast_2033_07,Forecast_2033_08,Forecast_2033_09,Forecast_2033_10,Forecast_2033_11,Forecast_2033_12
100001,SW,136,CTADMIN,A8200050 - Software License,IBM Corporation,IBM,Mainframe software and technical support renewal,8/13/26,8/31/29,VRM200101,"$59,800","$129,300","$167,900","$130,700",,N,Yes,0,"Tadas, Deepa P.",Submitted to Sponsor,Security assessment completed,0,,Renewal,RTB,BC5100110,BC5100110,ATR730038,,6/22/26,7/8/26,900000001,41005711,,"$487,700",7800000001,,Taylor Brooks,MOD,4523,3366,C_Forecast,DIV_2637 - Consumer Payments,2/18/26,"Ashwathappa, Rakesh",AST0700000,,,,,,,,,"$14,900","$12,700","$11,500","$10,600","$10,100","$9,700","$8,700","$10,700","$10,300","$10,300","$10,000","$10,500","$10,600","$12,500","$12,600","$12,300","$11,100","$11,200","$11,800","$13,700","$13,500","$13,600","$13,000","$13,200","$13,600","$15,200","$16,300","$16,500","$16,300","$16,100","$16,200","$17,100","$15,700","$16,200","$16,800","$16,600","$16,000",-,-,-,-,-,-,-,-,-,-,-,-,-,-,-,-,-,-,-,-,-,-,-,-,-,-,-,-,-,-,-,-,-,-,-,-,-,-,-,-,-,-,-,-,-,-,-,-,-,-,-
100002,TEL,120,CTCPR,A8292080 - Telecommunication,"Salesforce, Inc.",Salesforce,Customer relationship management platform enterprise agreement,8/15/26,8/31/29,VRM200104,"$536,100","$1,193,400","$1,502,600","$1,211,200",,N,Yes,,"Tadas, Deepa P.",LOB Review,Vendor onboarding completed,0,,Renewal,CTB,BC5100087,BC5100087,ATR730027,,6/7/26,6/24/26,900000002,78503377,,"$4,443,300",7800000002,,Morgan Patel,SAMP,8160,9694,C_Forecast,DIV_2842 - Digital Channel Technology,6/18/26,System,AST0700001,,,,,,,,,"$127,500","$114,000","$104,800","$98,200","$91,600","$92,600","$93,400","$95,300","$96,000","$97,900","$96,800","$97,900","$98,600","$105,000","$107,300","$105,900","$106,700","$108,400","$105,800","$118,200","$121,100","$117,800","$118,600","$120,800","$119,300","$136,700","$140,600","$146,700","$148,600","$147,700","$150,800","$150,400","$149,300","$149,800","$153,900","$153,900","$155,400",-,-,-,-,-,-,-,-,-,-,-,-,-,-,-,-,-,-,-,-,-,-,-,-,-,-,-,-,-,-,-,-,-,-,-,-,-,-,-,-,-,-,-,-,-,-,-,-,-,-,-
100003,SW,138,CTEDP,A8200045 - Software Maintenance,Tata Consultancy Services,TCS,Application maintenance and delivery services renewal,8/10/26,2/29/28,VRM200120,"$48,200","$105,700","$18,900",-,,N,Yes,4933,"Tadas, Deepa P.",Submitted to Sponsor,Includes affiliate services,0,,Commited,CTB,BC5100049,BC5100049,ATR730004,,6/12/26,7/6/26,900000003,94675230,,"$172,800",7800000003,,Dana Williams,HOGAN CIS,682663,6010,C_Forecast,DIV_3055 - Cybersecurity Platform Services,5/24/26,"Tadas, Deepa P.",AST0700002,,,,,,,,,"$11,500","$10,300","$9,400","$8,800","$8,200","$8,300","$8,300","$8,500","$8,500","$8,700","$8,600","$8,600","$8,700","$9,300","$9,500","$9,300","$9,400","$9,600","$9,300",-,-,-,-,-,-,-,-,-,-,-,-,-,-,-,-,-,-,-,-,-,-,-,-,-,-,-,-,-,-,-,-,-,-,-,-,-,-,-,-,-,-,-,-,-,-,-,-,-,-,-,-,-,-,-,-,-,-,-,-,-,-,-,-,-,-,-,-,-
100004,DEPR,137,CTBSTT,Fixed Assets (Peoplesoft) - DEPR,"Datadog, Inc.",Datadog,Cloud monitoring and observability subscription enterprise agreement,8/13/26,8/31/27,VRM200224,"$72,300","$100,800",-,-,,N,Yes,4933,"zz.Luloff, Julie",Submitted to Sponsor,Pending final statement of work,,-,Renewal,RTB,BC5100008,BC5100026,ATR730033,,1/1/26,7/20/26,900000004,35602228,,"$173,100",7800000004,TFT,Alex Morgan,NAHAS,272888,2612,C_Forecast,DIV_3188 - Marketing Technology Enablement,6/23/26,"Matera, Jill",,,,,,,,,,"$17,300","$15,400","$14,100","$13,200","$12,300","$12,300","$12,400","$12,600","$12,600","$12,800","$12,600","$12,700","$12,800",-,-,-,-,-,-,-,-,-,-,-,-,-,-,-,-,-,-,-,-,-,-,-,-,-,-,-,-,-,-,-,-,-,-,-,-,-,-,-,-,-,-,-,-,-,-,-,-,-,-,-,-,-,-,-,-,-,-,-,-,-,-,-,-,-,-,-,-,-,-,-,-,-,-,-
100005,FB,144,CTHLT,A8501945 - Outsourcing Contract - Fixed Bid,FIS Global,FIS,Banking platform software and services,8/19/26,8/31/29,VRM200175,"$75,300","$160,400","$208,800","$170,600",type/start,Y,No,,"zz.Luloff, Julie",Execution Complete,Migration dependency tracked,,,Commited,CTB,BC5100087,BC5100087,ATR730005,,6/29/26,7/6/26,900000005,70826451,,"$615,100",7800000005,TFT,Taylor Brooks,LVRMP,460048,7393,C_Forecast,DIV_2637 - Consumer Payments,5/16/26,"zz.Brennecke, Jana",,,,,,,,,,"$18,100","$16,100","$14,700","$13,700","$12,700","$12,800","$12,800","$13,000","$13,000","$13,200","$13,000","$13,100","$13,100","$13,900","$14,200","$14,100","$14,200","$14,500","$14,200","$16,000","$16,500","$16,200","$16,400","$16,900","$16,800","$19,300","$19,900","$20,900","$21,200","$21,000","$21,500","$21,400","$21,100","$21,100","$21,600","$21,400","$21,500",-,-,-,-,-,-,-,-,-,-,-,-,-,-,-,-,-,-,-,-,-,-,-,-,-,-,-,-,-,-,-,-,-,-,-,-,-,-,-,-,-,-,-,-,-,-,-,-,-,-,-
100006,OEM,124,CTMARTECH,Fixed Assets (Peoplesoft) - OEM,Adobe Inc.,Adobe,Digital experience platform subscription,8/16/26,8/31/32,VRM200136,"$39,800","$83,600","$110,700","$150,900",,N,Yes,,"zz.Ejiofor, Justina",Submitted to Sponsor,No action required,,-,New,RTB,BC5100102,BC5100102,ATR730029,Web Server,7/18/26,8/13/26,900000006,79785255,,"$1,511,500",7800000006,,Taylor Brooks,DMSBA,467395,4206,C_Forecast,DIV_1550 - Branch Operations Enablement,2/10/26,"zz.Brennecke, Jana",,,,,,,,,,"$9,600","$8,500","$7,800","$7,200","$6,700","$6,700","$6,700","$6,800","$6,800","$6,900","$6,700","$6,800","$6,800","$7,300","$7,400","$7,300","$7,400","$7,600","$7,500","$8,400","$8,700","$8,600","$8,700","$9,000","$8,900","$10,300","$10,600","$11,100","$11,300","$11,200","$11,400","$11,300","$11,200","$11,200","$11,400","$11,300","$11,300","$14,300","$15,200","$15,200","$15,900","$17,700","$15,800","$16,300","$16,600","$15,900","$16,400","$16,700","$17,300","$23,500","$24,800","$27,400","$28,000","$30,600","$30,000","$30,700","$30,300","$30,600","$30,600","$30,400","$30,800","$45,900","$48,100","$51,200","$53,000","$56,200","$57,100","$56,300","$55,900","$56,200","$54,300","$55,700","$56,200",-,-,-,-,-,-,-,-,-,-,-,-,-,-,-
100007,DEPR,139,CTTOCIO,Fixed Assets (Peoplesoft) - DEPR,"Datadog, Inc.",Datadog,Cloud monitoring and observability subscription renewal,8/8/26,8/31/31,VRM200161,"$113,700","$236,600","$318,400","$429,800",,N,No,,"Kollapally, Suraj",Execution Complete,Invoice schedule under review,,,Renewal,CTB,BC5100041,BC5100041,ATR730009,,12/30/25,7/6/26,900000007,88213373,,"$2,469,300",7800000007,,Dana Williams,SMT#2452 & SR#SR1994083716,124820,7283,C_Forecast,DIV_3188 - Marketing Technology Enablement,2/21/26,"zz.Luloff, Julie",AST0700006,,,,,,,,,"$27,500","$24,400","$22,200","$20,600","$19,000","$19,000","$19,000","$19,200","$19,100","$19,400","$19,000","$19,200","$19,300","$20,500","$21,000","$20,800","$21,100","$21,600","$21,400","$24,100","$25,000","$24,600","$25,100","$25,800","$25,700","$29,700","$30,700","$32,100","$32,600","$32,300","$32,800","$32,500","$32,100","$31,900","$32,400","$32,100","$32,000","$40,800","$42,400","$43,800","$44,700","$46,600","$46,200","$46,300","$46,500","$45,600","$45,400","$46,200","$46,500","$67,000","$70,900","$80,000","$81,800","$87,900","$86,300","$87,400","$87,400","$88,000","$88,200","$88,900","$87,700",-,-,-,-,-,-,-,-,-,-,-,-,-,-,-,-,-,-,-,-,-,-,-,-,-,-,-
100008,SAAS,121,CTDLR,Fixed Assets (Peoplesoft) - SAAS,"Datadog, Inc.",Datadog,Cloud monitoring and observability subscription renewal,8/23/26,8/31/27,VRM200188,"$57,900","$84,200",-,-,,N,Yes,0,"Tadas, Deepa P.",Finance - Managing,Vendor onboarding completed,,,Commited,CTB,BC5100106,BC5100106,ATR730043,,7/22/26,7/25/26,900000008,17731304,,"$142,100",7800000008,,Jamie Chen,1DBI,351117,9787,C_Forecast,DIV_3055 - Cybersecurity Platform Services,2/6/26,"K, Srikantesh",AST0700007,,,,,,,,,"$13,800","$12,300","$11,300","$10,600","$9,900","$10,100","$10,200","$10,400","$10,500","$10,700","$10,600","$10,800","$10,900",-,-,-,-,-,-,-,-,-,-,-,-,-,-,-,-,-,-,-,-,-,-,-,-,-,-,-,-,-,-,-,-,-,-,-,-,-,-,-,-,-,-,-,-,-,-,-,-,-,-,-,-,-,-,-,-,-,-,-,-,-,-,-,-,-,-,-,-,-,-,-,-,-,-,-
100009,TEL,119,CTCPR,A8292080 - Telecommunication,Snowflake Inc.,Snowflake,Cloud data platform subscription enterprise agreement,8/11/26,8/31/28,VRM200113,"$170,300","$378,900","$295,100",-,,N,Yes,0,"Kollapally, Suraj",Analyst Review,Migration dependency tracked,,,Commited,RTB,BC5100074,BC5100074,ATR730049,,2/15/26,4/21/26,900000009,46554731,,"$844,300",7800000009,,Casey Rivera,DMSBA,864033,4949,C_Forecast,DIV_2714 - Enterprise Data Platforms,3/19/26,"zz.Luloff, Julie",AST0700008,,,,,,,,,"$40,500","$36,200","$33,300","$31,200","$29,100","$29,400","$29,600","$30,300","$30,500","$31,100","$30,700","$31,100","$31,300","$33,300","$34,100","$33,600","$33,900","$34,400","$33,600","$37,500","$38,400","$37,400","$37,600","$38,300","$37,900",-,-,-,-,-,-,-,-,-,-,-,-,-,-,-,-,-,-,-,-,-,-,-,-,-,-,-,-,-,-,-,-,-,-,-,-,-,-,-,-,-,-,-,-,-,-,-,-,-,-,-,-,-,-,-,-,-,-,-,-,-,-,-
100010,TEL,134,CTADMIN,A8292080 - Telecommunication,IBM Corporation,IBM,Mainframe software and technical support,8/13/26,8/31/28,VRM200221,"$189,200","$414,400","$324,000",-,,N,Yes,,"Tadas, Deepa P.",Finance - Managing,Renewal documentation completed,,-,New,CTB,BC5100013,BC5100013,ATR730068,,4/22/26,6/8/26,900000010,44926424,,"$927,600",7800000010,,Dana Williams,DCSN,6232,5900,C_Forecast,DIV_2842 - Digital Channel Technology,8/7/26,"Kollapally, Suraj",AST0700009,,,,,,,,,"$45,100","$40,300","$37,000","$34,600","$32,200","$32,500","$32,700","$33,300","$33,400","$34,000","$33,600","$33,900","$34,100","$36,300","$37,100","$36,600","$36,900","$37,500","$36,700","$41,000","$42,100","$41,100","$41,400","$42,300","$41,900",-,-,-,-,-,-,-,-,-,-,-,-,-,-,-,-,-,-,-,-,-,-,-,-,-,-,-,-,-,-,-,-,-,-,-,-,-,-,-,-,-,-,-,-,-,-,-,-,-,-,-,-,-,-,-,-,-,-,-,-,-,-,-
100011,TEL,127,CTPLATFORM,A8292080 - Telecommunication,FIS Global,FIS,Banking platform software and services enterprise agreement,8/13/26,8/31/33,VRM200240,"$103,100","$222,600","$285,700","$393,700",,N,Yes,0,"Tadas, Deepa P.",Submitted to Sponsor,No action required,,-,Commited,RTB,BC5100091,BC5100076,ATR730058,,1/25/26,8/11/26,900000011,51060710,,"$8,176,600",7800000011,TFT,Taylor Brooks,HOGAN CIS,8633,786,C_Forecast,DIV_2714 - Enterprise Data Platforms,5/13/26,"K, Srikantesh",,,,,,,,,,"$24,600","$22,000","$20,200","$18,800","$17,500","$17,600","$17,700","$17,900","$18,000","$18,300","$18,000","$18,200","$18,300","$19,400","$19,800","$19,600","$19,800","$20,100","$19,700","$22,100","$22,700","$22,200","$22,500","$23,000","$22,800","$26,300","$27,100","$28,400","$28,800","$28,600","$29,200","$29,100","$28,800","$28,800","$29,500","$29,400","$29,600","$37,900","$39,600","$41,100","$42,100","$44,100","$43,800","$43,900","$44,000","$43,100","$42,700","$43,300","$43,300","$62,000","$65,100","$72,900","$74,000","$79,000","$77,100","$77,700","$77,400","$77,800","$77,900","$78,500","$77,600","$117,800","$122,600","$131,100","$137,100","$146,300","$149,100","$147,900","$147,700","$148,600","$145,400","$148,400","$147,900","$253,600","$266,200","$274,800","$298,000","$400,600","$396,100","$395,700","$393,000","$389,000","$390,100","$389,400","$389,900",-,-,-
100014,TEL,114,CTDLR,A8292080 - Telecommunication,IBM Corporation,IBM,Mainframe software and technical support renewal,8/26/26,8/31/27,VRM200224,"$210,700","$283,400",-,-,,N,No,0,"S, Rajashekar",Execution Complete,Budget owner confirmed,0,-,Renewal,RTB,BC5100035,BC5100097,ATR730018,,4/26/26,7/18/26,900000014,62783692,,"$494,100",7800000014,TFT,Alex Morgan,NAHAS,2594,9141,C_Forecast,DIV_2714 - Enterprise Data Platforms,3/18/26,"K, Srikantesh",,,,,,,,,,"$50,900","$45,200","$41,200","$38,200","$35,200","$35,200","$35,100","$35,500","$35,400","$35,800","$35,200","$35,500","$35,700",-,-,-,-,-,-,-,-,-,-,-,-,-,-,-,-,-,-,-,-,-,-,-,-,-,-,-,-,-,-,-,-,-,-,-,-,-,-,-,-,-,-,-,-,-,-,-,-,-,-,-,-,-,-,-,-,-,-,-,-,-,-,-,-,-,-,-,-,-,-,-,-,-,-,-
100012,SW,133,CTBSTT,A8200045 - Software Maintenance,Verizon Business Network Services,Verizon,Enterprise telecommunications services enterprise agreement,8/15/26,8/31/29,VRM200176,"$271,800","$578,200","$753,100","$615,100",,N,Yes,0,"S, Rajashekar",Finance - Managing,Pricing validation in progress,,-,New,CTB,BC5100111,BC5100103,ATR730069,,12/24/25,4/6/26,900000012,25246458,,"$2,218,200",7800000012,TFT,Dana Williams,DMSBA,585075,6691,C_Forecast,"DIV_1211 - Deposits, Operations and Debit Card Tech",8/7/26,"Abiodun, Dare",AST0700011,,,,,,,,,"$65,200","$58,100","$53,100","$49,500","$45,900","$46,100","$46,100","$46,800","$46,800","$47,500","$46,700","$47,100","$47,300","$50,300","$51,400","$50,800","$51,300","$52,300","$51,400","$57,800","$59,600","$58,400","$59,200","$60,800","$60,400","$69,600","$71,900","$75,300","$76,400","$75,900","$77,400","$77,000","$76,200","$76,100","$77,800","$77,200","$77,500",-,-,-,-,-,-,-,-,-,-,-,-,-,-,-,-,-,-,-,-,-,-,-,-,-,-,-,-,-,-,-,-,-,-,-,-,-,-,-,-,-,-,-,-,-,-,-,-,-,-,-
100013,OEM,133,CTBSTT,Fixed Assets (Peoplesoft) - OEM,FIS Global,FIS,Banking platform software and services,8/14/26,8/31/29,VRM200114,"$416,300","$874,700","$1,158,100","$943,400",,N,Yes,0,"zz.Ejiofor, Justina",Finance Review,Budget owner confirmed,0,,New,RTB,BC5100083,BC5100083,ATR730055,,3/11/26,5/29/26,900000013,40873865,,"$3,392,500",7800000013,,Riley Kim,SFCOE,3608,5906,C_Forecast,DIV_2637 - Consumer Payments,2/15/26,"K, Srikantesh",AST0700012,,,,,,,,,"$100,300","$89,100","$81,400","$75,600","$69,900","$70,100","$70,000","$70,900","$70,800","$71,800","$70,500","$71,000","$71,400","$75,900","$77,700","$76,800","$77,800","$79,500","$78,300","$88,200","$91,300","$89,700","$91,100","$93,700","$93,200","$107,600","$111,200","$116,300","$118,000","$117,200","$119,300","$118,500","$117,000","$116,600","$118,900","$117,900","$118,000",-,-,-,-,-,-,-,-,-,-,-,-,-,-,-,-,-,-,-,-,-,-,-,-,-,-,-,-,-,-,-,-,-,-,-,-,-,-,-,-,-,-,-,-,-,-,-,-,-,-,-
100015,FB,121,CTTOCIO,A8501947 - Consulting Services - Fixed Bid,"Oracle America, Inc.",Oracle,Database platform licensing and maintenance renewal,8/13/26,2/29/28,VRM200123,"$195,800","$442,400","$79,800",-,,N,Yes,0,"zz.Brennecke, Jana",Management Review,Invoice schedule under review,,-,New,RTB,BC5100023,BC5100023,ATR730032,,5/28/26,6/20/26,900000015,38393124,,"$718,000",7800000015,,Alex Morgan,BREF,680763,MarTech,C_Forecast,DIV_2636 - Teller,3/16/26,"zz.Luloff, Julie",AST0700014,,,,,,,,,"$46,500","$41,600","$38,300","$35,900","$33,500","$34,000","$34,300","$35,100","$35,400","$36,200","$35,900","$36,400","$36,700","$39,100","$40,000","$39,500","$39,800","$40,400","$39,400",-,-,-,-,-,-,-,-,-,-,-,-,-,-,-,-,-,-,-,-,-,-,-,-,-,-,-,-,-,-,-,-,-,-,-,-,-,-,-,-,-,-,-,-,-,-,-,-,-,-,-,-,-,-,-,-,-,-,-,-,-,-,-,-,-,-,-,-,-
100021,DATA,115,CTTOCIO,A8590820 - Other Outside Data Processing,Infosys Limited,Infosys,Managed application support services renewal,8/26/26,2/28/27,VRM200188,"$117,100","$39,100",-,-,VRM,Y,Yes,0,"Kollapally, Suraj",Finance Review,Legal review pending,0,,Renewal,RTB,BC5100055,BC5100101,ATR730072,,3/29/26,6/19/26,900000021,50407436,,"$156,200",7800000021,,Cameron Smith,TTMS,590889,1854,C_Forecast,DIV_1548 - Pmts Virt Sol Innov Platform Management,1/25/26,"zz.Brennecke, Jana",,,,,,,,,,"$28,300","$25,100","$22,900","$21,200","$19,600","$19,600","$19,500",-,-,-,-,-,-,-,-,-,-,-,-,-,-,-,-,-,-,-,-,-,-,-,-,-,-,-,-,-,-,-,-,-,-,-,-,-,-,-,-,-,-,-,-,-,-,-,-,-,-,-,-,-,-,-,-,-,-,-,-,-,-,-,-,-,-,-,-,-,-,-,-,-,-,-,-,-,-,-,-,-
100016,SW,122,CTADMIN,A8200045 - Software Maintenance,"ServiceNow, Inc.",ServiceNow,IT service management subscription,8/21/26,8/31/29,VRM200107,"$133,900","$297,800","$375,100","$302,300",,N,Yes,0,"zz.Brennecke, Jana",Analyst Review,Budget owner confirmed,,,Commited,CTB,BC5100029,BC5100112,ATR730020,,8/2/26,8/6/26,900000016,13455451,,"$1,109,100",7800000016,TFT,Taylor Brooks,QLTRCS,161965,4226,C_Forecast,DIV_2637 - Consumer Payments,6/16/26,"Kollapally, Suraj",,,,,,,,,,"$31,800","$28,500","$26,200","$24,500","$22,900","$23,100","$23,300","$23,800","$24,000","$24,400","$24,200","$24,400","$24,600","$26,200","$26,800","$26,400","$26,600","$27,100","$26,400","$29,500","$30,200","$29,400","$29,600","$30,200","$29,800","$34,100","$35,100","$36,600","$37,100","$36,900","$37,600","$37,500","$37,300","$37,400","$38,400","$38,400","$38,800",-,-,-,-,-,-,-,-,-,-,-,-,-,-,-,-,-,-,-,-,-,-,-,-,-,-,-,-,-,-,-,-,-,-,-,-,-,-,-,-,-,-,-,-,-,-,-,-,-,-,-
100017,SW,124,CTEDP,Fixed Assets (Peoplesoft) - SWL,"Amazon Web Services, Inc.",AWS,Cloud infrastructure and managed services renewal,8/9/26,8/31/31,VRM200131,"$70,500","$154,200","$196,000","$269,900",VRM status,Y,Yes,0,"zz.Ejiofor, Justina",LOB Review,Vendor onboarding completed,,-,Commited,CTB,BC5100089,BC5100041,ATR730003,,3/26/26,4/11/26,900000017,72457656,,"$1,546,900",7800000017,,Dana Williams,RADIA,6056,3596,C_Forecast,DIV_1550 - Branch Operations Enablement,4/7/26,"Matera, Jill",,,,,,,,,,"$16,800","$15,000","$13,800","$12,900","$12,000","$12,100","$12,200","$12,400","$12,400","$12,700","$12,500","$12,600","$12,700","$13,500","$13,800","$13,600","$13,700","$14,000","$13,600","$15,300","$15,700","$15,300","$15,400","$15,800","$15,600","$17,900","$18,500","$19,300","$19,600","$19,400","$19,900","$19,800","$19,600","$19,700","$20,200","$20,100","$20,300","$26,000","$27,300","$28,400","$29,200","$30,600","$30,400","$30,500","$30,600","$30,000","$29,700","$30,100","$30,100","$43,000","$45,000","$50,300","$50,900","$54,300","$52,800","$53,100","$52,800","$53,000","$53,000","$53,400","$52,700",-,-,-,-,-,-,-,-,-,-,-,-,-,-,-,-,-,-,-,-,-,-,-,-,-,-,-
100018,FB,117,CTHLT,A8501945 - Outsourcing Contract - Fixed Bid,Adobe Inc.,Adobe,Digital experience platform subscription,8/26/26,8/31/28,VRM200227,"$70,600","$152,200","$120,000",-,,N,Yes,0,"Tadas, Deepa P.",Analyst Review,Security assessment completed,,-,Renewal,RTB,BC5100041,BC5100041,ATR730047,,3/29/26,7/1/26,900000018,66745892,,"$342,800",7800000018,,Alex Morgan,HK,314858,2871,C_Forecast,DIV_2383 - Consumer Lending Technology Architecture,4/25/26,"K, Srikantesh",AST0700017,,,,,,,,,"$16,900","$15,000","$13,800","$12,900","$12,000","$12,000","$12,100","$12,300","$12,300","$12,500","$12,300","$12,400","$12,500","$13,300","$13,600","$13,400","$13,500","$13,800","$13,500","$15,100","$15,600","$15,200","$15,400","$15,800","$15,600",-,-,-,-,-,-,-,-,-,-,-,-,-,-,-,-,-,-,-,-,-,-,-,-,-,-,-,-,-,-,-,-,-,-,-,-,-,-,-,-,-,-,-,-,-,-,-,-,-,-,-,-,-,-,-,-,-,-,-,-,-,-,-
100028,SW,132,CTADMIN,Fixed Assets (Peoplesoft) - SWM,FIS Global,FIS,Banking platform software and services renewal,8/10/26,8/31/28,VRM200240,"$148,300","$308,200","$252,100",-,VRM status,Y,Yes,0,"K, Srikantesh",LOB Execution,Renewal documentation completed,0,,Renewal,RTB,BC5100039,BC5100039,ATR730008,,7/24/26,8/1/26,900000028,36923715,,"$708,600",7800000028,TFT,Avery Johnson,SAMP,7806,3383,C_Forecast,DIV_2842 - Digital Channel Technology,4/16/26,System,AST0700027,,,,,,,,,"$35,800","$31,800","$29,000","$26,900","$24,800","$24,800","$24,700","$25,000","$24,900","$25,200","$24,800","$25,000","$25,100","$26,700","$27,400","$27,100","$27,500","$28,200","$27,800","$31,500","$32,600","$32,100","$32,700","$33,700","$33,500",-,-,-,-,-,-,-,-,-,-,-,-,-,-,-,-,-,-,-,-,-,-,-,-,-,-,-,-,-,-,-,-,-,-,-,-,-,-,-,-,-,-,-,-,-,-,-,-,-,-,-,-,-,-,-,-,-,-,-,-,-,-,-
100019,SW,118,CTHLT,A8200050 - Software License,Deloitte Consulting LLP,Deloitte,Technology consulting services enterprise agreement,8/9/26,8/31/29,VRM200201,"$150,500","$320,400","$417,400","$340,900",,N,Yes,0,"zz.Ejiofor, Justina",Finance - Confirming,Security assessment completed,,-,New,RTB,BC5100024,BC5100024,ATR730060,,6/15/26,7/18/26,900000019,23444866,,"$1,229,200",7800000019,TFT,Casey Rivera,SAMP,8491,8463,C_Forecast,DIV_2383 - Consumer Lending Technology Architecture,1/13/26,"Eckman, Bradly T.",,,,,,,,,,"$36,100","$32,200","$29,400","$27,400","$25,400","$25,500","$25,600","$25,900","$25,900","$26,300","$25,900","$26,100","$26,200","$27,900","$28,500","$28,100","$28,500","$29,000","$28,500","$32,000","$33,000","$32,400","$32,800","$33,700","$33,500","$38,600","$39,900","$41,700","$42,300","$42,100","$42,900","$42,700","$42,200","$42,200","$43,100","$42,800","$42,900",-,-,-,-,-,-,-,-,-,-,-,-,-,-,-,-,-,-,-,-,-,-,-,-,-,-,-,-,-,-,-,-,-,-,-,-,-,-,-,-,-,-,-,-,-,-,-,-,-,-,-
100020,SW,116,CTMARTECH,Fixed Assets (Peoplesoft) - SWL,Verizon Business Network Services,Verizon,Enterprise telecommunications services enterprise agreement,8/29/26,8/31/32,VRM200101,"$490,600","$1,031,100","$1,364,900","$1,860,000",,N,Yes,,"zz.Luloff, Julie",LOB Review,Renewal documentation completed,0,-,Renewal,RTB,BC5100036,BC5100036,ATR730015,,3/3/26,7/31/26,900000020,64686422,,"$18,618,800",7800000020,TFT,Morgan Patel,AMT/ePIC,7093,2170,C_Forecast,DIV_2383 - Consumer Lending Technology Architecture,5/24/26,"Abiodun, Dare",AST0700019,,,,,,,,,"$118,200","$105,000","$95,900","$89,100","$82,400","$82,600","$82,600","$83,600","$83,500","$84,600","$83,100","$83,700","$84,100","$89,500","$91,500","$90,600","$91,700","$93,700","$92,200","$104,000","$107,600","$105,700","$107,400","$110,400","$109,900","$126,800","$131,000","$137,100","$139,100","$138,100","$140,700","$139,700","$137,900","$137,500","$140,200","$138,900","$139,100","$177,300","$184,600","$190,900","$195,100","$203,800","$201,900","$202,200","$202,900","$198,700","$197,500","$200,500","$201,700","$289,700","$305,600","$344,200","$350,900","$376,600","$369,200","$373,300","$372,800","$375,500","$376,500","$379,600","$374,800","$567,900","$589,300","$628,400","$654,600","$695,400","$705,700","$697,100","$692,900","$694,400","$676,400","$688,100","$684,100",-,-,-,-,-,-,-,-,-,-,-,-,-,-,-
100030,DEPR,139,CTEDP,Fixed Assets (Peoplesoft) - DEPR,Google LLC,Google Cloud,Cloud data and analytics services,8/17/26,2/29/28,VRM200243,"$107,600","$239,300","$42,900",-,,N,Yes,4933,"zz.Brennecke, Jana",LOB Review,Consolidated under enterprise agreement,0,,New,RTB,BC5100104,BC5100104,ATR730034,,12/26/25,3/13/26,900000030,75978964,,"$389,800",7800000030,TFT,Dana Williams,SFCOE,456616,7727,C_Forecast,DIV_2383 - Consumer Lending Technology Architecture,5/16/26,"zz.Luloff, Julie",AST0700029,,,,,,,,,"$25,600","$22,900","$21,000","$19,700","$18,400","$18,600","$18,700","$19,100","$19,300","$19,600","$19,400","$19,600","$19,800","$21,100","$21,500","$21,200","$21,400","$21,700","$21,200",-,-,-,-,-,-,-,-,-,-,-,-,-,-,-,-,-,-,-,-,-,-,-,-,-,-,-,-,-,-,-,-,-,-,-,-,-,-,-,-,-,-,-,-,-,-,-,-,-,-,-,-,-,-,-,-,-,-,-,-,-,-,-,-,-,-,-,-,-
100033,SW,112,CTEDP,Fixed Assets (Peoplesoft) - SWL,Snowflake Inc.,Snowflake,Cloud data platform subscription enterprise agreement,8/20/26,8/31/27,VRM200186,"$123,400","$170,000",-,-,,N,No,0,"zz.Brennecke, Jana",Cancelled,Security assessment completed,,,New,CTB,BC5100019,BC5100019,ATR730045,,2/21/26,5/26/26,900000033,93480267,,"$293,400",7800000033,TFT,Dana Williams,1DBI,179549,MarTech,C_Forecast,DIV_3188 - Marketing Technology Enablement,5/25/26,"Kollapally, Suraj",AST0700032,,,,,,,,,"$29,600","$26,400","$24,100","$22,500","$20,800","$20,900","$20,900","$21,200","$21,300","$21,600","$21,200","$21,400","$21,500",-,-,-,-,-,-,-,-,-,-,-,-,-,-,-,-,-,-,-,-,-,-,-,-,-,-,-,-,-,-,-,-,-,-,-,-,-,-,-,-,-,-,-,-,-,-,-,-,-,-,-,-,-,-,-,-,-,-,-,-,-,-,-,-,-,-,-,-,-,-,-,-,-,-,-
100022,SW,143,CTSB,A8200050 - Software License,"Cisco Systems, Inc.",Cisco,Network hardware maintenance and support,8/18/26,8/31/29,VRM200154,"$32,700","$73,800","$92,400","$73,800",,N,No,4933,"Eckman, Bradley T.",Execution Complete,Consolidated under enterprise agreement,0,,Commited,CTB,BC5100020,BC5100020,ATR730043,,2/27/26,6/20/26,900000022,82119135,,"$272,700",7800000022,TFT,Morgan Patel,WFIG,792201,4397,C_Forecast,DIV_2921 - Cloud Infrastructure Engineering,6/16/26,"K, Srikantesh",AST0700021,,,,,,,,,"$7,800","$6,900","$6,400","$6,000","$5,600","$5,700","$5,700","$5,900","$5,900","$6,000","$6,000","$6,100","$6,100","$6,500","$6,700","$6,600","$6,600","$6,700","$6,600","$7,300","$7,500","$7,300","$7,300","$7,400","$7,300","$8,400","$8,600","$8,900","$9,100","$9,000","$9,200","$9,100","$9,100","$9,100","$9,400","$9,400","$9,500",-,-,-,-,-,-,-,-,-,-,-,-,-,-,-,-,-,-,-,-,-,-,-,-,-,-,-,-,-,-,-,-,-,-,-,-,-,-,-,-,-,-,-,-,-,-,-,-,-,-,-
100023,T&M,132,CTTOCIO,A8501946 - Outsourcing Contract - Time & Materials,Tata Consultancy Services,TCS,Application maintenance and delivery services enterprise agreement,8/20/26,2/29/28,VRM200169,"$415,800","$925,400","$166,100",-,,N,Yes,,"zz.Ejiofor, Justina",Submitted to Sponsor,Invoice schedule under review,0,-,Commited,RTB,BC5100084,BC5100084,ATR730047,,6/5/26,7/18/26,900000023,72661983,,"$1,507,300",7800000023,,Priya Shah,CDP2C,252625,3460,C_Forecast,DIV_2637 - Consumer Payments,5/5/26,"zz.Luloff, Julie",,,,,,,,,,"$98,900","$88,400","$81,300","$76,200","$71,000","$71,800","$72,400","$73,900","$74,400","$75,900","$75,100","$75,900","$76,500","$81,400","$83,200","$82,100","$82,800","$84,000","$82,100",-,-,-,-,-,-,-,-,-,-,-,-,-,-,-,-,-,-,-,-,-,-,-,-,-,-,-,-,-,-,-,-,-,-,-,-,-,-,-,-,-,-,-,-,-,-,-,-,-,-,-,-,-,-,-,-,-,-,-,-,-,-,-,-,-,-,-,-,-
100024,SW,142,CTPLATFORM,Fixed Assets (Peoplesoft) - SWL,"Datadog, Inc.",Datadog,Cloud monitoring and observability subscription renewal,8/24/26,8/31/33,VRM200129,"$112,100","$245,700","$311,900","$430,100",,N,Yes,,"Tadas, Deepa P.",LOB Review,Consolidated under enterprise agreement,0,-,Commited,CTB,BC5100094,BC5100044,ATR730041,,2/8/26,3/26/26,900000024,10556170,,"$8,987,500",7800000024,,Jamie Chen,1CR5,810616,MarTech,C_Forecast,DIV_2636 - Teller,4/13/26,"K, Srikantesh",AST0700023,,,,,,,,,"$26,700","$23,900","$21,900","$20,500","$19,100","$19,300","$19,400","$19,700","$19,800","$20,200","$19,900","$20,100","$20,200","$21,500","$22,000","$21,700","$21,900","$22,200","$21,700","$24,300","$25,000","$24,400","$24,600","$25,100","$24,800","$28,500","$29,400","$30,700","$31,200","$31,000","$31,600","$31,500","$31,300","$31,400","$32,200","$32,100","$32,300","$41,500","$43,500","$45,200","$46,500","$48,700","$48,400","$48,600","$48,800","$47,800","$47,400","$47,900","$48,000","$68,500","$71,700","$80,200","$81,200","$86,500","$84,200","$84,600","$84,100","$84,400","$84,400","$85,000","$84,000","$127,600","$132,800","$142,200","$148,900","$159,200","$162,500","$161,600","$161,700","$163,100","$159,900","$163,600","$163,300","$279,900","$294,700","$304,500","$330,300","$444,000","$438,800","$438,000","$434,300","$428,600","$429,200","$427,500","$427,100",-,-,-
100035,SAAS,143,CTCCPTPYMTS,Fixed Assets (Peoplesoft) - SAAS,Google LLC,Google Cloud,Cloud data and analytics services enterprise agreement,8/26/26,2/28/27,VRM200214,"$780,000","$260,500",-,-,,N,Yes,0,"zz.Luloff, Julie",Finance - Managing,Consolidated under enterprise agreement,,,Renewal,RTB,BC5100119,BC5100109,ATR730019,Web Server,5/28/26,7/23/26,900000035,20721778,,"$1,040,500",7800000035,,Reese Martin,SFCOE,4943,2576,C_Forecast,DIV_1550 - Branch Operations Enablement,4/3/26,"Matera, Jill",AST0700034,,,,,,,,,"$188,600","$167,300","$152,400","$141,300","$130,400","$130,400","$130,100",-,-,-,-,-,-,-,-,-,-,-,-,-,-,-,-,-,-,-,-,-,-,-,-,-,-,-,-,-,-,-,-,-,-,-,-,-,-,-,-,-,-,-,-,-,-,-,-,-,-,-,-,-,-,-,-,-,-,-,-,-,-,-,-,-,-,-,-,-,-,-,-,-,-,-,-,-,-,-,-,-
100025,SAAS,127,CTMARTECH,Fixed Assets (Peoplesoft) - SAAS,"Amazon Web Services, Inc.",AWS,Cloud infrastructure and managed services renewal,8/20/26,8/31/30,VRM200154,"$68,400","$147,400","$189,500","$261,000",,N,Yes,,"zz.Ejiofor, Justina",LOB Review,Legal review pending,,-,New,CTB,BC5100100,BC5100100,ATR730032,,7/31/26,8/20/26,900000025,28535918,,"$897,100",7800000025,,Priya Shah,SBLO,9429,1391,C_Forecast,DIV_2714 - Enterprise Data Platforms,4/17/26,"Matera, Jill",AST0700024,,,,,,,,,"$16,300","$14,600","$13,400","$12,500","$11,600","$11,700","$11,700","$11,900","$11,900","$12,100","$11,900","$12,000","$12,100","$12,900","$13,100","$13,000","$13,100","$13,300","$13,100","$14,700","$15,100","$14,700","$14,900","$15,300","$15,100","$17,400","$18,000","$18,800","$19,100","$19,000","$19,400","$19,300","$19,100","$19,100","$19,600","$19,500","$19,600","$25,100","$26,200","$27,200","$27,900","$29,200","$29,000","$29,100","$29,200","$28,600","$28,300","$28,700","$28,700",-,-,-,-,-,-,-,-,-,-,-,-,-,-,-,-,-,-,-,-,-,-,-,-,-,-,-,-,-,-,-,-,-,-,-,-,-,-,-
100026,FB,118,CTDLR,A8501947 - Consulting Services - Fixed Bid,IBM Corporation,IBM,Mainframe software and technical support,8/31/26,8/31/30,VRM200150,"$439,000","$933,900","$1,216,900","$1,670,300",,N,Yes,0,"Tadas, Deepa P.",Finance Review,Security assessment completed,0,,Commited,RTB,BC5100048,BC5100048,ATR730044,,4/24/26,6/18/26,900000026,24226673,,"$5,719,300",7800000026,,Dana Williams,NAHAS,8117,6268,C_Forecast,DIV_2383 - Consumer Lending Technology Architecture,6/9/26,"Tadas, Deepa P.",AST0700025,,,,,,,,,"$105,300","$93,800","$85,800","$80,000","$74,100","$74,400","$74,500","$75,600","$75,600","$76,700","$75,500","$76,100","$76,400","$81,200","$83,000","$82,000","$82,900","$84,600","$83,000","$93,400","$96,300","$94,400","$95,700","$98,200","$97,600","$112,500","$116,200","$121,600","$123,400","$122,700","$125,100","$124,400","$123,000","$122,900","$125,600","$124,800","$125,200","$159,900","$166,900","$172,900","$176,900","$184,900","$183,400","$183,700","$184,300","$180,300","$179,000","$181,500","$182,100",-,-,-,-,-,-,-,-,-,-,-,-,-,-,-,-,-,-,-,-,-,-,-,-,-,-,-,-,-,-,-,-,-,-,-,-,-,-,-
100027,SAAS,115,CTMARTECH,A8201904 - Software as a Service,Snowflake Inc.,Snowflake,Cloud data platform subscription renewal,8/10/26,8/31/31,VRM200198,"$370,000","$777,500","$1,029,300","$1,402,800",,N,Yes,0,"K, Srikantesh",Finance Review,Invoice schedule under review,0,,New,CTB,BC5100034,BC5100049,ATR730057,,12/24/25,12/26/25,900000027,85122507,,"$8,026,900",7800000027,TFT,Priya Shah,TTMS,5721,3974,C_Forecast,DIV_2637 - Consumer Payments,2/19/26,"Agarwal, Ushika",,,,,,,,,,"$89,100","$79,200","$72,300","$67,200","$62,200","$62,300","$62,300","$63,000","$62,900","$63,800","$62,700","$63,100","$63,400","$67,500","$69,000","$68,300","$69,200","$70,700","$69,600","$78,400","$81,100","$79,700","$81,000","$83,200","$82,900","$95,600","$98,800","$103,400","$104,900","$104,200","$106,100","$105,400","$104,000","$103,700","$105,700","$104,800","$104,900","$133,700","$139,200","$144,000","$147,100","$153,600","$152,200","$152,500","$153,000","$149,800","$149,000","$151,200","$152,100","$218,400","$230,400","$259,600","$264,600","$284,000","$278,400","$281,500","$281,100","$283,200","$283,900","$286,200","$282,600",-,-,-,-,-,-,-,-,-,-,-,-,-,-,-,-,-,-,-,-,-,-,-,-,-,-,-
100040,DEPR,125,CTTOCIO,Fixed Assets (Peoplesoft) - DEPR,AT&T Corp.,AT&T,Network and telecommunications services enterprise agreement,8/13/26,8/31/27,VRM200192,"$81,000","$111,700",-,-,,N,Yes,0,"zz.Brennecke, Jana",LOB Review,No action required,0,,Renewal,CTB,BC5100056,BC5100056,ATR730065,,4/28/26,5/9/26,900000040,99857616,,"$192,700",7800000040,TFT,Casey Rivera,CCS,2629,8393,C_Forecast,DIV_2714 - Enterprise Data Platforms,2/6/26,"Agarwal, Ushika",,,,,,,,,,"$19,400","$17,300","$15,800","$14,800","$13,700","$13,700","$13,800","$14,000","$14,000","$14,200","$13,900","$14,000","$14,100",-,-,-,-,-,-,-,-,-,-,-,-,-,-,-,-,-,-,-,-,-,-,-,-,-,-,-,-,-,-,-,-,-,-,-,-,-,-,-,-,-,-,-,-,-,-,-,-,-,-,-,-,-,-,-,-,-,-,-,-,-,-,-,-,-,-,-,-,-,-,-,-,-,-,-
100029,SAAS,137,CTCPR,Fixed Assets (Peoplesoft) - SAAS,"Salesforce, Inc.",Salesforce,Customer relationship management platform enterprise agreement,8/25/26,8/31/30,VRM200118,"$192,500","$435,200","$544,800","$744,200",,N,Yes,0,"Eckman, Bradley T.",LOB Execution,Legal review pending,,,Commited,RTB,BC5100069,BC5100069,ATR730055,,6/20/26,7/31/26,900000029,86791660,,"$2,604,600",7800000029,TFT,Casey Rivera,CFMS,7600,9938,C_Forecast,DIV_2842 - Digital Channel Technology,2/18/26,"zz.Luloff, Julie",AST0700028,,,,,,,,,"$45,700","$40,900","$37,600","$35,300","$33,000","$33,400","$33,800","$34,500","$34,800","$35,600","$35,300","$35,800","$36,100","$38,500","$39,400","$38,800","$39,200","$39,700","$38,800","$43,300","$44,200","$42,900","$43,100","$43,800","$43,100","$49,300","$50,600","$52,700","$53,300","$52,900","$54,000","$53,900","$53,500","$53,700","$55,300","$55,400","$56,000","$72,200","$76,000","$79,400","$81,900","$86,200","$86,000","$86,600","$87,200","$85,500","$84,800","$85,800","$85,800",-,-,-,-,-,-,-,-,-,-,-,-,-,-,-,-,-,-,-,-,-,-,-,-,-,-,-,-,-,-,-,-,-,-,-,-,-,-,-
100031,SW,114,CTSB,A8200045 - Software Maintenance,FIS Global,FIS,Banking platform software and services renewal,8/30/26,8/31/29,VRM200244,"$302,900","$663,500","$842,700","$684,400",beeline#,Y,Yes,0,"Kollapally, Suraj",Submitted to Sponsor,Migration dependency tracked,,-,Commited,CTB,BC5100055,BC5100055,ATR730075,Web Server,2/12/26,7/2/26,900000031,83127555,,"$2,493,500",7800000031,TFT,Avery Johnson,CORE,639307,2041,C_Forecast,DIV_2921 - Cloud Infrastructure Engineering,4/21/26,System,,,,,,,,,,"$72,200","$64,500","$59,200","$55,400","$51,600","$52,000","$52,300","$53,300","$53,500","$54,500","$53,800","$54,300","$54,600","$58,100","$59,400","$58,600","$59,100","$60,000","$58,700","$65,700","$67,500","$65,800","$66,400","$67,800","$67,100","$77,100","$79,400","$83,000","$84,200","$83,700","$85,400","$85,200","$84,500","$84,700","$86,900","$86,700","$87,300",-,-,-,-,-,-,-,-,-,-,-,-,-,-,-,-,-,-,-,-,-,-,-,-,-,-,-,-,-,-,-,-,-,-,-,-,-,-,-,-,-,-,-,-,-,-,-,-,-,-,-
100032,DEPR,126,CTTOCIO,Fixed Assets (Peoplesoft) - DEPR,Google LLC,Google Cloud,Cloud data and analytics services enterprise agreement,8/15/26,8/31/29,VRM200156,"$112,000","$241,700","$310,600","$253,200",,N,Yes,,"zz.Ejiofor, Justina",New,Migration dependency tracked,,,Commited,CTB,BC5100116,BC5100047,ATR730077,,1/12/26,7/22/26,900000032,35602228,,"$917,500",7800000032,TFT,Morgan Patel,QLTRCS,540979,6677,C_Forecast,DIV_3055 - Cybersecurity Platform Services,3/17/26,System,AST0700031,,,,,,,,,"$26,800","$23,900","$21,900","$20,400","$19,000","$19,100","$19,200","$19,500","$19,500","$19,900","$19,600","$19,700","$19,800","$21,100","$21,500","$21,300","$21,500","$21,900","$21,400","$24,000","$24,700","$24,200","$24,400","$25,000","$24,800","$28,600","$29,500","$30,800","$31,300","$31,100","$31,700","$31,600","$31,300","$31,300","$32,100","$32,000","$32,100",-,-,-,-,-,-,-,-,-,-,-,-,-,-,-,-,-,-,-,-,-,-,-,-,-,-,-,-,-,-,-,-,-,-,-,-,-,-,-,-,-,-,-,-,-,-,-,-,-,-,-
100139,SAAS,125,CTDLR,Fixed Assets (Peoplesoft) - SAAS,AT&T Corp.,AT&T,Network and telecommunications services renewal,8/16/26,8/31/27,VRM200215,"$87,000","$118,600",-,-,,N,No,0,"zz.Brennecke, Jana",Execution Complete,Security assessment completed,,-,Commited,CTB,BC5100031,BC5100031,ATR730007,,3/7/26,6/13/26,900000139,24292245,,"$205,600",7800000139,TFT,Jordan Lee,CCS,9941,910,C_Forecast,DIV_1548 - Pmts Virt Sol Innov Platform Management,2/24/26,"Tadas, Deepa P.",AST0700138,,,,,,,,,"$21,000","$18,600","$17,000","$15,800","$14,600","$14,700","$14,700","$14,800","$14,800","$15,000","$14,800","$14,900","$14,900",-,-,-,-,-,-,-,-,-,-,-,-,-,-,-,-,-,-,-,-,-,-,-,-,-,-,-,-,-,-,-,-,-,-,-,-,-,-,-,-,-,-,-,-,-,-,-,-,-,-,-,-,-,-,-,-,-,-,-,-,-,-,-,-,-,-,-,-,-,-,-,-,-,-,-
100034,DATA,118,CTCPR,A8590820 - Other Outside Data Processing,AT&T Corp.,AT&T,Network and telecommunications services,8/10/26,8/31/30,VRM200143,"$75,700","$159,000","$210,700","$287,100",,N,Yes,0,"zz.Ejiofor, Justina",Management Review,Includes affiliate services,,,Commited,CTB,BC5100082,BC5100103,ATR730017,,5/15/26,7/25/26,900000034,42776921,,"$980,800",7800000034,,Riley Kim,CCS,448155,1656,C_Forecast,DIV_2921 - Cloud Infrastructure Engineering,7/28/26,"Agarwal, Ushika",AST0700033,,,,,,,,,"$18,200","$16,200","$14,800","$13,800","$12,700","$12,700","$12,700","$12,900","$12,900","$13,000","$12,800","$12,900","$13,000","$13,800","$14,100","$14,000","$14,200","$14,500","$14,200","$16,000","$16,600","$16,300","$16,600","$17,000","$17,000","$19,600","$20,200","$21,200","$21,500","$21,300","$21,700","$21,600","$21,300","$21,200","$21,600","$21,400","$21,500","$27,400","$28,500","$29,500","$30,100","$31,400","$31,200","$31,200","$31,300","$30,700","$30,500","$30,900","$31,100",-,-,-,-,-,-,-,-,-,-,-,-,-,-,-,-,-,-,-,-,-,-,-,-,-,-,-,-,-,-,-,-,-,-,-,-,-,-,-
100036,DEPR,142,CTEDP,Fixed Assets (Peoplesoft) - DEPR,"Fiserv, Inc.",Fiserv,Payments processing software and support,8/10/26,8/31/30,VRM200124,"$50,100","$113,400","$142,000","$193,800",VRM status,Y,Yes,0,"zz.Luloff, Julie",Submitted to Sponsor,Includes affiliate services,0,-,Commited,RTB,BC5100115,BC5100115,ATR730035,,4/25/26,6/17/26,900000036,36520612,,"$678,600",7800000036,,Avery Johnson,HK,294007,5447,C_Forecast,DIV_1307 - Pmts Virt Sol Innov and Cons Bkg Tech Admin,3/20/26,"Abiodun, Dare",AST0700035,,,,,,,,,"$11,900","$10,600","$9,800","$9,200","$8,600","$8,700","$8,800","$9,000","$9,100","$9,300","$9,200","$9,300","$9,400","$10,000","$10,300","$10,100","$10,200","$10,400","$10,100","$11,300","$11,500","$11,200","$11,200","$11,400","$11,200","$12,900","$13,200","$13,700","$13,900","$13,800","$14,100","$14,000","$13,900","$14,000","$14,400","$14,400","$14,600","$18,800","$19,800","$20,700","$21,300","$22,500","$22,400","$22,600","$22,700","$22,300","$22,100","$22,400","$22,300",-,-,-,-,-,-,-,-,-,-,-,-,-,-,-,-,-,-,-,-,-,-,-,-,-,-,-,-,-,-,-,-,-,-,-,-,-,-,-
100037,T&M,141,CTMARTECH,A8501946 - Outsourcing Contract - Time & Materials,Google LLC,Google Cloud,Cloud data and analytics services enterprise agreement,8/24/26,8/31/28,VRM200199,"$327,700","$729,300","$568,400",-,,N,Yes,0,"zz.Ejiofor, Justina",Submitted to Sponsor,Migration dependency tracked,,-,Renewal,RTB,BC5100003,BC5100003,ATR730079,,4/4/26,6/29/26,900000037,91718098,,"$1,625,400",7800000037,TFT,Priya Shah,GLDMN,3148,661,C_Forecast,DIV_1307 - Pmts Virt Sol Innov and Cons Bkg Tech Admin,5/27/26,"Tadas, Deepa P.",AST0700036,,,,,,,,,"$77,900","$69,700","$64,100","$60,000","$56,000","$56,600","$57,100","$58,300","$58,600","$59,800","$59,100","$59,800","$60,300","$64,200","$65,600","$64,700","$65,200","$66,200","$64,700","$72,300","$74,000","$72,000","$72,500","$73,800","$72,900",-,-,-,-,-,-,-,-,-,-,-,-,-,-,-,-,-,-,-,-,-,-,-,-,-,-,-,-,-,-,-,-,-,-,-,-,-,-,-,-,-,-,-,-,-,-,-,-,-,-,-,-,-,-,-,-,-,-,-,-,-,-,-
100163,DEPR,137,CTMARTECH,Fixed Assets (Peoplesoft) - DEPR,Google LLC,Google Cloud,Cloud data and analytics services renewal,8/10/26,8/31/28,VRM200157,"$368,000","$819,300","$638,300",-,,N,No,0,"S, Rajashekar",Execution Complete,Vendor onboarding completed,,,Commited,CTB,BC5100118,BC5100118,ATR730071,,1/22/26,8/8/26,900000163,79785255,,"$1,825,600",7800000163,,Cameron Smith,ATMP,PO SR Required,9257,C_Forecast,DIV_2636 - Teller,4/16/26,"Tadas, Deepa P.",AST0700162,,,,,,,,,"$87,500","$78,200","$72,000","$67,400","$62,900","$63,600","$64,100","$65,400","$65,900","$67,200","$66,400","$67,200","$67,700","$72,100","$73,700","$72,700","$73,300","$74,400","$72,600","$81,100","$83,100","$80,900","$81,400","$82,900","$81,900",-,-,-,-,-,-,-,-,-,-,-,-,-,-,-,-,-,-,-,-,-,-,-,-,-,-,-,-,-,-,-,-,-,-,-,-,-,-,-,-,-,-,-,-,-,-,-,-,-,-,-,-,-,-,-,-,-,-,-,-,-,-,-
100038,FB,121,CTADMIN,A8501945 - Outsourcing Contract - Fixed Bid,Broadcom Inc.,Broadcom,Infrastructure software maintenance renewal,8/31/26,8/31/28,VRM200247,"$487,000","$1,067,300","$834,600",-,,N,No,0,"zz.Luloff, Julie",Execution Complete,Pricing validation in progress,,,Renewal,RTB,BC5100035,BC5100035,ATR730033,,5/22/26,8/14/26,900000038,24226673,,"$2,388,900",7800000038,TFT,Cameron Smith,SFCOE,237357,8955,C_Forecast,"DIV_1211 - Deposits, Operations and Debit Card Tech",2/20/26,"zz.Brennecke, Jana",AST0700037,,,,,,,,,"$116,100","$103,700","$95,200","$89,100","$82,900","$83,700","$84,200","$85,700","$86,100","$87,700","$86,500","$87,300","$87,900","$93,500","$95,500","$94,200","$95,000","$96,600","$94,400","$105,700","$108,500","$105,800","$106,700","$109,000","$107,900",-,-,-,-,-,-,-,-,-,-,-,-,-,-,-,-,-,-,-,-,-,-,-,-,-,-,-,-,-,-,-,-,-,-,-,-,-,-,-,-,-,-,-,-,-,-,-,-,-,-,-,-,-,-,-,-,-,-,-,-,-,-,-
100039,SW,117,CTEDP,A8200045 - Software Maintenance,"ServiceNow, Inc.",ServiceNow,IT service management subscription renewal,8/21/26,8/31/32,VRM200125,"$175,500","$379,000","$486,600","$670,800",,N,No,,"Tadas, Deepa P.",Execution Complete,Pricing validation in progress,,-,Renewal,CTB,BC5100027,BC5100027,ATR730062,,7/27/26,7/29/26,900000039,52036181,,"$6,711,300",7800000039,,Priya Shah,Goldmine (WFF) GLDMN,3284,3110,C_Forecast,DIV_2714 - Enterprise Data Platforms,6/19/26,"Eckman, Bradly T.",,,,,,,,,,"$42,000","$37,400","$34,300","$32,000","$29,800","$30,000","$30,100","$30,600","$30,600","$31,100","$30,700","$30,900","$31,100","$33,100","$33,800","$33,300","$33,700","$34,200","$33,500","$37,600","$38,700","$37,900","$38,300","$39,200","$38,900","$44,800","$46,200","$48,300","$49,000","$48,800","$49,800","$49,600","$49,100","$49,100","$50,300","$50,100","$50,400","$64,500","$67,400","$70,000","$71,700","$75,100","$74,600","$74,800","$75,000","$73,400","$72,800","$73,700","$73,800","$105,600","$110,800","$124,200","$126,000","$134,600","$131,400","$132,400","$131,800","$132,500","$132,700","$133,800","$132,200","$200,700","$208,800","$223,300","$233,500","$249,100","$253,900","$251,900","$251,600","$253,200","$247,600","$252,700","$251,900",-,-,-,-,-,-,-,-,-,-,-,-,-,-,-
100078,SAAS,131,CTADMIN,Fixed Assets (Peoplesoft) - SAAS,Snowflake Inc.,Snowflake,Cloud data platform subscription renewal,8/28/26,8/31/30,VRM200191,"$302,200","$683,300","$855,600","$1,168,200",,N,Yes,0,"zz.Ejiofor, Justina",LOB Review,Includes affiliate services,,-,Renewal,RTB,BC5100052,BC5100052,ATR730054,,6/19/26,7/26/26,900000078,29829067,,"$4,089,500",7800000078,TFT,Morgan Patel,SBLO,5849,2287,C_Forecast,DIV_2383 - Consumer Lending Technology Architecture,2/8/26,"Matera, Jill",,,,,,,,,,"$71,700","$64,200","$59,100","$55,400","$51,800","$52,500","$53,000","$54,200","$54,700","$55,900","$55,400","$56,200","$56,700","$60,400","$61,800","$61,000","$61,500","$62,400","$60,900","$67,900","$69,400","$67,400","$67,700","$68,800","$67,700","$77,400","$79,500","$82,800","$83,700","$83,100","$84,800","$84,600","$84,000","$84,400","$86,800","$86,900","$87,900","$113,300","$119,300","$124,600","$128,500","$135,400","$135,100","$136,000","$136,900","$134,200","$133,200","$134,700","$134,700",-,-,-,-,-,-,-,-,-,-,-,-,-,-,-,-,-,-,-,-,-,-,-,-,-,-,-,-,-,-,-,-,-,-,-,-,-,-,-
100225,FB,129,CTDLR,A8501945 - Outsourcing Contract - Fixed Bid,Infosys Limited,Infosys,Managed application support services renewal,8/27/26,2/28/27,VRM200103,"$92,000","$32,100",-,-,,N,Yes,,"Eckman, Bradley T.",Analyst Review,No action required,,,Commited,RTB,BC5100062,BC5100063,ATR730049,,7/19/26,8/14/26,900000225,22603137,,"$124,100",7800000225,,Dana Williams,PWDW,2493,6518,C_Forecast,DIV_1548 - Pmts Virt Sol Innov Platform Management,1/16/26,"Agarwal, Ushika",AST0700224,,,,,,,,,"$21,800","$19,500","$18,000","$16,900","$15,800","$16,000","$16,100",-,-,-,-,-,-,-,-,-,-,-,-,-,-,-,-,-,-,-,-,-,-,-,-,-,-,-,-,-,-,-,-,-,-,-,-,-,-,-,-,-,-,-,-,-,-,-,-,-,-,-,-,-,-,-,-,-,-,-,-,-,-,-,-,-,-,-,-,-,-,-,-,-,-,-,-,-,-,-,-,-
100041,T&M,115,CTDLR,A8501906 - Outsourcing/Technical Contract,Microsoft Corporation,Microsoft,Enterprise software subscriptions and support,8/28/26,8/31/29,VRM200165,"$343,400","$721,500","$954,900","$778,000",,N,No,,"K, Srikantesh",Execution Complete,Migration dependency tracked,,-,New,RTB,BC5100022,BC5100022,ATR730046,,6/15/26,8/7/26,900000041,82737444,,"$2,797,800",7800000041,,Taylor Brooks,SFCOE,7889,MarTech,C_Forecast,DIV_3055 - Cybersecurity Platform Services,6/15/26,"Tadas, Deepa P.",,,,,,,,,,"$82,700","$73,500","$67,100","$62,400","$57,700","$57,800","$57,800","$58,500","$58,400","$59,200","$58,100","$58,600","$58,900","$62,600","$64,000","$63,400","$64,200","$65,600","$64,500","$72,800","$75,300","$73,900","$75,100","$77,200","$76,900","$88,700","$91,700","$95,900","$97,300","$96,600","$98,400","$97,700","$96,500","$96,200","$98,100","$97,200","$97,300",-,-,-,-,-,-,-,-,-,-,-,-,-,-,-,-,-,-,-,-,-,-,-,-,-,-,-,-,-,-,-,-,-,-,-,-,-,-,-,-,-,-,-,-,-,-,-,-,-,-,-
100079,SW,120,CTCCPTPYMTS,A8200045 - Software Maintenance,Accenture LLP,Accenture,Application development and consulting services enterprise agreement,8/10/26,8/31/31,VRM200161,"$134,400","$298,900","$376,700","$517,400",type/start,Y,Yes,,"K, Srikantesh",Finance - Confirming,Pending final statement of work,,,Commited,RTB,BC5100110,BC5100057,ATR730019,,5/27/26,7/25/26,900000079,20721778,,"$2,979,000",7800000079,,Reese Martin,NAHAS,3519,2642,C_Forecast,DIV_2921 - Cloud Infrastructure Engineering,8/5/26,"zz.Brennecke, Jana",AST0700078,,,,,,,,,"$31,900","$28,600","$26,300","$24,600","$23,000","$23,200","$23,400","$23,900","$24,000","$24,500","$24,300","$24,500","$24,700","$26,300","$26,900","$26,500","$26,700","$27,200","$26,500","$29,600","$30,400","$29,500","$29,700","$30,300","$29,900","$34,300","$35,200","$36,800","$37,300","$37,000","$37,800","$37,700","$37,400","$37,500","$38,600","$38,600","$38,900","$50,100","$52,600","$54,800","$56,400","$59,300","$59,100","$59,400","$59,700","$58,400","$58,000","$58,600","$58,600","$83,600","$87,400","$97,500","$98,500","$104,600","$101,600","$101,900","$101,000","$101,200","$101,100","$101,700","$100,400",-,-,-,-,-,-,-,-,-,-,-,-,-,-,-,-,-,-,-,-,-,-,-,-,-,-,-
100081,SW,123,CTARCHENG,Fixed Assets (Peoplesoft) - SWL,"Oracle America, Inc.",Oracle,Database platform licensing and maintenance renewal,8/17/26,8/31/31,VRM200195,"$428,200","$924,300","$1,187,300","$1,635,900",,N,Yes,,"K, Srikantesh",Finance - Managing,Pricing validation in progress,,,Commited,RTB,BC5100052,BC5100052,ATR730029,,4/12/26,4/29/26,900000081,24292245,,"$9,348,600",7800000081,TFT,Jamie Chen,SMT#2144,8899,MarTech,C_Forecast,DIV_2921 - Cloud Infrastructure Engineering,1/16/26,"Tadas, Deepa P.",AST0700080,,,,,,,,,"$102,400","$91,300","$83,700","$78,200","$72,600","$73,100","$73,400","$74,600","$74,700","$75,900","$74,800","$75,500","$75,900","$80,600","$82,400","$81,300","$82,100","$83,500","$81,800","$91,800","$94,500","$92,400","$93,400","$95,700","$94,900","$109,200","$112,700","$117,800","$119,600","$118,900","$121,400","$120,900","$119,700","$119,800","$122,700","$122,200","$122,800","$157,300","$164,500","$170,700","$175,000","$183,200","$181,800","$182,300","$182,900","$178,900","$177,500","$179,700","$180,100","$257,500","$270,300","$303,000","$307,300","$328,300","$320,400","$322,800","$321,400","$323,100","$323,600","$326,300","$322,500",-,-,-,-,-,-,-,-,-,-,-,-,-,-,-,-,-,-,-,-,-,-,-,-,-,-,-
100251,DEPR,140,CTARCHENG,Fixed Assets (Peoplesoft) - DEPR,Broadcom Inc.,Broadcom,Infrastructure software maintenance enterprise agreement,8/9/26,8/31/27,VRM200221,"$70,200","$95,700",-,-,type/start,Y,Yes,,"K, Srikantesh",Submitted to Sponsor,Legal review pending,,,Commited,RTB,BC5100067,BC5100067,ATR730074,,2/4/26,2/9/26,900000251,40873865,,"$165,900",7800000251,,Morgan Patel,Goldmine (WFF) GLDMN,278575,1041,C_Forecast,DIV_2637 - Consumer Payments,2/17/26,"zz.Brennecke, Jana",,,,,,,,,,"$16,900","$15,000","$13,700","$12,800","$11,800","$11,800","$11,800","$12,000","$12,000","$12,100","$11,900","$12,000","$12,100",-,-,-,-,-,-,-,-,-,-,-,-,-,-,-,-,-,-,-,-,-,-,-,-,-,-,-,-,-,-,-,-,-,-,-,-,-,-,-,-,-,-,-,-,-,-,-,-,-,-,-,-,-,-,-,-,-,-,-,-,-,-,-,-,-,-,-,-,-,-,-,-,-,-,-
100042,T&M,136,CTADMIN,A8501946 - Outsourcing Contract - Time & Materials,"Datadog, Inc.",Datadog,Cloud monitoring and observability subscription renewal,8/9/26,8/31/29,VRM200178,"$227,900","$473,900","$638,500","$517,300",,N,Yes,,"Tadas, Deepa P.",New,Consolidated under enterprise agreement,,,Commited,CTB,BC5100028,BC5100028,ATR730038,,6/30/26,7/24/26,900000042,93480267,,"$1,857,600",7800000042,,Morgan Patel,BDCMS,667447,6552,C_Forecast,DIV_1307 - Pmts Virt Sol Innov and Cons Bkg Tech Admin,5/11/26,"Tadas, Deepa P.",,,,,,,,,,"$55,100","$48,900","$44,500","$41,300","$38,100","$38,100","$38,000","$38,400","$38,300","$38,800","$38,100","$38,400","$38,600","$41,100","$42,100","$41,700","$42,300","$43,400","$42,800","$48,400","$50,200","$49,400","$50,300","$51,800","$51,600","$59,500","$61,500","$64,400","$65,200","$64,700","$65,800","$65,200","$64,200","$63,900","$65,000","$64,300","$64,200",-,-,-,-,-,-,-,-,-,-,-,-,-,-,-,-,-,-,-,-,-,-,-,-,-,-,-,-,-,-,-,-,-,-,-,-,-,-,-,-,-,-,-,-,-,-,-,-,-,-,-
100082,SAAS,113,CTDLR,A8201904 - Software as a Service,"Datadog, Inc.",Datadog,Cloud monitoring and observability subscription enterprise agreement,8/20/26,8/31/32,VRM200190,"$71,200","$151,900","$197,700","$271,300",,N,Yes,,"S, Rajashekar",Analyst Review,Consolidated under enterprise agreement,0,,Renewal,RTB,BC5100028,BC5100028,ATR730053,,3/19/26,5/14/26,900000082,29755521,,"$2,713,700",7800000082,,Alex Morgan,QLTRCS,PO SR Required,1056,C_Forecast,DIV_1307 - Pmts Virt Sol Innov and Cons Bkg Tech Admin,4/7/26,"Agarwal, Ushika",AST0700081,,,,,,,,,"$17,100","$15,200","$13,900","$13,000","$12,000","$12,100","$12,100","$12,300","$12,300","$12,500","$12,300","$12,400","$12,400","$13,200","$13,500","$13,300","$13,500","$13,700","$13,500","$15,200","$15,600","$15,300","$15,500","$16,000","$15,900","$18,300","$18,900","$19,800","$20,000","$19,900","$20,300","$20,200","$20,000","$20,000","$20,400","$20,300","$20,300","$26,000","$27,100","$28,100","$28,700","$30,000","$29,800","$29,800","$29,900","$29,300","$29,100","$29,500","$29,600","$42,400","$44,600","$50,100","$51,000","$54,600","$53,400","$53,900","$53,800","$54,100","$54,200","$54,700","$54,000","$82,000","$85,200","$91,000","$95,000","$101,100","$102,900","$101,800","$101,400","$101,900","$99,400","$101,300","$100,800",-,-,-,-,-,-,-,-,-,-,-,-,-,-,-
100297,DEPR,111,CTADMIN,Fixed Assets (Peoplesoft) - DEPR,Broadcom Inc.,Broadcom,Infrastructure software maintenance renewal,8/10/26,8/31/27,VRM200117,"$39,400","$55,900",-,-,,N,Yes,0,"zz.Brennecke, Jana",LOB Review,Migration dependency tracked,,,New,CTB,BC5100013,BC5100099,ATR730061,,2/3/26,6/15/26,900000297,36298788,,"$95,300",7800000297,,Alex Morgan,SMT#2452 & SR#SR1994083716,138967,671,C_Forecast,"DIV_1211 - Deposits, Operations and Debit Card Tech",5/7/26,"zz.Luloff, Julie",AST0700296,,,,,,,,,"$9,400","$8,400","$7,700","$7,200","$6,700","$6,800","$6,800","$7,000","$7,000","$7,100","$7,000","$7,100","$7,100",-,-,-,-,-,-,-,-,-,-,-,-,-,-,-,-,-,-,-,-,-,-,-,-,-,-,-,-,-,-,-,-,-,-,-,-,-,-,-,-,-,-,-,-,-,-,-,-,-,-,-,-,-,-,-,-,-,-,-,-,-,-,-,-,-,-,-,-,-,-,-,-,-,-,-
100346,SAAS,115,CTMARTECH,Fixed Assets (Peoplesoft) - SAAS,"Salesforce, Inc.",Salesforce,Customer relationship management platform renewal,8/29/26,8/31/28,VRM200113,"$371,300","$814,000","$636,600",-,,N,Yes,,"zz.Luloff, Julie",New,Legal review pending,,-,Commited,RTB,BC5100015,BC5100082,ATR730059,,5/1/26,6/20/26,900000346,36520612,,"$1,821,900",7800000346,TFT,Jordan Lee,WFIG,638885,MarTech,C_Forecast,DIV_2636 - Teller,3/24/26,"Abiodun, Dare",AST0700345,,,,,,,,,"$88,500","$79,100","$72,600","$67,900","$63,200","$63,800","$64,200","$65,400","$65,700","$66,900","$66,000","$66,600","$67,000","$71,300","$72,800","$71,800","$72,500","$73,600","$72,000","$80,600","$82,800","$80,700","$81,400","$83,200","$82,300",-,-,-,-,-,-,-,-,-,-,-,-,-,-,-,-,-,-,-,-,-,-,-,-,-,-,-,-,-,-,-,-,-,-,-,-,-,-,-,-,-,-,-,-,-,-,-,-,-,-,-,-,-,-,-,-,-,-,-,-,-,-,-
100043,SW,122,CTADMIN,Fixed Assets (Peoplesoft) - SWL,Accenture LLP,Accenture,Application development and consulting services renewal,8/21/26,8/31/30,VRM200167,"$85,200","$192,600","$241,500","$329,800",,N,Yes,,"Tadas, Deepa P.",LOB Review,Security assessment completed,,,New,RTB,BC5100067,BC5100067,ATR730044,,3/24/26,6/15/26,900000043,12490062,,"$1,153,900",7800000043,,Riley Kim,NAHAS,8423,MarTech,C_Forecast,"DIV_1211 - Deposits, Operations and Debit Card Tech",4/6/26,"Ashwathappa, Rakesh",,,,,,,,,,"$20,200","$18,100","$16,700","$15,600","$14,600","$14,800","$15,000","$15,300","$15,400","$15,800","$15,600","$15,800","$16,000","$17,000","$17,400","$17,200","$17,300","$17,600","$17,200","$19,200","$19,600","$19,000","$19,100","$19,400","$19,100","$21,900","$22,400","$23,400","$23,600","$23,500","$23,900","$23,900","$23,700","$23,800","$24,500","$24,500","$24,800","$32,000","$33,700","$35,200","$36,300","$38,200","$38,100","$38,400","$38,600","$37,900","$37,600","$38,000","$38,000",-,-,-,-,-,-,-,-,-,-,-,-,-,-,-,-,-,-,-,-,-,-,-,-,-,-,-,-,-,-,-,-,-,-,-,-,-,-,-
100083,T&M,143,CTADMIN,A8501906 - Outsourcing/Technical Contract,"Cisco Systems, Inc.",Cisco,Network hardware maintenance and support enterprise agreement,8/27/26,2/29/28,VRM200104,"$114,500","$240,700","$43,400",-,,N,Yes,0,"zz.Ejiofor, Justina",Submitted to Sponsor,Pricing validation in progress,0,-,Renewal,RTB,BC5100029,BC5100029,ATR730037,,7/20/26,8/4/26,900000083,99565260,,"$398,600",7800000083,,Priya Shah,HOGAN CIS,1548,MarTech,C_Forecast,DIV_1550 - Branch Operations Enablement,4/20/26,"Eckman, Bradly T.",AST0700082,,,,,,,,,"$27,600","$24,500","$22,400","$20,800","$19,200","$19,300","$19,300","$19,500","$19,500","$19,700","$19,400","$19,600","$19,600","$20,900","$21,400","$21,100","$21,400","$21,900","$21,500",-,-,-,-,-,-,-,-,-,-,-,-,-,-,-,-,-,-,-,-,-,-,-,-,-,-,-,-,-,-,-,-,-,-,-,-,-,-,-,-,-,-,-,-,-,-,-,-,-,-,-,-,-,-,-,-,-,-,-,-,-,-,-,-,-,-,-,-,-
100087,SAAS,136,CTTOCIO,Fixed Assets (Peoplesoft) - SAAS,IBM Corporation,IBM,Mainframe software and technical support,8/11/26,8/31/30,VRM200234,"$114,100","$249,900","$317,200","$437,300",,N,Yes,,"Kollapally, Suraj",Submitted to Sponsor,Pricing validation in progress,,-,Renewal,CTB,BC5100112,BC5100004,ATR730000,,5/22/26,8/3/26,900000087,82737444,,"$1,510,700",7800000087,,Taylor Brooks,DCSN,978777,2087,C_Forecast,DIV_2637 - Consumer Payments,1/11/26,"zz.Brennecke, Jana",,,,,,,,,,"$27,200","$24,300","$22,300","$20,900","$19,400","$19,600","$19,700","$20,100","$20,200","$20,500","$20,200","$20,400","$20,600","$21,900","$22,400","$22,100","$22,200","$22,600","$22,100","$24,700","$25,400","$24,800","$25,000","$25,500","$25,300","$29,000","$29,900","$31,200","$31,700","$31,500","$32,200","$32,100","$31,800","$31,900","$32,700","$32,600","$32,900","$42,200","$44,200","$46,000","$47,200","$49,600","$49,300","$49,400","$49,600","$48,600","$48,200","$48,700","$48,800",-,-,-,-,-,-,-,-,-,-,-,-,-,-,-,-,-,-,-,-,-,-,-,-,-,-,-,-,-,-,-,-,-,-,-,-,-,-,-
100355,OEM,113,CTCCPTPYMTS,Fixed Assets (Peoplesoft) - OEM,"Amazon Web Services, Inc.",AWS,Cloud infrastructure and managed services renewal,8/26/26,8/31/27,VRM200110,"$134,400","$185,100",-,-,,N,Yes,,"S, Rajashekar",Submitted to Sponsor,Includes affiliate services,0,,Renewal,CTB,BC5100098,BC5100098,ATR730049,,7/7/26,8/1/26,900000355,10781378,,"$319,500",7800000355,,Priya Shah,QLTRCS,PO SR Required,MarTech,C_Forecast,DIV_2921 - Cloud Infrastructure Engineering,2/7/26,"zz.Luloff, Julie",,,,,,,,,,"$32,200","$28,700","$26,300","$24,500","$22,700","$22,800","$22,800","$23,100","$23,100","$23,500","$23,100","$23,300","$23,400",-,-,-,-,-,-,-,-,-,-,-,-,-,-,-,-,-,-,-,-,-,-,-,-,-,-,-,-,-,-,-,-,-,-,-,-,-,-,-,-,-,-,-,-,-,-,-,-,-,-,-,-,-,-,-,-,-,-,-,-,-,-,-,-,-,-,-,-,-,-,-,-,-,-,-
100044,T&M,111,CTARCHENG,A8501906 - Outsourcing/Technical Contract,IBM Corporation,IBM,Mainframe software and technical support,8/22/26,8/31/33,VRM200128,"$202,600","$451,000","$567,800","$780,200",VRM,Y,Yes,,"zz.Brennecke, Jana",Finance Review,Vendor onboarding completed,0,-,New,RTB,BC5100058,BC5100019,ATR730044,,1/16/26,6/3/26,900000044,77613326,,"$16,442,100",7800000044,TFT,Morgan Patel,SBLO,377885,MarTech,C_Forecast,DIV_1550 - Branch Operations Enablement,7/8/26,"Agarwal, Ushika",AST0700043,,,,,,,,,"$48,200","$43,100","$39,600","$37,100","$34,600","$35,000","$35,300","$36,000","$36,300","$37,000","$36,600","$37,000","$37,300","$39,700","$40,500","$40,000","$40,300","$40,900","$40,000","$44,700","$45,800","$44,500","$44,800","$45,600","$45,100","$51,700","$53,100","$55,400","$56,200","$55,800","$57,000","$56,800","$56,400","$56,600","$58,200","$58,100","$58,700","$75,500","$79,300","$82,700","$85,100","$89,400","$89,000","$89,500","$90,000","$88,100","$87,400","$88,300","$88,300","$126,000","$131,800","$147,000","$148,400","$157,800","$153,200","$153,600","$152,300","$152,500","$152,300","$153,300","$151,400","$229,700","$239,200","$256,300","$268,700","$287,600","$294,200","$293,100","$294,000","$297,200","$291,900","$299,300","$299,500","$514,200","$542,200","$561,000","$609,000","$819,000","$809,300","$807,300","$799,700","$788,000","$787,600","$782,800","$780,100",-,-,-
100088,DEPR,121,CTCCPTPYMTS,Fixed Assets (Peoplesoft) - DEPR,IBM Corporation,IBM,Mainframe software and technical support enterprise agreement,8/26/26,8/31/28,VRM200205,"$97,400","$209,900","$165,500",-,,N,No,,"zz.Brennecke, Jana",Execution Complete,Migration dependency tracked,0,,Commited,CTB,BC5100076,BC5100090,ATR730062,,6/2/26,8/22/26,900000088,14835453,,"$472,800",7800000088,,Jamie Chen,RADIA,768324,MarTech,C_Forecast,DIV_2636 - Teller,3/24/26,"Abiodun, Dare",AST0700087,,,,,,,,,"$23,300","$20,800","$19,000","$17,800","$16,500","$16,600","$16,700","$16,900","$17,000","$17,300","$17,000","$17,100","$17,200","$18,300","$18,700","$18,500","$18,600","$19,000","$18,600","$20,900","$21,500","$21,000","$21,200","$21,700","$21,600",-,-,-,-,-,-,-,-,-,-,-,-,-,-,-,-,-,-,-,-,-,-,-,-,-,-,-,-,-,-,-,-,-,-,-,-,-,-,-,-,-,-,-,-,-,-,-,-,-,-,-,-,-,-,-,-,-,-,-,-,-,-,-
100358,TEL,110,CTHLT,A8292080 - Telecommunication,"Datadog, Inc.",Datadog,Cloud monitoring and observability subscription enterprise agreement,8/12/26,8/31/27,VRM200123,"$44,500","$64,600",-,-,VRM Status/beeline#,Y,Yes,0,"zz.Brennecke, Jana",LOB Review,No action required,0,-,Commited,CTB,BC5100029,BC5100029,ATR730027,,5/13/26,6/9/26,900000358,79785255,,"$109,100",7800000358,TFT,Jordan Lee,ATMP,PO SR Required,MarTech,C_Forecast,DIV_2637 - Consumer Payments,5/7/26,"zz.Brennecke, Jana",AST0700357,,,,,,,,,"$10,600","$9,400","$8,700","$8,200","$7,600","$7,700","$7,800","$8,000","$8,100","$8,200","$8,200","$8,300","$8,300",-,-,-,-,-,-,-,-,-,-,-,-,-,-,-,-,-,-,-,-,-,-,-,-,-,-,-,-,-,-,-,-,-,-,-,-,-,-,-,-,-,-,-,-,-,-,-,-,-,-,-,-,-,-,-,-,-,-,-,-,-,-,-,-,-,-,-,-,-,-,-,-,-,-,-
100385,DATA,131,CTCCPTPYMTS,A8590820 - Other Outside Data Processing,Broadcom Inc.,Broadcom,Infrastructure software maintenance,8/24/26,8/31/28,VRM200121,"$622,100","$1,293,900","$1,058,200",-,,N,Yes,,"Eckman, Bradley T.",LOB Review,Legal review pending,0,,Renewal,CTB,BC5100055,BC5100055,ATR730078,,3/30/26,6/19/26,900000385,83631510,,"$2,974,200",7800000385,,Jamie Chen,BREF,7950,5427,C_Forecast,DIV_2636 - Teller,2/18/26,"Agarwal, Ushika",,,,,,,,,,"$150,400","$133,400","$121,600","$112,700","$104,000","$104,000","$103,800","$104,900","$104,600","$105,900","$104,000","$104,800","$105,400","$112,100","$114,900","$113,900","$115,600","$118,400","$116,800","$132,000","$136,900","$134,800","$137,200","$141,300","$140,800",-,-,-,-,-,-,-,-,-,-,-,-,-,-,-,-,-,-,-,-,-,-,-,-,-,-,-,-,-,-,-,-,-,-,-,-,-,-,-,-,-,-,-,-,-,-,-,-,-,-,-,-,-,-,-,-,-,-,-,-,-,-,-
100045,TEL,144,CTCCPTPYMTS,A8292080 - Telecommunication,Deloitte Consulting LLP,Deloitte,Technology consulting services renewal,8/31/26,8/31/30,VRM200187,"$109,000","$239,000","$303,500","$418,300",,N,No,,"Kollapally, Suraj",Execution Complete,Vendor onboarding completed,,,New,RTB,BC5100112,BC5100112,ATR730002,,8/15/26,8/23/26,900000045,17985831,,"$1,444,800",7800000045,,Dana Williams,AIM,PO SR Required,5097,C_Forecast,DIV_2714 - Enterprise Data Platforms,3/21/26,"Tadas, Deepa P.",AST0700044,,,,,,,,,"$26,000","$23,200","$21,300","$19,900","$18,600","$18,700","$18,800","$19,200","$19,300","$19,600","$19,400","$19,600","$19,700","$20,900","$21,400","$21,100","$21,300","$21,600","$21,100","$23,700","$24,300","$23,700","$23,900","$24,400","$24,200","$27,800","$28,600","$29,900","$30,300","$30,100","$30,800","$30,700","$30,400","$30,500","$31,300","$31,200","$31,400","$40,400","$42,300","$44,000","$45,200","$47,400","$47,100","$47,300","$47,500","$46,400","$46,100","$46,600","$46,600",-,-,-,-,-,-,-,-,-,-,-,-,-,-,-,-,-,-,-,-,-,-,-,-,-,-,-,-,-,-,-,-,-,-,-,-,-,-,-
100115,TEL,129,CTADMIN,A8292080 - Telecommunication,Microsoft Corporation,Microsoft,Enterprise software subscriptions and support enterprise agreement,8/26/26,8/31/29,VRM200133,"$25,600","$55,900","$71,200","$57,700",,N,Yes,,"Eckman, Bradley T.",Finance Review,Migration dependency tracked,0,,Commited,RTB,BC5100010,BC5100010,ATR730011,,5/22/26,8/6/26,900000115,69936307,,"$210,400",7800000115,,Avery Johnson,SMT#2452 & SR#SR1994083716,4550,9715,C_Forecast,DIV_2921 - Cloud Infrastructure Engineering,2/23/26,"Agarwal, Ushika",AST0700114,,,,,,,,,"$6,100","$5,400","$5,000","$4,700","$4,400","$4,400","$4,400","$4,500","$4,500","$4,600","$4,500","$4,600","$4,600","$4,900","$5,000","$4,900","$5,000","$5,100","$5,000","$5,500","$5,700","$5,600","$5,600","$5,700","$5,700","$6,500","$6,700","$7,000","$7,100","$7,100","$7,200","$7,200","$7,100","$7,100","$7,300","$7,300","$7,400",-,-,-,-,-,-,-,-,-,-,-,-,-,-,-,-,-,-,-,-,-,-,-,-,-,-,-,-,-,-,-,-,-,-,-,-,-,-,-,-,-,-,-,-,-,-,-,-,-,-,-
100116,T&M,121,CTCCPTPYMTS,A8501946 - Outsourcing Contract - Time & Materials,Snowflake Inc.,Snowflake,Cloud data platform subscription enterprise agreement,8/23/26,8/31/28,VRM200231,"$258,400","$557,600","$439,300",-,,N,No,4933,"K, Srikantesh",Execution Complete,Invoice schedule under review,0,,Commited,RTB,BC5100115,BC5100115,ATR730017,,4/17/26,6/7/26,900000116,69210561,,"$1,255,300",7800000116,TFT,Morgan Patel,BDCMS,861829,4585,C_Forecast,DIV_2842 - Digital Channel Technology,5/21/26,"Kollapally, Suraj",AST0700115,,,,,,,,,"$61,800","$55,100","$50,500","$47,200","$43,800","$44,100","$44,300","$45,000","$45,100","$45,800","$45,100","$45,500","$45,800","$48,600","$49,700","$49,100","$49,500","$50,400","$49,400","$55,400","$57,000","$55,700","$56,400","$57,700","$57,300",-,-,-,-,-,-,-,-,-,-,-,-,-,-,-,-,-,-,-,-,-,-,-,-,-,-,-,-,-,-,-,-,-,-,-,-,-,-,-,-,-,-,-,-,-,-,-,-,-,-,-,-,-,-,-,-,-,-,-,-,-,-,-
100393,DEPR,121,CTEDP,Fixed Assets (Peoplesoft) - DEPR,Deloitte Consulting LLP,Deloitte,Technology consulting services renewal,8/30/26,2/29/28,VRM200227,"$51,600","$116,900","$21,100",-,,N,Yes,0,"Eckman, Bradley T.",New,Includes affiliate services,,,Commited,CTB,BC5100044,BC5100044,ATR730077,,1/31/26,6/18/26,900000393,64686422,,"$189,600",7800000393,,Taylor Brooks,CFMS,9652,3280,C_Forecast,DIV_2636 - Teller,5/6/26,"Eckman, Bradly T.",AST0700392,,,,,,,,,"$12,200","$11,000","$10,100","$9,500","$8,800","$9,000","$9,100","$9,300","$9,300","$9,600","$9,500","$9,600","$9,700","$10,300","$10,600","$10,400","$10,500","$10,700","$10,400",-,-,-,-,-,-,-,-,-,-,-,-,-,-,-,-,-,-,-,-,-,-,-,-,-,-,-,-,-,-,-,-,-,-,-,-,-,-,-,-,-,-,-,-,-,-,-,-,-,-,-,-,-,-,-,-,-,-,-,-,-,-,-,-,-,-,-,-,-
100046,SW,139,CTMARTECH,A8200050 - Software License,IBM Corporation,IBM,Mainframe software and technical support renewal,8/17/26,2/28/27,VRM200128,"$423,400","$144,800",-,-,,N,Yes,0,"zz.Brennecke, Jana",LOB Review,Invoice schedule under review,,-,Commited,CTB,BC5100074,BC5100074,ATR730071,,2/1/26,2/1/26,900000046,28535918,,"$568,200",7800000046,TFT,Casey Rivera,BREF,3424,MarTech,C_Forecast,DIV_2842 - Digital Channel Technology,3/13/26,"zz.Luloff, Julie",,,,,,,,,,"$101,200","$90,300","$82,800","$77,300","$71,800","$72,300","$72,500",-,-,-,-,-,-,-,-,-,-,-,-,-,-,-,-,-,-,-,-,-,-,-,-,-,-,-,-,-,-,-,-,-,-,-,-,-,-,-,-,-,-,-,-,-,-,-,-,-,-,-,-,-,-,-,-,-,-,-,-,-,-,-,-,-,-,-,-,-,-,-,-,-,-,-,-,-,-,-,-,-
100047,SW,123,CTDLR,A8200050 - Software License,FIS Global,FIS,Banking platform software and services enterprise agreement,8/9/26,2/29/28,VRM200184,"$1,269,100","$2,700,300","$484,500",-,type/start,Y,Yes,,"S, Rajashekar",LOB Review,Pending final statement of work,,,Renewal,CTB,BC5100079,BC5100079,ATR730036,Web Server,6/8/26,7/9/26,900000047,50407436,,"$4,453,900",7800000047,,Cameron Smith,1DBI,1408,MarTech,C_Forecast,DIV_3055 - Cybersecurity Platform Services,1/19/26,"K, Srikantesh",AST0700046,,,,,,,,,"$304,500","$271,200","$248,100","$231,100","$214,200","$215,200","$215,500","$218,500","$218,600","$221,800","$218,200","$219,900","$220,900","$234,800","$240,000","$237,100","$239,800","$244,500","$240,000",-,-,-,-,-,-,-,-,-,-,-,-,-,-,-,-,-,-,-,-,-,-,-,-,-,-,-,-,-,-,-,-,-,-,-,-,-,-,-,-,-,-,-,-,-,-,-,-,-,-,-,-,-,-,-,-,-,-,-,-,-,-,-,-,-,-,-,-,-
100048,SAAS,133,CTHLT,Fixed Assets (Peoplesoft) - SAAS,"Oracle America, Inc.",Oracle,Database platform licensing and maintenance,8/18/26,8/31/29,VRM200133,"$81,800","$172,000","$227,400","$185,500",beeline#,Y,No,,"Tadas, Deepa P.",Execution Complete,Budget owner confirmed,,,New,RTB,BC5100023,BC5100023,ATR730034,,2/2/26,4/11/26,900000048,91511360,,"$666,700",7800000048,,Priya Shah,BDCMS,1131,3496,C_Forecast,DIV_1307 - Pmts Virt Sol Innov and Cons Bkg Tech Admin,1/13/26,System,,,,,,,,,,"$19,700","$17,500","$16,000","$14,900","$13,700","$13,800","$13,800","$13,900","$13,900","$14,100","$13,900","$14,000","$14,000","$14,900","$15,300","$15,100","$15,300","$15,600","$15,400","$17,300","$17,900","$17,600","$17,900","$18,400","$18,300","$21,100","$21,800","$22,900","$23,200","$23,000","$23,500","$23,300","$23,000","$22,900","$23,400","$23,200","$23,200",-,-,-,-,-,-,-,-,-,-,-,-,-,-,-,-,-,-,-,-,-,-,-,-,-,-,-,-,-,-,-,-,-,-,-,-,-,-,-,-,-,-,-,-,-,-,-,-,-,-,-
100055,SAAS,116,CTCCPTPYMTS,Fixed Assets (Peoplesoft) - SAAS,Deloitte Consulting LLP,Deloitte,Technology consulting services enterprise agreement,8/13/26,8/31/27,VRM200245,"$270,700","$368,400",-,-,VRM status,Y,Yes,,"K, Srikantesh",Finance - Confirming,Invoice schedule under review,,,New,RTB,BC5100080,BC5100075,ATR730066,,7/22/26,7/23/26,900000055,74601581,,"$639,100",7800000055,TFT,Jamie Chen,WFIG,211413,6593,C_Forecast,DIV_3055 - Cybersecurity Platform Services,8/7/26,"zz.Brennecke, Jana",,,,,,,,,,"$65,200","$57,900","$52,900","$49,200","$45,500","$45,600","$45,500","$46,100","$46,000","$46,700","$45,900","$46,200","$46,400",-,-,-,-,-,-,-,-,-,-,-,-,-,-,-,-,-,-,-,-,-,-,-,-,-,-,-,-,-,-,-,-,-,-,-,-,-,-,-,-,-,-,-,-,-,-,-,-,-,-,-,-,-,-,-,-,-,-,-,-,-,-,-,-,-,-,-,-,-,-,-,-,-,-,-
100060,SAAS,132,CTBSTT,A8201904 - Software as a Service,IBM Corporation,IBM,Mainframe software and technical support,8/17/26,8/31/27,VRM200173,"$362,000","$505,200",-,-,,N,Yes,0,"Eckman, Bradley T.",Finance - Confirming,Legal review pending,,,New,CTB,BC5100062,BC5100062,ATR730058,,3/18/26,4/6/26,900000060,31834659,,"$867,200",7800000060,,Avery Johnson,CORE,5851,8824,C_Forecast,DIV_2714 - Enterprise Data Platforms,3/17/26,"Ashwathappa, Rakesh",,,,,,,,,,"$86,500","$77,200","$70,800","$66,100","$61,400","$61,800","$62,000","$63,000","$63,100","$64,200","$63,200","$63,800","$64,100",-,-,-,-,-,-,-,-,-,-,-,-,-,-,-,-,-,-,-,-,-,-,-,-,-,-,-,-,-,-,-,-,-,-,-,-,-,-,-,-,-,-,-,-,-,-,-,-,-,-,-,-,-,-,-,-,-,-,-,-,-,-,-,-,-,-,-,-,-,-,-,-,-,-,-
100049,TEL,131,CTPLATFORM,A8292080 - Telecommunication,Infosys Limited,Infosys,Managed application support services,8/26/26,8/31/28,VRM200190,"$74,900","$155,600","$127,400",-,end date with fcst,Y,Yes,,"K, Srikantesh",Submitted to Sponsor,Consolidated under enterprise agreement,,,Commited,RTB,BC5100023,BC5100066,ATR730010,,1/2/26,2/28/26,900000049,66644506,,"$357,900",7800000049,,Reese Martin,ACCLQ,709631,5622,C_Forecast,DIV_2383 - Consumer Lending Technology Architecture,6/17/26,"Ashwathappa, Rakesh",AST0700048,,,,,,,,,"$18,100","$16,100","$14,600","$13,600","$12,500","$12,500","$12,500","$12,600","$12,600","$12,700","$12,500","$12,600","$12,700","$13,500","$13,800","$13,700","$13,900","$14,300","$14,100","$15,900","$16,500","$16,200","$16,500","$17,000","$16,900",-,-,-,-,-,-,-,-,-,-,-,-,-,-,-,-,-,-,-,-,-,-,-,-,-,-,-,-,-,-,-,-,-,-,-,-,-,-,-,-,-,-,-,-,-,-,-,-,-,-,-,-,-,-,-,-,-,-,-,-,-,-,-
100050,T&M,142,CTADMIN,A8501906 - Outsourcing/Technical Contract,Microsoft Corporation,Microsoft,Enterprise software subscriptions and support enterprise agreement,8/21/26,8/31/29,VRM200132,"$239,800","$542,200","$679,200","$541,800",,N,No,,"Eckman, Bradley T.",Execution Complete,Includes affiliate services,,-,New,CTB,BC5100066,BC5100066,ATR730000,,3/7/26,3/9/26,900000050,22603137,,"$2,003,000",7800000050,,Casey Rivera,DCSN,4747,2408,C_Forecast,DIV_3055 - Cybersecurity Platform Services,4/11/26,"zz.Luloff, Julie",AST0700049,,,,,,,,,"$56,900","$50,900","$46,900","$44,000","$41,100","$41,600","$42,100","$43,000","$43,400","$44,400","$44,000","$44,600","$45,000","$47,900","$49,000","$48,400","$48,800","$49,500","$48,300","$53,900","$55,100","$53,500","$53,700","$54,600","$53,800","$61,500","$63,100","$65,700","$66,500","$66,000","$67,300","$67,100","$66,700","$67,000","$68,900","$69,000","$69,800",-,-,-,-,-,-,-,-,-,-,-,-,-,-,-,-,-,-,-,-,-,-,-,-,-,-,-,-,-,-,-,-,-,-,-,-,-,-,-,-,-,-,-,-,-,-,-,-,-,-,-
100051,OEM,143,CTEDP,Fixed Assets (Peoplesoft) - OEM,"Cisco Systems, Inc.",Cisco,Network hardware maintenance and support,8/24/26,8/31/29,VRM200127,"$67,100","$149,100","$187,900","$151,500",,N,No,0,"S, Rajashekar",Execution Complete,Invoice schedule under review,0,-,Renewal,RTB,BC5100045,BC5100045,ATR730041,,4/26/26,8/10/26,900000051,66745892,,"$555,600",7800000051,,Jordan Lee,RADIA,902319,1574,C_Forecast,DIV_2842 - Digital Channel Technology,1/20/26,"zz.Brennecke, Jana",AST0700050,,,,,,,,,"$15,900","$14,300","$13,100","$12,300","$11,500","$11,600","$11,700","$11,900","$12,000","$12,200","$12,100","$12,200","$12,300","$13,100","$13,400","$13,200","$13,400","$13,600","$13,200","$14,800","$15,200","$14,700","$14,800","$15,100","$14,900","$17,100","$17,600","$18,300","$18,600","$18,500","$18,900","$18,800","$18,700","$18,700","$19,300","$19,200","$19,400",-,-,-,-,-,-,-,-,-,-,-,-,-,-,-,-,-,-,-,-,-,-,-,-,-,-,-,-,-,-,-,-,-,-,-,-,-,-,-,-,-,-,-,-,-,-,-,-,-,-,-
100071,FB,110,CTCPR,A8501945 - Outsourcing Contract - Fixed Bid,"Amazon Web Services, Inc.",AWS,Cloud infrastructure and managed services,8/17/26,2/29/28,VRM200201,"$75,400","$170,600","$30,800",-,,N,Yes,4933,"Kollapally, Suraj",Submitted to Sponsor,Includes affiliate services,,,New,RTB,BC5100007,BC5100007,ATR730042,,5/19/26,8/15/26,900000071,56815272,,"$276,800",7800000071,,Morgan Patel,HK,PO SR Required,9695,C_Forecast,DIV_2842 - Digital Channel Technology,3/4/26,"Kollapally, Suraj",AST0700070,,,,,,,,,"$17,900","$16,000","$14,800","$13,800","$12,900","$13,100","$13,200","$13,500","$13,700","$14,000","$13,800","$14,000","$14,200","$15,100","$15,400","$15,200","$15,400","$15,600","$15,200",-,-,-,-,-,-,-,-,-,-,-,-,-,-,-,-,-,-,-,-,-,-,-,-,-,-,-,-,-,-,-,-,-,-,-,-,-,-,-,-,-,-,-,-,-,-,-,-,-,-,-,-,-,-,-,-,-,-,-,-,-,-,-,-,-,-,-,-,-
100052,SAAS,144,CTTOCIO,A8201904 - Software as a Service,"Cisco Systems, Inc.",Cisco,Network hardware maintenance and support renewal,8/14/26,8/31/30,VRM200113,"$200,100","$438,400","$556,700","$767,300",,N,Yes,0,"zz.Brennecke, Jana",LOB Execution,Includes affiliate services,,,New,RTB,BC5100100,BC5100022,ATR730043,,7/12/26,8/7/26,900000052,17855383,,"$2,650,300",7800000052,,Casey Rivera,1DBI,1484,8854,C_Forecast,DIV_2383 - Consumer Lending Technology Architecture,4/7/26,"zz.Brennecke, Jana",,,,,,,,,,"$47,700","$42,600","$39,100","$36,600","$34,100","$34,400","$34,600","$35,200","$35,400","$36,000","$35,500","$35,900","$36,100","$38,400","$39,200","$38,700","$39,000","$39,700","$38,800","$43,400","$44,600","$43,500","$43,800","$44,800","$44,300","$50,900","$52,500","$54,800","$55,600","$55,300","$56,400","$56,300","$55,800","$55,900","$57,400","$57,300","$57,700","$74,000","$77,600","$80,700","$82,900","$86,900","$86,400","$86,700","$87,100","$85,200","$84,500","$85,500","$85,500",-,-,-,-,-,-,-,-,-,-,-,-,-,-,-,-,-,-,-,-,-,-,-,-,-,-,-,-,-,-,-,-,-,-,-,-,-,-,-
100053,DATA,121,CTEDP,A8590820 - Other Outside Data Processing,Google LLC,Google Cloud,Cloud data and analytics services enterprise agreement,8/18/26,8/31/29,VRM200196,"$181,500","$391,800","$503,100","$410,400",,N,Yes,,"zz.Luloff, Julie",Finance - Managing,No action required,,-,New,CTB,BC5100090,BC5100090,ATR730071,,7/10/26,7/28/26,900000053,58920832,,"$1,486,800",7800000053,,Dana Williams,PWDW,776346,3537,C_Forecast,DIV_3055 - Cybersecurity Platform Services,4/22/26,"Kollapally, Suraj",AST0700052,,,,,,,,,"$43,400","$38,700","$35,500","$33,100","$30,800","$31,000","$31,100","$31,600","$31,700","$32,200","$31,700","$32,000","$32,100","$34,200","$34,900","$34,500","$34,800","$35,400","$34,700","$38,900","$40,000","$39,100","$39,600","$40,500","$40,200","$46,300","$47,800","$49,900","$50,700","$50,400","$51,400","$51,200","$50,700","$50,800","$52,000","$51,800","$52,100",-,-,-,-,-,-,-,-,-,-,-,-,-,-,-,-,-,-,-,-,-,-,-,-,-,-,-,-,-,-,-,-,-,-,-,-,-,-,-,-,-,-,-,-,-,-,-,-,-,-,-
100054,T&M,143,CTADMIN,A8501946 - Outsourcing Contract - Time & Materials,AT&T Corp.,AT&T,Network and telecommunications services,8/21/26,8/31/29,VRM200142,"$972,800","$2,069,900","$2,696,600","$2,202,000",,N,Yes,,"Tadas, Deepa P.",Management Review,Consolidated under enterprise agreement,0,,Renewal,CTB,BC5100114,BC5100114,ATR730041,,2/19/26,7/7/26,900000054,21452537,,"$7,941,300",7800000054,TFT,Riley Kim,Goldmine (WFF) GLDMN,999691,2274,C_Forecast,DIV_2714 - Enterprise Data Platforms,3/25/26,"Kollapally, Suraj",AST0700053,,,,,,,,,"$233,400","$207,800","$190,200","$177,200","$164,200","$164,900","$165,200","$167,500","$167,600","$170,000","$167,200","$168,500","$169,400","$180,000","$184,000","$181,800","$183,800","$187,400","$184,000","$206,900","$213,400","$209,200","$212,100","$217,600","$216,300","$249,300","$257,500","$269,400","$273,500","$271,800","$277,200","$275,700","$272,700","$272,400","$278,300","$276,500","$277,400",-,-,-,-,-,-,-,-,-,-,-,-,-,-,-,-,-,-,-,-,-,-,-,-,-,-,-,-,-,-,-,-,-,-,-,-,-,-,-,-,-,-,-,-,-,-,-,-,-,-,-
100073,T&M,142,CTEDP,A8501946 - Outsourcing Contract - Time & Materials,Infosys Limited,Infosys,Managed application support services,8/27/26,8/31/27,VRM200103,"$126,100","$178,500",-,-,,N,No,0,"zz.Luloff, Julie",Execution Complete,Pending final statement of work,,-,Renewal,RTB,BC5100027,BC5100027,ATR730054,,2/28/26,5/13/26,900000073,56815272,,"$304,600",7800000073,,Riley Kim,DMSBA,168992,5975,C_Forecast,"DIV_1211 - Deposits, Operations and Debit Card Tech",3/10/26,"Ashwathappa, Rakesh",AST0700072,,,,,,,,,"$30,000","$26,800","$24,700","$23,100","$21,500","$21,700","$21,800","$22,200","$22,300","$22,700","$22,400","$22,600","$22,800",-,-,-,-,-,-,-,-,-,-,-,-,-,-,-,-,-,-,-,-,-,-,-,-,-,-,-,-,-,-,-,-,-,-,-,-,-,-,-,-,-,-,-,-,-,-,-,-,-,-,-,-,-,-,-,-,-,-,-,-,-,-,-,-,-,-,-,-,-,-,-,-,-,-,-
100056,FB,144,CTCPR,A8501947 - Consulting Services - Fixed Bid,Verizon Business Network Services,Verizon,Enterprise telecommunications services enterprise agreement,8/13/26,8/31/28,VRM200232,"$144,000","$299,300","$244,800",-,,N,No,0,"Kollapally, Suraj",Cancelled,Pricing validation in progress,,-,New,CTB,BC5100089,BC5100089,ATR730069,,3/2/26,5/3/26,900000056,99565260,,"$688,100",7800000056,,Taylor Brooks,SMT#2452 & SR#SR1994083716,1590,4116,C_Forecast,DIV_2637 - Consumer Payments,3/1/26,"Abiodun, Dare",AST0700055,,,,,,,,,"$34,800","$30,900","$28,100","$26,100","$24,100","$24,100","$24,000","$24,300","$24,200","$24,500","$24,100","$24,200","$24,400","$25,900","$26,600","$26,300","$26,700","$27,400","$27,000","$30,500","$31,700","$31,200","$31,700","$32,700","$32,600",-,-,-,-,-,-,-,-,-,-,-,-,-,-,-,-,-,-,-,-,-,-,-,-,-,-,-,-,-,-,-,-,-,-,-,-,-,-,-,-,-,-,-,-,-,-,-,-,-,-,-,-,-,-,-,-,-,-,-,-,-,-,-
100057,DEPR,115,CTARCHENG,Fixed Assets (Peoplesoft) - DEPR,"Salesforce, Inc.",Salesforce,Customer relationship management platform enterprise agreement,8/14/26,8/31/29,VRM200154,"$85,600","$193,700","$242,700","$193,400",,N,Yes,0,"S, Rajashekar",Submitted to Sponsor,Security assessment completed,,,Renewal,RTB,BC5100055,BC5100055,ATR730058,,1/21/26,4/22/26,900000057,39539231,,"$715,400",7800000057,,Cameron Smith,AIM,8573,2611,C_Forecast,DIV_2637 - Consumer Payments,2/5/26,"Ashwathappa, Rakesh",AST0700056,,,,,,,,,"$20,300","$18,200","$16,700","$15,700","$14,700","$14,900","$15,000","$15,400","$15,500","$15,900","$15,700","$15,900","$16,100","$17,100","$17,500","$17,300","$17,400","$17,700","$17,300","$19,300","$19,700","$19,100","$19,200","$19,500","$19,200","$22,000","$22,500","$23,500","$23,700","$23,600","$24,000","$24,000","$23,800","$23,900","$24,600","$24,600","$24,900",-,-,-,-,-,-,-,-,-,-,-,-,-,-,-,-,-,-,-,-,-,-,-,-,-,-,-,-,-,-,-,-,-,-,-,-,-,-,-,-,-,-,-,-,-,-,-,-,-,-,-
100058,FB,129,CTSB,A8501947 - Consulting Services - Fixed Bid,"Oracle America, Inc.",Oracle,Database platform licensing and maintenance,8/14/26,8/31/30,VRM200217,"$130,400","$290,000","$365,000","$501,800",,N,Yes,0,"zz.Luloff, Julie",Finance - Managing,Migration dependency tracked,,,New,CTB,BC5100093,BC5100093,ATR730047,,4/21/26,7/28/26,900000058,46625051,,"$1,744,000",7800000058,,Priya Shah,SBLO,4647,4995,C_Forecast,DIV_2714 - Enterprise Data Platforms,8/7/26,"zz.Luloff, Julie",AST0700057,,,,,,,,,"$31,000","$27,700","$25,500","$23,900","$22,300","$22,500","$22,700","$23,200","$23,300","$23,800","$23,500","$23,800","$24,000","$25,500","$26,100","$25,700","$25,900","$26,300","$25,700","$28,700","$29,400","$28,600","$28,800","$29,400","$29,000","$33,200","$34,200","$35,600","$36,100","$35,900","$36,600","$36,500","$36,300","$36,400","$37,400","$37,400","$37,800","$48,600","$51,000","$53,200","$54,700","$57,500","$57,300","$57,600","$57,900","$56,700","$56,200","$56,800","$56,800",-,-,-,-,-,-,-,-,-,-,-,-,-,-,-,-,-,-,-,-,-,-,-,-,-,-,-,-,-,-,-,-,-,-,-,-,-,-,-
100074,FB,119,CTSB,A8501947 - Consulting Services - Fixed Bid,Tata Consultancy Services,TCS,Application maintenance and delivery services,8/17/26,8/31/27,VRM200167,"$137,700","$192,300",-,-,,N,Yes,0,"zz.Ejiofor, Justina",Analyst Review,Vendor onboarding completed,0,,Commited,RTB,BC5100044,BC5100044,ATR730078,,3/28/26,6/21/26,900000074,82119135,,"$330,000",7800000074,,Jordan Lee,NAHAS,PO SR Required,MarTech,C_Forecast,DIV_2921 - Cloud Infrastructure Engineering,1/22/26,System,AST0700073,,,,,,,,,"$32,900","$29,400","$26,900","$25,100","$23,400","$23,500","$23,600","$24,000","$24,000","$24,400","$24,100","$24,300","$24,400",-,-,-,-,-,-,-,-,-,-,-,-,-,-,-,-,-,-,-,-,-,-,-,-,-,-,-,-,-,-,-,-,-,-,-,-,-,-,-,-,-,-,-,-,-,-,-,-,-,-,-,-,-,-,-,-,-,-,-,-,-,-,-,-,-,-,-,-,-,-,-,-,-,-,-
100059,T&M,144,CTDLR,A8501906 - Outsourcing/Technical Contract,AT&T Corp.,AT&T,Network and telecommunications services renewal,8/10/26,8/31/31,VRM200202,"$127,100","$278,600","$353,600","$487,300",,N,Yes,4933,"Kollapally, Suraj",Finance - Confirming,Legal review pending,0,,Commited,RTB,BC5100027,BC5100027,ATR730002,,6/5/26,6/6/26,900000059,99565260,,"$2,792,800",7800000059,,Alex Morgan,RADIA,892067,1806,C_Forecast,DIV_2637 - Consumer Payments,2/12/26,"Abiodun, Dare",,,,,,,,,,"$30,300","$27,100","$24,900","$23,200","$21,600","$21,800","$22,000","$22,400","$22,500","$22,900","$22,600","$22,800","$22,900","$24,400","$24,900","$24,600","$24,800","$25,200","$24,600","$27,600","$28,300","$27,600","$27,900","$28,500","$28,200","$32,300","$33,300","$34,800","$35,300","$35,100","$35,900","$35,700","$35,400","$35,500","$36,500","$36,400","$36,600","$47,000","$49,300","$51,300","$52,600","$55,200","$54,900","$55,100","$55,300","$54,100","$53,700","$54,300","$54,300","$77,600","$81,300","$90,900","$92,000","$98,000","$95,400","$95,900","$95,300","$95,600","$95,700","$96,400","$95,200",-,-,-,-,-,-,-,-,-,-,-,-,-,-,-,-,-,-,-,-,-,-,-,-,-,-,-
100061,SAAS,123,CTHLT,Fixed Assets (Peoplesoft) - SAAS,Google LLC,Google Cloud,Cloud data and analytics services enterprise agreement,8/30/26,8/31/32,VRM200136,"$88,900","$189,200","$246,500","$338,400",type/start,Y,No,,"Tadas, Deepa P.",Execution Complete,No action required,,,New,CTB,BC5100011,BC5100011,ATR730003,,2/19/26,2/23/26,900000061,48053527,,"$3,385,400",7800000061,TFT,Priya Shah,AIM,775846,8496,C_Forecast,DIV_2921 - Cloud Infrastructure Engineering,6/21/26,"Tadas, Deepa P.",AST0700060,,,,,,,,,"$21,300","$19,000","$17,400","$16,200","$15,000","$15,100","$15,100","$15,300","$15,300","$15,500","$15,300","$15,400","$15,500","$16,500","$16,800","$16,600","$16,800","$17,100","$16,800","$18,900","$19,500","$19,100","$19,400","$19,900","$19,800","$22,800","$23,600","$24,600","$25,000","$24,900","$25,300","$25,200","$24,900","$24,900","$25,500","$25,300","$25,400","$32,400","$33,800","$35,000","$35,800","$37,500","$37,200","$37,200","$37,400","$36,500","$36,300","$36,800","$36,900","$52,900","$55,700","$62,500","$63,600","$68,100","$66,600","$67,300","$67,100","$67,500","$67,700","$68,200","$67,400","$102,300","$106,300","$113,500","$118,500","$126,200","$128,300","$127,000","$126,600","$127,100","$124,000","$126,400","$125,800",-,-,-,-,-,-,-,-,-,-,-,-,-,-,-
100080,DEPR,138,CTPLATFORM,Fixed Assets (Peoplesoft) - DEPR,"Fiserv, Inc.",Fiserv,Payments processing software and support renewal,8/15/26,8/31/27,VRM200121,"$282,400","$399,600",-,-,,N,Yes,,"Tadas, Deepa P.",Submitted to Sponsor,Security assessment completed,,-,Renewal,RTB,BC5100052,BC5100080,ATR730064,,1/27/26,6/23/26,900000080,34668383,,"$682,000",7800000080,TFT,Cameron Smith,CCS,674604,4832,C_Forecast,DIV_2636 - Teller,3/27/26,"K, Srikantesh",AST0700079,,,,,,,,,"$67,300","$60,100","$55,200","$51,700","$48,100","$48,500","$48,800","$49,700","$49,900","$50,800","$50,200","$50,700","$51,000",-,-,-,-,-,-,-,-,-,-,-,-,-,-,-,-,-,-,-,-,-,-,-,-,-,-,-,-,-,-,-,-,-,-,-,-,-,-,-,-,-,-,-,-,-,-,-,-,-,-,-,-,-,-,-,-,-,-,-,-,-,-,-,-,-,-,-,-,-,-,-,-,-,-,-
100084,SW,114,CTSB,A8200050 - Software License,FIS Global,FIS,Banking platform software and services,8/20/26,2/28/27,VRM200150,"$92,600","$30,900",-,-,,N,Yes,,"zz.Brennecke, Jana",LOB Review,Budget owner confirmed,,,New,RTB,BC5100119,BC5100119,ATR730047,,1/19/26,6/25/26,900000084,31834659,,"$123,500",7800000084,TFT,Alex Morgan,1CR5,988879,1048,C_Forecast,DIV_2637 - Consumer Payments,7/24/26,"zz.Luloff, Julie",AST0700083,,,,,,,,,"$22,400","$19,800","$18,100","$16,800","$15,500","$15,500","$15,400",-,-,-,-,-,-,-,-,-,-,-,-,-,-,-,-,-,-,-,-,-,-,-,-,-,-,-,-,-,-,-,-,-,-,-,-,-,-,-,-,-,-,-,-,-,-,-,-,-,-,-,-,-,-,-,-,-,-,-,-,-,-,-,-,-,-,-,-,-,-,-,-,-,-,-,-,-,-,-,-,-
100062,DATA,117,CTCPR,A8590820 - Other Outside Data Processing,"Fiserv, Inc.",Fiserv,Payments processing software and support renewal,8/27/26,8/31/29,VRM200128,"$151,100","$317,400","$420,100","$342,400",,N,No,0,"Kollapally, Suraj",Execution Complete,Migration dependency tracked,,-,New,RTB,BC5100112,BC5100112,ATR730076,,8/7/26,8/27/26,900000062,83829648,,"$1,231,000",7800000062,TFT,Alex Morgan,GLDMN,PO SR Required,MarTech,C_Forecast,DIV_2636 - Teller,1/20/26,"zz.Brennecke, Jana",AST0700061,,,,,,,,,"$36,400","$32,300","$29,500","$27,500","$25,400","$25,400","$25,400","$25,700","$25,700","$26,000","$25,600","$25,800","$25,900","$27,600","$28,200","$27,900","$28,200","$28,900","$28,400","$32,000","$33,100","$32,500","$33,100","$34,000","$33,800","$39,000","$40,300","$42,200","$42,800","$42,500","$43,300","$43,000","$42,500","$42,300","$43,200","$42,800","$42,800",-,-,-,-,-,-,-,-,-,-,-,-,-,-,-,-,-,-,-,-,-,-,-,-,-,-,-,-,-,-,-,-,-,-,-,-,-,-,-,-,-,-,-,-,-,-,-,-,-,-,-
100063,OEM,115,CTSB,Fixed Assets (Peoplesoft) - OEM,Adobe Inc.,Adobe,Digital experience platform subscription enterprise agreement,8/27/26,8/31/29,VRM200114,"$251,400","$522,900","$704,400","$570,800",,N,No,,"zz.Ejiofor, Justina",Execution Complete,Invoice schedule under review,,,Renewal,CTB,BC5100077,BC5100094,ATR730035,,3/5/26,8/12/26,900000063,91555086,,"$2,049,500",7800000063,,Taylor Brooks,DCSN,120756,9070,C_Forecast,DIV_3055 - Cybersecurity Platform Services,3/25/26,"zz.Brennecke, Jana",AST0700062,,,,,,,,,"$60,800","$53,900","$49,100","$45,600","$42,000","$42,100","$41,900","$42,400","$42,300","$42,800","$42,000","$42,400","$42,600","$45,300","$46,400","$46,000","$46,700","$47,900","$47,200","$53,400","$55,300","$54,500","$55,500","$57,100","$56,900","$65,700","$67,900","$71,000","$72,000","$71,400","$72,600","$72,000","$70,900","$70,500","$71,700","$70,900","$70,800",-,-,-,-,-,-,-,-,-,-,-,-,-,-,-,-,-,-,-,-,-,-,-,-,-,-,-,-,-,-,-,-,-,-,-,-,-,-,-,-,-,-,-,-,-,-,-,-,-,-,-
100064,FB,124,CTPLATFORM,A8501947 - Consulting Services - Fixed Bid,Accenture LLP,Accenture,Application development and consulting services,8/28/26,8/31/28,VRM200222,"$71,700","$162,400","$126,400",-,,N,No,,"Eckman, Bradley T.",Execution Complete,Pending final statement of work,,-,New,CTB,BC5100000,BC5100000,ATR730013,,4/19/26,5/12/26,900000064,38976378,,"$360,500",7800000064,TFT,Reese Martin,1DBI,119871,MarTech,C_Forecast,DIV_2842 - Digital Channel Technology,6/15/26,"Ashwathappa, Rakesh",AST0700063,,,,,,,,,"$17,000","$15,200","$14,000","$13,200","$12,300","$12,500","$12,600","$12,900","$13,000","$13,300","$13,200","$13,300","$13,500","$14,300","$14,700","$14,500","$14,600","$14,800","$14,500","$16,100","$16,500","$16,000","$16,100","$16,300","$16,100",-,-,-,-,-,-,-,-,-,-,-,-,-,-,-,-,-,-,-,-,-,-,-,-,-,-,-,-,-,-,-,-,-,-,-,-,-,-,-,-,-,-,-,-,-,-,-,-,-,-,-,-,-,-,-,-,-,-,-,-,-,-,-
100069,SW,126,CTADMIN,A8200045 - Software Maintenance,Adobe Inc.,Adobe,Digital experience platform subscription renewal,8/21/26,8/31/27,VRM200138,"$173,400","$236,000",-,-,,N,Yes,,"zz.Brennecke, Jana",LOB Execution,Budget owner confirmed,,-,Renewal,RTB,BC5100061,BC5100061,ATR730050,Web Server,12/26/25,5/13/26,900000069,53956600,,"$409,400",7800000069,,Jordan Lee,DCSN,PO SR Required,6881,C_Forecast,DIV_2636 - Teller,3/18/26,"Kollapally, Suraj",AST0700068,,,,,,,,,"$41,800","$37,100","$33,900","$31,500","$29,100","$29,200","$29,200","$29,500","$29,500","$29,900","$29,400","$29,600","$29,700",-,-,-,-,-,-,-,-,-,-,-,-,-,-,-,-,-,-,-,-,-,-,-,-,-,-,-,-,-,-,-,-,-,-,-,-,-,-,-,-,-,-,-,-,-,-,-,-,-,-,-,-,-,-,-,-,-,-,-,-,-,-,-,-,-,-,-,-,-,-,-,-,-,-,-
100065,SW,119,CTBSTT,Fixed Assets (Peoplesoft) - SWL,Verizon Business Network Services,Verizon,Enterprise telecommunications services renewal,8/26/26,8/31/28,VRM200244,"$83,600","$186,200","$145,000",-,,N,Yes,,"K, Srikantesh",Analyst Review,Security assessment completed,,,Renewal,CTB,BC5100093,BC5100093,ATR730068,Web Server,5/31/26,8/9/26,900000065,12490062,,"$414,800",7800000065,TFT,Alex Morgan,DCSN,PO SR Required,9381,C_Forecast,DIV_1550 - Branch Operations Enablement,8/6/26,"Matera, Jill",,,,,,,,,,"$19,900","$17,800","$16,300","$15,300","$14,300","$14,400","$14,600","$14,900","$15,000","$15,300","$15,100","$15,300","$15,400","$16,400","$16,700","$16,500","$16,600","$16,900","$16,500","$18,400","$18,900","$18,400","$18,500","$18,800","$18,600",-,-,-,-,-,-,-,-,-,-,-,-,-,-,-,-,-,-,-,-,-,-,-,-,-,-,-,-,-,-,-,-,-,-,-,-,-,-,-,-,-,-,-,-,-,-,-,-,-,-,-,-,-,-,-,-,-,-,-,-,-,-,-
100066,SW,134,CTCCPTPYMTS,Fixed Assets (Peoplesoft) - SWM,"Oracle America, Inc.",Oracle,Database platform licensing and maintenance,8/13/26,8/31/29,VRM200162,"$365,500","$801,000","$1,017,200","$826,000",type/start,Y,Yes,0,"S, Rajashekar",New,Includes affiliate services,,,Renewal,RTB,BC5100064,BC5100064,ATR730022,,5/19/26,6/2/26,900000066,21452537,,"$3,009,700",7800000066,,Jamie Chen,ICEDQ,2302,MarTech,C_Forecast,DIV_2383 - Consumer Lending Technology Architecture,6/21/26,"Eckman, Bradly T.",,,,,,,,,,"$87,100","$77,800","$71,500","$66,900","$62,200","$62,800","$63,200","$64,300","$64,600","$65,800","$64,900","$65,600","$66,000","$70,100","$71,700","$70,700","$71,300","$72,500","$70,900","$79,300","$81,400","$79,400","$80,100","$81,800","$81,000","$93,100","$95,900","$100,200","$101,600","$101,000","$103,100","$102,800","$102,000","$102,200","$104,900","$104,600","$105,400",-,-,-,-,-,-,-,-,-,-,-,-,-,-,-,-,-,-,-,-,-,-,-,-,-,-,-,-,-,-,-,-,-,-,-,-,-,-,-,-,-,-,-,-,-,-,-,-,-,-,-
100067,SAAS,122,CTHLT,Fixed Assets (Peoplesoft) - SAAS,"Fiserv, Inc.",Fiserv,Payments processing software and support enterprise agreement,8/25/26,8/31/30,VRM200126,"$444,800","$959,800","$1,232,900","$1,699,000",,N,Yes,,"Tadas, Deepa P.",Finance Review,Budget owner confirmed,,,Commited,RTB,BC5100059,BC5100059,ATR730058,,5/19/26,5/19/26,900000067,69397315,,"$5,838,900",7800000067,TFT,Casey Rivera,AMT/ePIC,2253,1373,C_Forecast,DIV_2636 - Teller,4/20/26,"Abiodun, Dare",AST0700066,,,,,,,,,"$106,300","$94,900","$87,000","$81,200","$75,400","$75,900","$76,200","$77,400","$77,600","$78,900","$77,700","$78,400","$78,800","$83,700","$85,600","$84,400","$85,200","$86,800","$85,000","$95,300","$98,100","$95,900","$97,000","$99,300","$98,500","$113,400","$117,000","$122,400","$124,200","$123,500","$126,000","$125,500","$124,400","$124,500","$127,400","$126,900","$127,600","$163,400","$170,800","$177,300","$181,700","$190,300","$188,900","$189,400","$190,000","$185,800","$184,400","$186,600","$187,000",-,-,-,-,-,-,-,-,-,-,-,-,-,-,-,-,-,-,-,-,-,-,-,-,-,-,-,-,-,-,-,-,-,-,-,-,-,-,-
100085,T&M,136,CTHLT,A8501946 - Outsourcing Contract - Time & Materials,Deloitte Consulting LLP,Deloitte,Technology consulting services,8/23/26,2/29/28,VRM200246,"$223,000","$504,300","$91,000",-,,N,Yes,0,"S, Rajashekar",New,Includes affiliate services,,,New,CTB,BC5100003,BC5100003,ATR730060,,4/12/26,7/27/26,900000085,38187114,,"$818,300",7800000085,,Jamie Chen,SBLO,PO SR Required,7758,C_Forecast,DIV_2842 - Digital Channel Technology,6/1/26,"Eckman, Bradly T.",AST0700084,,,,,,,,,"$52,900","$47,400","$43,600","$40,900","$38,200","$38,700","$39,100","$40,000","$40,400","$41,300","$40,900","$41,500","$41,800","$44,600","$45,600","$45,000","$45,400","$46,100","$44,900",-,-,-,-,-,-,-,-,-,-,-,-,-,-,-,-,-,-,-,-,-,-,-,-,-,-,-,-,-,-,-,-,-,-,-,-,-,-,-,-,-,-,-,-,-,-,-,-,-,-,-,-,-,-,-,-,-,-,-,-,-,-,-,-,-,-,-,-,-
100068,SW,121,CTCCPTPYMTS,Fixed Assets (Peoplesoft) - SWM,"ServiceNow, Inc.",ServiceNow,IT service management subscription renewal,8/27/26,8/31/29,VRM200223,"$86,000","$183,100","$238,700","$194,700",,N,Yes,,"zz.Brennecke, Jana",Management Review,Invoice schedule under review,0,,New,CTB,BC5100066,BC5100025,ATR730077,,5/5/26,7/4/26,900000068,69397315,,"$702,500",7800000068,,Avery Johnson,DMSBA,746167,7755,C_Forecast,DIV_3188 - Marketing Technology Enablement,1/28/26,"zz.Luloff, Julie",,,,,,,,,,"$20,600","$18,400","$16,800","$15,700","$14,500","$14,600","$14,600","$14,800","$14,800","$15,000","$14,800","$14,900","$15,000","$15,900","$16,300","$16,100","$16,300","$16,600","$16,300","$18,300","$18,900","$18,500","$18,800","$19,300","$19,100","$22,100","$22,800","$23,800","$24,200","$24,000","$24,500","$24,400","$24,100","$24,100","$24,600","$24,500","$24,500",-,-,-,-,-,-,-,-,-,-,-,-,-,-,-,-,-,-,-,-,-,-,-,-,-,-,-,-,-,-,-,-,-,-,-,-,-,-,-,-,-,-,-,-,-,-,-,-,-,-,-
100070,FB,137,CTMARTECH,A8501947 - Consulting Services - Fixed Bid,Broadcom Inc.,Broadcom,Infrastructure software maintenance renewal,8/18/26,8/31/28,VRM200209,"$53,300","$110,900","$90,700",-,,N,Yes,,"Kollapally, Suraj",Finance - Confirming,Migration dependency tracked,,,Renewal,CTB,BC5100118,BC5100118,ATR730076,,2/19/26,5/28/26,900000070,21170057,,"$254,900",7800000070,TFT,Taylor Brooks,ICEDQ,644153,1817,C_Forecast,"DIV_1211 - Deposits, Operations and Debit Card Tech",5/4/26,"Ashwathappa, Rakesh",AST0700069,,,,,,,,,"$12,900","$11,400","$10,400","$9,700","$8,900","$8,900","$8,900","$9,000","$9,000","$9,100","$8,900","$9,000","$9,000","$9,600","$9,800","$9,800","$9,900","$10,100","$10,000","$11,300","$11,700","$11,600","$11,800","$12,100","$12,100",-,-,-,-,-,-,-,-,-,-,-,-,-,-,-,-,-,-,-,-,-,-,-,-,-,-,-,-,-,-,-,-,-,-,-,-,-,-,-,-,-,-,-,-,-,-,-,-,-,-,-,-,-,-,-,-,-,-,-,-,-,-,-
100072,T&M,128,CTHLT,A8501946 - Outsourcing Contract - Time & Materials,IBM Corporation,IBM,Mainframe software and technical support renewal,8/27/26,8/31/31,VRM200242,"$201,900","$449,400","$565,800","$777,500",,N,No,4933,"K, Srikantesh",Execution Complete,Vendor onboarding completed,0,,Commited,CTB,BC5100020,BC5100020,ATR730039,,2/16/26,5/30/26,900000072,24226673,,"$4,476,300",7800000072,TFT,Alex Morgan,ATMP,854498,MarTech,C_Forecast,DIV_1548 - Pmts Virt Sol Innov Platform Management,3/3/26,"Eckman, Bradly T.",,,,,,,,,,"$48,000","$42,900","$39,500","$37,000","$34,500","$34,900","$35,200","$35,900","$36,100","$36,900","$36,400","$36,900","$37,100","$39,500","$40,400","$39,900","$40,200","$40,800","$39,800","$44,500","$45,600","$44,400","$44,600","$45,500","$44,900","$51,500","$53,000","$55,200","$56,000","$55,600","$56,800","$56,600","$56,200","$56,400","$58,000","$57,900","$58,500","$75,300","$79,000","$82,400","$84,800","$89,100","$88,800","$89,200","$89,700","$87,800","$87,100","$88,100","$88,100","$125,600","$131,300","$146,600","$148,000","$157,200","$152,700","$153,100","$151,800","$152,000","$151,800","$152,800","$150,900",-,-,-,-,-,-,-,-,-,-,-,-,-,-,-,-,-,-,-,-,-,-,-,-,-,-,-
100086,SW,130,CTSB,Fixed Assets (Peoplesoft) - SWL,Google LLC,Google Cloud,Cloud data and analytics services,8/10/26,2/29/28,VRM200222,"$310,300","$690,800","$123,900",-,,N,No,0,"Tadas, Deepa P.",Execution Complete,No action required,,,Renewal,RTB,BC5100049,BC5100097,ATR730012,Web Server,5/31/26,6/5/26,900000086,91555086,,"$1,125,000",7800000086,TFT,Jamie Chen,PWDW,837698,333,C_Forecast,DIV_1307 - Pmts Virt Sol Innov and Cons Bkg Tech Admin,4/21/26,"Matera, Jill",,,,,,,,,,"$73,800","$66,000","$60,700","$56,800","$53,000","$53,600","$54,000","$55,200","$55,500","$56,700","$56,000","$56,700","$57,100","$60,800","$62,100","$61,300","$61,800","$62,700","$61,200",-,-,-,-,-,-,-,-,-,-,-,-,-,-,-,-,-,-,-,-,-,-,-,-,-,-,-,-,-,-,-,-,-,-,-,-,-,-,-,-,-,-,-,-,-,-,-,-,-,-,-,-,-,-,-,-,-,-,-,-,-,-,-,-,-,-,-,-,-
100075,TEL,136,CTPLATFORM,A8292080 - Telecommunication,AT&T Corp.,AT&T,Network and telecommunications services enterprise agreement,8/8/26,8/31/28,VRM200221,"$206,800","$440,200","$350,300",-,,N,Yes,0,"K, Srikantesh",Management Review,Pending final statement of work,,,New,CTB,BC5100069,BC5100069,ATR730076,,7/4/26,7/20/26,900000075,58536181,,"$997,300",7800000075,,Jamie Chen,NAHAS,PO SR Required,6927,C_Forecast,"DIV_1211 - Deposits, Operations and Debit Card Tech",3/12/26,"Tadas, Deepa P.",,,,,,,,,,"$49,600","$44,200","$40,400","$37,700","$34,900","$35,100","$35,100","$35,600","$35,600","$36,200","$35,600","$35,800","$36,000","$38,300","$39,100","$38,700","$39,100","$39,900","$39,100","$44,000","$45,400","$44,500","$45,100","$46,300","$46,000",-,-,-,-,-,-,-,-,-,-,-,-,-,-,-,-,-,-,-,-,-,-,-,-,-,-,-,-,-,-,-,-,-,-,-,-,-,-,-,-,-,-,-,-,-,-,-,-,-,-,-,-,-,-,-,-,-,-,-,-,-,-,-
100076,SAAS,114,CTADMIN,A8201904 - Software as a Service,Snowflake Inc.,Snowflake,Cloud data platform subscription,8/16/26,8/31/31,VRM200132,"$806,800","$1,695,200","$2,244,000","$3,058,200",,N,Yes,,"K, Srikantesh",Submitted to Sponsor,Legal review pending,,,Renewal,CTB,BC5100007,BC5100068,ATR730047,,2/21/26,6/4/26,900000076,59119762,,"$17,501,800",7800000076,TFT,Taylor Brooks,ATMP,6356,1602,C_Forecast,DIV_1548 - Pmts Virt Sol Innov Platform Management,1/22/26,"K, Srikantesh",AST0700075,,,,,,,,,"$194,300","$172,700","$157,700","$146,600","$135,500","$135,800","$135,700","$137,400","$137,200","$139,100","$136,700","$137,700","$138,300","$147,100","$150,500","$148,900","$150,800","$154,100","$151,700","$171,000","$176,900","$173,700","$176,500","$181,500","$180,700","$208,400","$215,400","$225,400","$228,700","$227,100","$231,300","$229,700","$226,700","$226,000","$230,500","$228,500","$228,700","$291,500","$303,600","$313,900","$320,700","$335,000","$331,900","$332,500","$333,700","$326,700","$324,800","$329,700","$331,600","$476,300","$502,400","$566,000","$577,000","$619,300","$607,000","$613,900","$613,000","$617,400","$619,000","$624,100","$616,300",-,-,-,-,-,-,-,-,-,-,-,-,-,-,-,-,-,-,-,-,-,-,-,-,-,-,-
100077,FB,115,CTPLATFORM,A8501945 - Outsourcing Contract - Fixed Bid,Verizon Business Network Services,Verizon,Enterprise telecommunications services renewal,8/8/26,8/31/31,VRM200180,"$837,600","$1,741,900","$2,345,400","$3,164,600",check investment date,Y,Yes,,"K, Srikantesh",New,Pricing validation in progress,0,-,Commited,RTB,BC5100113,BC5100113,ATR730078,,5/23/26,6/6/26,900000077,82246365,,"$18,181,400",7800000077,TFT,Dana Williams,CCS,4643,9806,C_Forecast,DIV_1307 - Pmts Virt Sol Innov and Cons Bkg Tech Admin,7/13/26,"Matera, Jill",AST0700076,,,,,,,,,"$202,500","$179,600","$163,700","$151,800","$140,000","$140,100","$139,700","$141,200","$140,800","$142,600","$140,000","$141,100","$141,800","$151,000","$154,700","$153,300","$155,600","$159,400","$157,200","$177,700","$184,300","$181,400","$184,700","$190,200","$189,500","$218,700","$226,100","$236,500","$239,700","$237,700","$241,700","$239,600","$236,100","$234,800","$238,900","$236,300","$236,000","$300,200","$312,100","$322,300","$328,900","$343,300","$340,100","$340,800","$342,200","$335,500","$334,100","$339,900","$342,600","$493,300","$521,700","$589,100","$602,000","$647,400","$635,700","$643,600","$643,200","$648,000","$649,500","$654,400","$645,500",-,-,-,-,-,-,-,-,-,-,-,-,-,-,-,-,-,-,-,-,-,-,-,-,-,-,-
100089,SW,135,CTBSTT,A8200050 - Software License,Infosys Limited,Infosys,Managed application support services,8/27/26,2/29/28,VRM200114,"$198,900","$423,300","$75,900",-,,N,Yes,,"K, Srikantesh",LOB Execution,Budget owner confirmed,0,,Renewal,RTB,BC5100097,BC5100097,ATR730000,,6/24/26,7/20/26,900000089,99580243,,"$698,100",7800000089,,Casey Rivera,TTMS,5340,MarTech,C_Forecast,DIV_2636 - Teller,7/14/26,"Eckman, Bradly T.",AST0700088,,,,,,,,,"$47,700","$42,500","$38,900","$36,200","$33,600","$33,700","$33,800","$34,200","$34,300","$34,800","$34,200","$34,500","$34,600","$36,800","$37,600","$37,200","$37,600","$38,300","$37,600",-,-,-,-,-,-,-,-,-,-,-,-,-,-,-,-,-,-,-,-,-,-,-,-,-,-,-,-,-,-,-,-,-,-,-,-,-,-,-,-,-,-,-,-,-,-,-,-,-,-,-,-,-,-,-,-,-,-,-,-,-,-,-,-,-,-,-,-,-
100090,DATA,135,CTMARTECH,A8590820 - Other Outside Data Processing,Google LLC,Google Cloud,Cloud data and analytics services enterprise agreement,8/9/26,8/31/32,VRM200101,"$169,000","$354,900","$469,900","$640,400",,N,Yes,,"Eckman, Bradley T.",Submitted to Sponsor,Vendor onboarding completed,,,Renewal,RTB,BC5100111,BC5100111,ATR730078,,6/16/26,6/21/26,900000090,82771733,,"$6,410,200",7800000090,,Morgan Patel,DCSN,1311,8508,C_Forecast,DIV_1307 - Pmts Virt Sol Innov and Cons Bkg Tech Admin,4/9/26,"Ashwathappa, Rakesh",AST0700089,,,,,,,,,"$40,700","$36,200","$33,000","$30,700","$28,400","$28,400","$28,400","$28,800","$28,700","$29,100","$28,600","$28,800","$29,000","$30,800","$31,500","$31,200","$31,600","$32,300","$31,800","$35,800","$37,000","$36,400","$37,000","$38,000","$37,800","$43,600","$45,100","$47,200","$47,900","$47,600","$48,400","$48,100","$47,500","$47,300","$48,300","$47,800","$47,900","$61,000","$63,600","$65,700","$67,200","$70,200","$69,500","$69,600","$69,900","$68,400","$68,000","$69,000","$69,400","$99,700","$105,200","$118,500","$120,800","$129,700","$127,100","$128,500","$128,400","$129,300","$129,600","$130,700","$129,000","$195,500","$202,900","$216,300","$225,400","$239,400","$243,000","$240,000","$238,600","$239,100","$232,900","$236,900","$235,500",-,-,-,-,-,-,-,-,-,-,-,-,-,-,-
100091,T&M,141,CTMARTECH,A8501946 - Outsourcing Contract - Time & Materials,Tata Consultancy Services,TCS,Application maintenance and delivery services enterprise agreement,8/22/26,8/31/30,VRM200216,"$652,100","$1,355,700","$1,826,000","$2,463,700",,N,Yes,,"zz.Ejiofor, Justina",LOB Execution,Budget owner confirmed,,,Renewal,CTB,BC5100081,BC5100077,ATR730026,,3/14/26,7/29/26,900000091,35037909,,"$8,413,900",7800000091,TFT,Reese Martin,CDP2C,833311,7512,C_Forecast,"DIV_1211 - Deposits, Operations and Debit Card Tech",6/1/26,"Tadas, Deepa P.",AST0700090,,,,,,,,,"$157,700","$139,800","$127,400","$118,200","$109,000","$109,000","$108,700","$109,900","$109,600","$111,000","$109,000","$109,800","$110,400","$117,500","$120,400","$119,300","$121,100","$124,100","$122,400","$138,400","$143,500","$141,200","$143,800","$148,100","$147,500","$170,300","$176,000","$184,100","$186,600","$185,100","$188,200","$186,600","$183,800","$182,800","$186,000","$183,900","$183,700","$233,700","$243,000","$250,900","$256,000","$267,300","$264,800","$265,300","$266,400","$261,200","$260,100","$264,600","$266,700",-,-,-,-,-,-,-,-,-,-,-,-,-,-,-,-,-,-,-,-,-,-,-,-,-,-,-,-,-,-,-,-,-,-,-,-,-,-,-
100093,SW,122,CTHLT,Fixed Assets (Peoplesoft) - SWL,IBM Corporation,IBM,Mainframe software and technical support,8/23/26,2/29/28,VRM200241,"$49,500","$109,900","$19,800",-,,N,Yes,,"K, Srikantesh",Management Review,Includes affiliate services,,,New,CTB,BC5100111,BC5100111,ATR730038,,1/10/26,5/7/26,900000093,65433502,,"$179,200",7800000093,TFT,Taylor Brooks,QLTRCS,288868,9249,C_Forecast,DIV_1550 - Branch Operations Enablement,4/8/26,"Ashwathappa, Rakesh",AST0700092,,,,,,,,,"$11,800","$10,500","$9,700","$9,100","$8,400","$8,500","$8,600","$8,800","$8,800","$9,000","$8,900","$9,000","$9,100","$9,700","$9,900","$9,800","$9,800","$10,000","$9,800",-,-,-,-,-,-,-,-,-,-,-,-,-,-,-,-,-,-,-,-,-,-,-,-,-,-,-,-,-,-,-,-,-,-,-,-,-,-,-,-,-,-,-,-,-,-,-,-,-,-,-,-,-,-,-,-,-,-,-,-,-,-,-,-,-,-,-,-,-
100101,FB,143,CTCCPTPYMTS,A8501945 - Outsourcing Contract - Fixed Bid,Microsoft Corporation,Microsoft,Enterprise software subscriptions and support enterprise agreement,8/21/26,8/31/27,VRM200150,"$290,100","$410,400",-,-,,N,Yes,,"zz.Brennecke, Jana",Management Review,Security assessment completed,0,-,New,CTB,BC5100062,BC5100062,ATR730049,,3/7/26,5/25/26,900000101,69260419,,"$700,500",7800000101,TFT,Casey Rivera,QLTRCS,7241,7580,C_Forecast,DIV_2637 - Consumer Payments,6/24/26,"Eckman, Bradly T.",AST0700100,,,,,,,,,"$69,100","$61,800","$56,700","$53,100","$49,400","$49,800","$50,100","$51,100","$51,300","$52,200","$51,500","$52,000","$52,400",-,-,-,-,-,-,-,-,-,-,-,-,-,-,-,-,-,-,-,-,-,-,-,-,-,-,-,-,-,-,-,-,-,-,-,-,-,-,-,-,-,-,-,-,-,-,-,-,-,-,-,-,-,-,-,-,-,-,-,-,-,-,-,-,-,-,-,-,-,-,-,-,-,-,-
100092,SAAS,118,CTADMIN,Fixed Assets (Peoplesoft) - SAAS,AT&T Corp.,AT&T,Network and telecommunications services enterprise agreement,8/27/26,8/31/30,VRM200149,"$94,700","$213,800","$267,900","$365,700",,N,Yes,0,"zz.Brennecke, Jana",New,Budget owner confirmed,,-,New,CTB,BC5100116,BC5100116,ATR730021,,4/28/26,8/19/26,900000092,93480267,,"$1,280,400",7800000092,,Dana Williams,ICEDQ,159307,MarTech,C_Forecast,"DIV_1211 - Deposits, Operations and Debit Card Tech",5/27/26,"K, Srikantesh",,,,,,,,,,"$22,500","$20,100","$18,500","$17,400","$16,200","$16,400","$16,600","$17,000","$17,100","$17,500","$17,300","$17,600","$17,700","$18,900","$19,300","$19,100","$19,300","$19,500","$19,100","$21,300","$21,700","$21,100","$21,200","$21,500","$21,200","$24,300","$24,900","$25,900","$26,200","$26,000","$26,600","$26,500","$26,300","$26,400","$27,200","$27,200","$27,500","$35,500","$37,300","$39,000","$40,200","$42,400","$42,300","$42,600","$42,900","$42,000","$41,700","$42,200","$42,200",-,-,-,-,-,-,-,-,-,-,-,-,-,-,-,-,-,-,-,-,-,-,-,-,-,-,-,-,-,-,-,-,-,-,-,-,-,-,-
100094,SAAS,117,CTSB,Fixed Assets (Peoplesoft) - SAAS,"Amazon Web Services, Inc.",AWS,Cloud infrastructure and managed services,8/18/26,8/31/28,VRM200140,"$132,900","$291,200","$227,900",-,,N,Yes,,"zz.Ejiofor, Justina",Submitted to Sponsor,Legal review pending,,,Renewal,CTB,BC5100094,BC5100062,ATR730066,,3/6/26,8/15/26,900000094,50078650,,"$652,000",7800000094,,Morgan Patel,DCSN,5807,9812,C_Forecast,DIV_1307 - Pmts Virt Sol Innov and Cons Bkg Tech Admin,2/10/26,"K, Srikantesh",AST0700093,,,,,,,,,"$31,700","$28,300","$26,000","$24,300","$22,600","$22,800","$23,000","$23,400","$23,500","$23,900","$23,600","$23,800","$24,000","$25,500","$26,100","$25,700","$25,900","$26,400","$25,800","$28,800","$29,600","$28,900","$29,100","$29,800","$29,500",-,-,-,-,-,-,-,-,-,-,-,-,-,-,-,-,-,-,-,-,-,-,-,-,-,-,-,-,-,-,-,-,-,-,-,-,-,-,-,-,-,-,-,-,-,-,-,-,-,-,-,-,-,-,-,-,-,-,-,-,-,-,-
100095,DEPR,127,CTEDP,Fixed Assets (Peoplesoft) - DEPR,"Oracle America, Inc.",Oracle,Database platform licensing and maintenance enterprise agreement,8/14/26,8/31/29,VRM200134,"$57,200","$123,600","$158,700","$129,400",,N,Yes,,"Eckman, Bradley T.",LOB Execution,Legal review pending,0,,Commited,CTB,BC5100049,BC5100049,ATR730012,,1/27/26,7/8/26,900000095,14835453,,"$468,900",7800000095,TFT,Morgan Patel,HK,630784,5723,C_Forecast,DIV_2636 - Teller,1/25/26,"Abiodun, Dare",,,,,,,,,,"$13,700","$12,200","$11,200","$10,400","$9,700","$9,800","$9,800","$10,000","$10,000","$10,100","$10,000","$10,100","$10,100","$10,800","$11,000","$10,900","$11,000","$11,200","$10,900","$12,300","$12,600","$12,300","$12,500","$12,800","$12,700","$14,600","$15,100","$15,700","$16,000","$15,900","$16,200","$16,200","$16,000","$16,000","$16,400","$16,300","$16,400",-,-,-,-,-,-,-,-,-,-,-,-,-,-,-,-,-,-,-,-,-,-,-,-,-,-,-,-,-,-,-,-,-,-,-,-,-,-,-,-,-,-,-,-,-,-,-,-,-,-,-
100109,OEM,119,CTARCHENG,Fixed Assets (Peoplesoft) - OEM,"ServiceNow, Inc.",ServiceNow,IT service management subscription renewal,8/28/26,8/31/27,VRM200122,"$239,400","$334,300",-,-,,N,No,0,"K, Srikantesh",Cancelled,Pending final statement of work,0,-,Renewal,CTB,BC5100063,BC5100071,ATR730007,Web Server,4/2/26,5/17/26,900000109,84871131,,"$573,700",7800000109,,Reese Martin,SBLO,PO SR Required,MarTech,C_Forecast,DIV_2842 - Digital Channel Technology,4/6/26,"Agarwal, Ushika",AST0700108,,,,,,,,,"$57,200","$51,100","$46,800","$43,700","$40,600","$40,900","$41,000","$41,700","$41,800","$42,500","$41,800","$42,200","$42,400",-,-,-,-,-,-,-,-,-,-,-,-,-,-,-,-,-,-,-,-,-,-,-,-,-,-,-,-,-,-,-,-,-,-,-,-,-,-,-,-,-,-,-,-,-,-,-,-,-,-,-,-,-,-,-,-,-,-,-,-,-,-,-,-,-,-,-,-,-,-,-,-,-,-,-
100096,T&M,137,CTDLR,A8501906 - Outsourcing/Technical Contract,"ServiceNow, Inc.",ServiceNow,IT service management subscription,8/31/26,8/31/29,VRM200151,"$211,000","$449,300","$585,200","$477,900",beeline#,Y,No,,"S, Rajashekar",Execution Complete,No action required,,-,New,RTB,BC5100115,BC5100115,ATR730026,,7/3/26,8/4/26,900000096,87801648,,"$1,723,400",7800000096,,Jordan Lee,1CR5,559223,6699,C_Forecast,DIV_2636 - Teller,6/15/26,"Tadas, Deepa P.",,,,,,,,,,"$50,600","$45,100","$41,300","$38,400","$35,600","$35,800","$35,800","$36,400","$36,400","$36,900","$36,300","$36,600","$36,800","$39,100","$39,900","$39,400","$39,900","$40,700","$39,900","$44,900","$46,300","$45,400","$46,000","$47,200","$46,900","$54,100","$55,900","$58,500","$59,400","$59,000","$60,200","$59,800","$59,200","$59,100","$60,400","$60,000","$60,200",-,-,-,-,-,-,-,-,-,-,-,-,-,-,-,-,-,-,-,-,-,-,-,-,-,-,-,-,-,-,-,-,-,-,-,-,-,-,-,-,-,-,-,-,-,-,-,-,-,-,-
100097,T&M,125,CTEDP,A8501946 - Outsourcing Contract - Time & Materials,Adobe Inc.,Adobe,Digital experience platform subscription renewal,8/23/26,8/31/28,VRM200219,"$264,700","$556,300","$448,200",-,,N,Yes,,"K, Srikantesh",Finance - Confirming,Invoice schedule under review,0,,Renewal,CTB,BC5100017,BC5100093,ATR730000,,6/23/26,7/12/26,900000097,25246458,,"$1,269,200",7800000097,,Reese Martin,DCSN,660236,7142,C_Forecast,DIV_3188 - Marketing Technology Enablement,3/13/26,"Ashwathappa, Rakesh",AST0700096,,,,,,,,,"$63,700","$56,700","$51,700","$48,100","$44,500","$44,600","$44,500","$45,100","$45,000","$45,600","$44,800","$45,200","$45,400","$48,300","$49,400","$48,900","$49,500","$50,600","$49,800","$56,100","$58,000","$57,000","$57,900","$59,500","$59,300",-,-,-,-,-,-,-,-,-,-,-,-,-,-,-,-,-,-,-,-,-,-,-,-,-,-,-,-,-,-,-,-,-,-,-,-,-,-,-,-,-,-,-,-,-,-,-,-,-,-,-,-,-,-,-,-,-,-,-,-,-,-,-
100098,SAAS,110,CTEDP,A8201904 - Software as a Service,Adobe Inc.,Adobe,Digital experience platform subscription renewal,8/25/26,8/31/33,VRM200226,"$327,700","$681,600","$917,700","$1,238,300",VRM,Y,No,,"K, Srikantesh",Execution Complete,Includes affiliate services,0,,New,CTB,BC5100055,BC5100020,ATR730039,,4/6/26,8/2/26,900000098,84871131,,"$25,545,800",7800000098,TFT,Alex Morgan,NAHAS,PO SR Required,2328,C_Forecast,DIV_1548 - Pmts Virt Sol Innov Platform Management,7/6/26,"Tadas, Deepa P.",,,,,,,,,,"$79,200","$70,300","$64,000","$59,400","$54,800","$54,800","$54,700","$55,200","$55,100","$55,800","$54,800","$55,200","$55,500","$59,100","$60,500","$60,000","$60,900","$62,400","$61,500","$69,500","$72,100","$71,000","$72,300","$74,400","$74,100","$85,600","$88,500","$92,500","$93,800","$93,000","$94,600","$93,800","$92,400","$91,900","$93,500","$92,400","$92,300","$117,500","$122,100","$126,100","$128,700","$134,300","$133,100","$133,400","$133,900","$131,300","$130,700","$133,000","$134,100","$193,000","$204,100","$230,500","$235,600","$253,300","$248,700","$251,800","$251,700","$253,500","$254,100","$256,100","$252,600","$382,100","$395,800","$421,200","$437,900","$464,200","$469,900","$463,200","$459,500","$459,600","$447,000","$454,200","$451,100","$770,000","$808,600","$835,100","$907,100","$1,223,200","$1,214,900","$1,220,700","$1,220,200","$1,215,100","$1,228,500","$1,236,000","$1,246,600",-,-,-
100112,SW,138,CTPLATFORM,A8200045 - Software Maintenance,Google LLC,Google Cloud,Cloud data and analytics services,8/30/26,8/31/27,VRM200114,"$191,200","$257,300",-,-,,N,No,0,"Eckman, Bradley T.",Execution Complete,Includes affiliate services,,,Commited,CTB,BC5100069,BC5100069,ATR730052,Web Server,8/5/26,8/15/26,900000112,12604042,,"$448,500",7800000112,TFT,Taylor Brooks,GLDMN,3338,6207,C_Forecast,"DIV_1211 - Deposits, Operations and Debit Card Tech",8/7/26,"Matera, Jill",AST0700111,,,,,,,,,"$46,200","$41,000","$37,400","$34,600","$32,000","$32,000","$31,900","$32,200","$32,100","$32,500","$32,000","$32,200","$32,400",-,-,-,-,-,-,-,-,-,-,-,-,-,-,-,-,-,-,-,-,-,-,-,-,-,-,-,-,-,-,-,-,-,-,-,-,-,-,-,-,-,-,-,-,-,-,-,-,-,-,-,-,-,-,-,-,-,-,-,-,-,-,-,-,-,-,-,-,-,-,-,-,-,-,-
100099,T&M,122,CTHLT,A8501906 - Outsourcing/Technical Contract,Deloitte Consulting LLP,Deloitte,Technology consulting services,8/13/26,2/29/28,VRM200166,"$880,700","$1,991,500","$359,300",-,,N,Yes,,"zz.Luloff, Julie",Management Review,Security assessment completed,,,Commited,CTB,BC5100098,BC5100098,ATR730008,,4/5/26,7/26/26,900000099,59052659,,"$3,231,500",7800000099,,Jamie Chen,ATMP,748325,1667,C_Forecast,DIV_1548 - Pmts Virt Sol Innov Platform Management,8/7/26,"Matera, Jill",AST0700098,,,,,,,,,"$209,000","$187,000","$172,200","$161,600","$150,900","$152,900","$154,500","$158,100","$159,400","$163,000","$161,500","$163,700","$165,200","$176,100","$180,100","$177,800","$179,200","$181,900","$177,400",-,-,-,-,-,-,-,-,-,-,-,-,-,-,-,-,-,-,-,-,-,-,-,-,-,-,-,-,-,-,-,-,-,-,-,-,-,-,-,-,-,-,-,-,-,-,-,-,-,-,-,-,-,-,-,-,-,-,-,-,-,-,-,-,-,-,-,-,-
100100,DATA,127,CTDLR,A8590820 - Other Outside Data Processing,"ServiceNow, Inc.",ServiceNow,IT service management subscription renewal,8/8/26,8/31/28,VRM200223,"$133,000","$296,100","$230,600",-,,N,Yes,0,"zz.Brennecke, Jana",LOB Review,Pricing validation in progress,,,Renewal,RTB,BC5100032,BC5100021,ATR730002,,12/16/25,3/8/26,900000100,29429547,,"$659,700",7800000100,,Avery Johnson,Goldmine (WFF) GLDMN,8770,9194,C_Forecast,DIV_2714 - Enterprise Data Platforms,7/28/26,"Matera, Jill",,,,,,,,,,"$31,600","$28,300","$26,000","$24,400","$22,700","$23,000","$23,200","$23,600","$23,800","$24,300","$24,000","$24,300","$24,500","$26,000","$26,600","$26,300","$26,500","$26,900","$26,200","$29,300","$30,000","$29,200","$29,400","$30,000","$29,600",-,-,-,-,-,-,-,-,-,-,-,-,-,-,-,-,-,-,-,-,-,-,-,-,-,-,-,-,-,-,-,-,-,-,-,-,-,-,-,-,-,-,-,-,-,-,-,-,-,-,-,-,-,-,-,-,-,-,-,-,-,-,-
100102,SAAS,114,CTHLT,Fixed Assets (Peoplesoft) - SAAS,"Amazon Web Services, Inc.",AWS,Cloud infrastructure and managed services renewal,8/13/26,8/31/32,VRM200224,"$865,200","$1,867,300","$2,398,800","$3,305,100",,N,Yes,,"Kollapally, Suraj",New,Invoice schedule under review,,-,Renewal,CTB,BC5100065,BC5100065,ATR730072,,1/26/26,2/20/26,900000102,73461498,,"$33,073,500",7800000102,TFT,Riley Kim,CDP2C,8045,6543,C_Forecast,DIV_2636 - Teller,7/16/26,System,AST0700101,,,,,,,,,"$206,900","$184,500","$169,200","$157,900","$146,700","$147,700","$148,200","$150,700","$151,000","$153,400","$151,100","$152,500","$153,300","$162,900","$166,400","$164,300","$165,800","$168,800","$165,300","$185,500","$190,900","$186,600","$188,700","$193,300","$191,700","$220,600","$227,700","$238,100","$241,600","$240,300","$245,200","$244,200","$241,900","$242,100","$247,900","$246,800","$248,200","$317,800","$332,300","$344,900","$353,500","$370,200","$367,400","$368,400","$369,600","$361,600","$358,700","$363,100","$363,800","$520,300","$546,200","$612,200","$621,000","$663,300","$647,400","$652,300","$649,500","$652,900","$653,900","$659,300","$651,600","$989,000","$1,028,800","$1,100,600","$1,151,000","$1,227,700","$1,251,300","$1,241,600","$1,239,700","$1,247,600","$1,220,000","$1,245,500","$1,241,600",-,-,-,-,-,-,-,-,-,-,-,-,-,-,-
100487,SW,111,CTSB,A8200050 - Software License,"Fiserv, Inc.",Fiserv,Payments processing software and support enterprise agreement,8/22/26,8/31/28,VRM200205,"$40,900","$88,400","$69,500",-,,N,Yes,,"S, Rajashekar",Analyst Review,Migration dependency tracked,,,New,RTB,BC5100081,BC5100081,ATR730031,Web Server,2/20/26,7/7/26,900000487,89176144,,"$198,800",7800000487,TFT,Jamie Chen,HOGAN CIS,233698,7638,C_Forecast,DIV_2383 - Consumer Lending Technology Architecture,1/8/26,System,AST0700486,,,,,,,,,"$9,800","$8,700","$8,000","$7,500","$6,900","$7,000","$7,000","$7,100","$7,100","$7,300","$7,200","$7,200","$7,300","$7,700","$7,900","$7,800","$7,800","$8,000","$7,800","$8,800","$9,000","$8,800","$8,900","$9,100","$9,100",-,-,-,-,-,-,-,-,-,-,-,-,-,-,-,-,-,-,-,-,-,-,-,-,-,-,-,-,-,-,-,-,-,-,-,-,-,-,-,-,-,-,-,-,-,-,-,-,-,-,-,-,-,-,-,-,-,-,-,-,-,-,-
100103,SW,130,CTPLATFORM,A8200045 - Software Maintenance,Infosys Limited,Infosys,Managed application support services,8/14/26,8/31/33,VRM200181,"$90,900","$193,400","$251,900","$345,900",,N,Yes,,"zz.Luloff, Julie",Analyst Review,Invoice schedule under review,0,,New,RTB,BC5100024,BC5100024,ATR730018,,4/19/26,5/31/26,900000103,61495692,,"$7,148,100",7800000103,,Riley Kim,TTMS,4818,4567,C_Forecast,DIV_2842 - Digital Channel Technology,2/21/26,"zz.Luloff, Julie",AST0700102,,,,,,,,,"$21,800","$19,400","$17,800","$16,600","$15,300","$15,400","$15,400","$15,700","$15,700","$15,900","$15,600","$15,700","$15,800","$16,800","$17,200","$17,000","$17,200","$17,500","$17,200","$19,300","$19,900","$19,500","$19,800","$20,300","$20,200","$23,300","$24,100","$25,200","$25,600","$25,400","$25,900","$25,800","$25,500","$25,500","$26,000","$25,800","$25,900","$33,100","$34,600","$35,800","$36,600","$38,300","$38,000","$38,000","$38,200","$37,300","$37,100","$37,600","$37,700","$54,000","$56,900","$63,900","$65,000","$69,600","$68,100","$68,700","$68,500","$69,000","$69,100","$69,700","$68,900","$104,500","$108,600","$116,000","$121,100","$128,900","$131,100","$129,800","$129,300","$129,800","$126,700","$129,100","$128,500","$219,600","$230,700","$238,100","$258,200","$347,300","$343,800","$344,000","$342,300","$339,200","$341,200","$341,600","$343,000",-,-,-
100104,T&M,139,CTDLR,A8501906 - Outsourcing/Technical Contract,IBM Corporation,IBM,Mainframe software and technical support,8/19/26,8/31/32,VRM200155,"$136,500","$286,900","$379,900","$517,700",,N,Yes,4933,"Kollapally, Suraj",LOB Execution,Includes affiliate services,,,New,CTB,BC5100045,BC5100045,ATR730001,,4/27/26,5/16/26,900000104,59661767,,"$5,182,200",7800000104,,Reese Martin,ACCLQ,9457,3886,C_Forecast,DIV_1550 - Branch Operations Enablement,4/26/26,"Kollapally, Suraj",AST0700103,,,,,,,,,"$32,900","$29,200","$26,700","$24,800","$22,900","$23,000","$23,000","$23,300","$23,200","$23,500","$23,100","$23,300","$23,400","$24,900","$25,500","$25,200","$25,500","$26,100","$25,700","$28,900","$29,900","$29,400","$29,900","$30,700","$30,600","$35,300","$36,500","$38,200","$38,700","$38,400","$39,200","$38,900","$38,400","$38,300","$39,000","$38,700","$38,700","$49,300","$51,400","$53,100","$54,300","$56,700","$56,200","$56,300","$56,500","$55,300","$55,000","$55,800","$56,100","$80,600","$85,000","$95,800","$97,700","$104,800","$102,800","$103,900","$103,800","$104,500","$104,800","$105,700","$104,300","$158,100","$164,000","$174,900","$182,200","$193,600","$196,400","$194,000","$192,900","$193,300","$188,300","$191,500","$190,400",-,-,-,-,-,-,-,-,-,-,-,-,-,-,-
100552,T&M,138,CTTOCIO,A8501946 - Outsourcing Contract - Time & Materials,AT&T Corp.,AT&T,Network and telecommunications services renewal,9/21/26,3/31/27,VRM200242,"$206,100","$137,600",-,-,,N,Yes,,"zz.Brennecke, Jana",LOB Execution,Vendor onboarding completed,0,,New,CTB,BC5100035,BC5100035,ATR730051,,3/14/26,5/1/26,900000552,21170057,,"$343,700",7800000552,,Avery Johnson,CFSBI,369978,MarTech,C_Forecast,DIV_2714 - Enterprise Data Platforms,7/16/26,"K, Srikantesh",AST0700551,,,,,,,,,-,"$58,100","$53,100","$49,300","$45,600","$45,700","$45,700","$46,200",-,-,-,-,-,-,-,-,-,-,-,-,-,-,-,-,-,-,-,-,-,-,-,-,-,-,-,-,-,-,-,-,-,-,-,-,-,-,-,-,-,-,-,-,-,-,-,-,-,-,-,-,-,-,-,-,-,-,-,-,-,-,-,-,-,-,-,-,-,-,-,-,-,-,-,-,-,-,-,-
100557,SW,113,CTBSTT,A8200045 - Software Maintenance,"ServiceNow, Inc.",ServiceNow,IT service management subscription,9/6/26,3/31/28,VRM200238,"$263,000","$746,000","$207,600",-,,N,Yes,,"Eckman, Bradley T.",New,Budget owner confirmed,,-,New,CTB,BC5100046,BC5100046,ATR730041,Web Server,6/28/26,7/9/26,900000557,29429547,,"$1,216,600",7800000557,,Riley Kim,DMSBA,6479,4200,C_Forecast,DIV_3055 - Cybersecurity Platform Services,6/6/26,"Eckman, Bradly T.",AST0700556,,,,,,,,,-,"$73,700","$67,600","$63,100","$58,600","$59,000","$59,200","$60,200","$60,300","$61,300","$60,400","$60,900","$61,200","$65,100","$66,500","$65,600","$66,300","$67,400","$66,100","$74,100",-,-,-,-,-,-,-,-,-,-,-,-,-,-,-,-,-,-,-,-,-,-,-,-,-,-,-,-,-,-,-,-,-,-,-,-,-,-,-,-,-,-,-,-,-,-,-,-,-,-,-,-,-,-,-,-,-,-,-,-,-,-,-,-,-,-,-,-
100105,TEL,112,CTCCPTPYMTS,A8292080 - Telecommunication,Microsoft Corporation,Microsoft,Enterprise software subscriptions and support enterprise agreement,8/12/26,8/31/29,VRM200210,"$45,100","$93,600","$125,900","$102,200",,N,Yes,0,"S, Rajashekar",Finance Review,Pricing validation in progress,,,New,CTB,BC5100001,BC5100017,ATR730063,,4/15/26,5/26/26,900000105,68157065,,"$366,800",7800000105,,Reese Martin,SMT#2452 & SR#SR1994083716,1177,5189,C_Forecast,DIV_2921 - Cloud Infrastructure Engineering,1/15/26,System,AST0700104,,,,,,,,,"$10,900","$9,700","$8,800","$8,200","$7,500","$7,500","$7,500","$7,600","$7,600","$7,700","$7,500","$7,600","$7,600","$8,100","$8,300","$8,200","$8,400","$8,600","$8,400","$9,500","$9,900","$9,700","$9,900","$10,200","$10,200","$11,800","$12,100","$12,700","$12,900","$12,800","$13,000","$12,900","$12,700","$12,600","$12,800","$12,700","$12,700",-,-,-,-,-,-,-,-,-,-,-,-,-,-,-,-,-,-,-,-,-,-,-,-,-,-,-,-,-,-,-,-,-,-,-,-,-,-,-,-,-,-,-,-,-,-,-,-,-,-,-
100106,SW,133,CTSB,Fixed Assets (Peoplesoft) - SWM,"Fiserv, Inc.",Fiserv,Payments processing software and support enterprise agreement,8/16/26,8/31/33,VRM200242,"$128,600","$290,900","$364,300","$497,400",,N,Yes,0,"Tadas, Deepa P.",LOB Review,Pending final statement of work,,,Commited,RTB,BC5100016,BC5100016,ATR730077,,7/9/26,7/26/26,900000106,91908536,,"$10,588,100",7800000106,TFT,Casey Rivera,HOGAN CIS,PO SR Required,5819,C_Forecast,DIV_2921 - Cloud Infrastructure Engineering,2/9/26,"K, Srikantesh",,,,,,,,,,"$30,500","$27,300","$25,200","$23,600","$22,000","$22,300","$22,600","$23,100","$23,300","$23,800","$23,600","$23,900","$24,100","$25,700","$26,300","$26,000","$26,200","$26,600","$25,900","$28,900","$29,600","$28,700","$28,800","$29,300","$28,800","$33,000","$33,800","$35,200","$35,700","$35,400","$36,100","$36,000","$35,800","$35,900","$37,000","$37,000","$37,400","$48,200","$50,800","$53,100","$54,700","$57,600","$57,500","$57,900","$58,300","$57,100","$56,700","$57,400","$57,300","$81,700","$85,300","$95,100","$95,800","$101,600","$98,400","$98,400","$97,300","$97,300","$96,900","$97,400","$96,000","$145,600","$151,600","$162,500","$170,500","$182,600","$187,100","$186,800","$187,700","$190,100","$187,200","$192,300","$192,900","$331,900","$350,500","$363,300","$394,900","$531,500","$525,400","$524,100","$518,800","$510,700","$509,600","$505,600","$502,700",-,-,-
100578,FB,116,CTEDP,A8501945 - Outsourcing Contract - Fixed Bid,"Oracle America, Inc.",Oracle,Database platform licensing and maintenance,10/12/26,10/31/27,VRM200241,"$31,700","$103,000",-,-,,N,Yes,0,"zz.Luloff, Julie",Submitted to Sponsor,Invoice schedule under review,,,New,RTB,BC5100026,BC5100026,ATR730025,,6/20/26,7/11/26,900000578,87080284,,"$134,700",7800000578,,Avery Johnson,ACCLQ,PO SR Required,6448,C_Forecast,DIV_2921 - Cloud Infrastructure Engineering,5/21/26,"Kollapally, Suraj",AST0700577,,,,,,,,,-,-,"$11,300","$10,600","$9,800","$9,900","$9,900","$10,100","$10,100","$10,300","$10,100","$10,200","$10,300","$10,900","$11,200",-,-,-,-,-,-,-,-,-,-,-,-,-,-,-,-,-,-,-,-,-,-,-,-,-,-,-,-,-,-,-,-,-,-,-,-,-,-,-,-,-,-,-,-,-,-,-,-,-,-,-,-,-,-,-,-,-,-,-,-,-,-,-,-,-,-,-,-,-,-,-,-,-
100594,TEL,129,CTPLATFORM,A8292080 - Telecommunication,Deloitte Consulting LLP,Deloitte,Technology consulting services renewal,10/27/26,10/31/27,VRM200234,"$46,200","$146,700",-,-,,N,Yes,0,"Tadas, Deepa P.",New,Budget owner confirmed,,,New,CTB,BC5100082,BC5100103,ATR730009,,8/31/26,8/31/26,900000594,62453992,,"$192,900",7800000594,TFT,Avery Johnson,MOD,4226,MarTech,C_Forecast,DIV_3055 - Cybersecurity Platform Services,5/9/26,"Abiodun, Dare",AST0700593,,,,,,,,,-,-,"$16,600","$15,400","$14,200","$14,300","$14,300","$14,400","$14,400","$14,600","$14,400","$14,500","$14,500","$15,500","$15,800",-,-,-,-,-,-,-,-,-,-,-,-,-,-,-,-,-,-,-,-,-,-,-,-,-,-,-,-,-,-,-,-,-,-,-,-,-,-,-,-,-,-,-,-,-,-,-,-,-,-,-,-,-,-,-,-,-,-,-,-,-,-,-,-,-,-,-,-,-,-,-,-,-
100107,FB,120,CTMARTECH,A8501945 - Outsourcing Contract - Fixed Bid,Verizon Business Network Services,Verizon,Enterprise telecommunications services enterprise agreement,8/12/26,8/31/29,VRM200241,"$66,900","$149,000","$187,700","$151,300",,N,Yes,0,"zz.Ejiofor, Justina",Finance - Managing,Invoice schedule under review,,,Commited,RTB,BC5100047,BC5100047,ATR730039,,2/19/26,3/20/26,900000107,14835453,,"$554,900",7800000107,,Riley Kim,LVRMP,863100,3359,C_Forecast,DIV_3055 - Cybersecurity Platform Services,2/19/26,System,AST0700106,,,,,,,,,"$15,900","$14,200","$13,100","$12,300","$11,400","$11,600","$11,700","$11,900","$12,000","$12,200","$12,100","$12,200","$12,300","$13,100","$13,400","$13,200","$13,300","$13,500","$13,200","$14,800","$15,100","$14,700","$14,800","$15,100","$14,900","$17,100","$17,600","$18,300","$18,600","$18,500","$18,800","$18,800","$18,700","$18,700","$19,200","$19,200","$19,400",-,-,-,-,-,-,-,-,-,-,-,-,-,-,-,-,-,-,-,-,-,-,-,-,-,-,-,-,-,-,-,-,-,-,-,-,-,-,-,-,-,-,-,-,-,-,-,-,-,-,-
100108,SAAS,133,CTDLR,Fixed Assets (Peoplesoft) - SAAS,Infosys Limited,Infosys,Managed application support services,8/19/26,8/31/31,VRM200246,"$68,100","$149,400","$189,600","$261,200",,N,No,0,"zz.Ejiofor, Justina",Cancelled,Renewal documentation completed,0,,Commited,CTB,BC5100103,BC5100103,ATR730052,Web Server,1/27/26,7/12/26,900000108,99826360,,"$1,497,200",7800000108,TFT,Alex Morgan,PWDW,7613,7269,C_Forecast,DIV_2637 - Consumer Payments,5/19/26,"Agarwal, Ushika",AST0700107,,,,,,,,,"$16,200","$14,500","$13,300","$12,500","$11,600","$11,700","$11,800","$12,000","$12,000","$12,300","$12,100","$12,200","$12,300","$13,100","$13,400","$13,200","$13,300","$13,500","$13,200","$14,800","$15,200","$14,800","$14,900","$15,300","$15,100","$17,300","$17,900","$18,700","$18,900","$18,800","$19,200","$19,200","$19,000","$19,100","$19,500","$19,500","$19,600","$25,200","$26,400","$27,500","$28,200","$29,600","$29,400","$29,500","$29,700","$29,000","$28,800","$29,100","$29,100","$41,600","$43,600","$48,700","$49,300","$52,500","$51,100","$51,400","$51,100","$51,300","$51,300","$51,700","$51,100",-,-,-,-,-,-,-,-,-,-,-,-,-,-,-,-,-,-,-,-,-,-,-,-,-,-,-
100110,TEL,122,CTARCHENG,A8292080 - Telecommunication,FIS Global,FIS,Banking platform software and services enterprise agreement,8/12/26,8/31/31,VRM200210,"$200,200","$425,900","$554,800","$761,400",,N,Yes,0,"zz.Ejiofor, Justina",New,Includes affiliate services,0,,New,RTB,BC5100022,BC5100022,ATR730014,,2/4/26,2/21/26,900000110,12490062,,"$4,350,100",7800000110,,Riley Kim,AIM,645026,1759,C_Forecast,DIV_2383 - Consumer Lending Technology Architecture,8/7/26,"zz.Luloff, Julie",AST0700109,,,,,,,,,"$48,000","$42,800","$39,100","$36,500","$33,800","$33,900","$34,000","$34,500","$34,500","$35,000","$34,400","$34,700","$34,800","$37,000","$37,900","$37,400","$37,800","$38,600","$37,800","$42,600","$43,900","$43,000","$43,600","$44,800","$44,500","$51,300","$53,000","$55,400","$56,300","$55,900","$57,000","$56,700","$56,100","$56,000","$57,300","$56,900","$57,100","$72,900","$76,100","$78,800","$80,600","$84,300","$83,600","$83,800","$84,000","$82,200","$81,600","$82,700","$83,000","$119,000","$125,200","$140,700","$143,100","$153,200","$149,900","$151,300","$150,900","$151,900","$152,200","$153,500","$151,700",-,-,-,-,-,-,-,-,-,-,-,-,-,-,-,-,-,-,-,-,-,-,-,-,-,-,-
100168,T&M,136,CTADMIN,A8501906 - Outsourcing/Technical Contract,"ServiceNow, Inc.",ServiceNow,IT service management subscription renewal,8/11/26,2/29/28,VRM200207,"$228,700","$475,500","$86,400",-,,N,Yes,0,"zz.Brennecke, Jana",LOB Review,Consolidated under enterprise agreement,,,New,RTB,BC5100042,BC5100023,ATR730059,,7/22/26,8/2/26,900000168,25246458,,"$790,600",7800000168,,Cameron Smith,PWDW,321794,5332,C_Forecast,DIV_3055 - Cybersecurity Platform Services,1/23/26,"Abiodun, Dare",,,,,,,,,,"$55,300","$49,100","$44,700","$41,400","$38,200","$38,200","$38,100","$38,600","$38,500","$38,900","$38,200","$38,500","$38,700","$41,200","$42,200","$41,900","$42,500","$43,500","$42,900",-,-,-,-,-,-,-,-,-,-,-,-,-,-,-,-,-,-,-,-,-,-,-,-,-,-,-,-,-,-,-,-,-,-,-,-,-,-,-,-,-,-,-,-,-,-,-,-,-,-,-,-,-,-,-,-,-,-,-,-,-,-,-,-,-,-,-,-,-
100111,DEPR,123,CTMARTECH,Fixed Assets (Peoplesoft) - DEPR,Broadcom Inc.,Broadcom,Infrastructure software maintenance,8/28/26,8/31/29,VRM200185,"$138,200","$290,600","$384,600","$313,400",,N,Yes,0,"S, Rajashekar",Submitted to Sponsor,Includes affiliate services,,,New,RTB,BC5100069,BC5100069,ATR730012,,5/21/26,8/10/26,900000111,79785255,,"$1,126,800",7800000111,,Jamie Chen,BREF,827664,MarTech,C_Forecast,DIV_1548 - Pmts Virt Sol Innov Platform Management,8/7/26,"Eckman, Bradly T.",,,,,,,,,,"$33,300","$29,600","$27,000","$25,100","$23,200","$23,300","$23,300","$23,600","$23,500","$23,800","$23,400","$23,600","$23,700","$25,200","$25,800","$25,500","$25,900","$26,400","$26,000","$29,300","$30,300","$29,800","$30,300","$31,100","$31,000","$35,700","$36,900","$38,600","$39,200","$38,900","$39,600","$39,400","$38,900","$38,700","$39,500","$39,200","$39,200",-,-,-,-,-,-,-,-,-,-,-,-,-,-,-,-,-,-,-,-,-,-,-,-,-,-,-,-,-,-,-,-,-,-,-,-,-,-,-,-,-,-,-,-,-,-,-,-,-,-,-
100113,SAAS,114,CTTOCIO,Fixed Assets (Peoplesoft) - SAAS,Verizon Business Network Services,Verizon,Enterprise telecommunications services renewal,8/31/26,8/31/29,VRM200202,"$168,200","$380,500","$476,400","$380,100",,N,No,,"Eckman, Bradley T.",Cancelled,Budget owner confirmed,,-,Commited,CTB,BC5100084,BC5100084,ATR730037,,6/6/26,6/10/26,900000113,31369608,,"$1,405,200",7800000113,,Reese Martin,HOGAN CIS,5762,MarTech,C_Forecast,DIV_1307 - Pmts Virt Sol Innov and Cons Bkg Tech Admin,8/5/26,"Matera, Jill",AST0700112,,,,,,,,,"$39,900","$35,700","$32,900","$30,900","$28,800","$29,200","$29,500","$30,200","$30,500","$31,100","$30,900","$31,300","$31,600","$33,600","$34,400","$34,000","$34,200","$34,700","$33,900","$37,800","$38,700","$37,500","$37,700","$38,300","$37,700","$43,100","$44,300","$46,100","$46,600","$46,300","$47,200","$47,100","$46,800","$47,000","$48,300","$48,400","$49,000",-,-,-,-,-,-,-,-,-,-,-,-,-,-,-,-,-,-,-,-,-,-,-,-,-,-,-,-,-,-,-,-,-,-,-,-,-,-,-,-,-,-,-,-,-,-,-,-,-,-,-
100114,FB,127,CTSB,A8501945 - Outsourcing Contract - Fixed Bid,Microsoft Corporation,Microsoft,Enterprise software subscriptions and support,8/26/26,8/31/31,VRM200165,"$395,400","$880,200","$1,108,100","$1,522,900",check investment date,Y,No,0,"S, Rajashekar",Execution Complete,Legal review pending,,,Renewal,CTB,BC5100112,BC5100112,ATR730057,,1/15/26,2/4/26,900000114,10556170,,"$8,766,700",7800000114,,Taylor Brooks,GLDMN,5136,2347,C_Forecast,DIV_2921 - Cloud Infrastructure Engineering,8/7/26,"zz.Brennecke, Jana",AST0700113,,,,,,,,,"$94,000","$84,100","$77,300","$72,400","$67,600","$68,300","$68,900","$70,300","$70,800","$72,200","$71,400","$72,200","$72,800","$77,400","$79,100","$78,100","$78,700","$79,900","$78,000","$87,200","$89,300","$86,900","$87,400","$89,100","$88,000","$100,800","$103,700","$108,200","$109,600","$108,900","$111,200","$110,900","$110,100","$110,500","$113,500","$113,500","$114,600","$147,400","$154,800","$161,400","$166,100","$174,600","$173,800","$174,700","$175,600","$171,900","$170,500","$172,400","$172,500","$245,900","$257,200","$287,000","$289,800","$308,000","$299,100","$299,900","$297,300","$297,800","$297,400","$299,200","$295,500",-,-,-,-,-,-,-,-,-,-,-,-,-,-,-,-,-,-,-,-,-,-,-,-,-,-,-
100618,DEPR,120,CTCCPTPYMTS,Fixed Assets (Peoplesoft) - DEPR,Tata Consultancy Services,TCS,Application maintenance and delivery services,9/16/26,9/30/28,VRM200222,"$40,100","$117,100","$104,600",-,,N,Yes,0,"K, Srikantesh",Finance Review,Pending final statement of work,,,Renewal,CTB,BC5100016,BC5100072,ATR730043,,6/13/26,7/20/26,900000618,12604042,,"$261,800",7800000618,,Cameron Smith,BREF,7911,MarTech,C_Forecast,DIV_2636 - Teller,1/15/26,"Tadas, Deepa P.",AST0700617,,,,,,,,,-,"$11,200","$10,300","$9,600","$9,000","$9,100","$9,200","$9,300","$9,400","$9,600","$9,500","$9,600","$9,700","$10,300","$10,500","$10,400","$10,500","$10,600","$10,400","$11,600","$11,900","$11,600","$11,600","$11,800","$11,700","$13,400",-,-,-,-,-,-,-,-,-,-,-,-,-,-,-,-,-,-,-,-,-,-,-,-,-,-,-,-,-,-,-,-,-,-,-,-,-,-,-,-,-,-,-,-,-,-,-,-,-,-,-,-,-,-,-,-,-,-,-,-,-,-
100117,SAAS,124,CTARCHENG,A8201904 - Software as a Service,Tata Consultancy Services,TCS,Application maintenance and delivery services,8/18/26,2/29/28,VRM200176,"$218,000","$463,600","$83,200",-,,N,Yes,0,"zz.Ejiofor, Justina",Finance - Confirming,Pending final statement of work,,,Renewal,CTB,BC5100089,BC5100089,ATR730068,Web Server,1/30/26,4/25/26,900000117,29755521,,"$764,800",7800000117,,Taylor Brooks,BDCMS,PO SR Required,MarTech,C_Forecast,DIV_2921 - Cloud Infrastructure Engineering,2/13/26,"K, Srikantesh",,,,,,,,,,"$52,300","$46,600","$42,600","$39,700","$36,800","$36,900","$37,000","$37,500","$37,500","$38,100","$37,500","$37,800","$37,900","$40,300","$41,200","$40,700","$41,200","$42,000","$41,200",-,-,-,-,-,-,-,-,-,-,-,-,-,-,-,-,-,-,-,-,-,-,-,-,-,-,-,-,-,-,-,-,-,-,-,-,-,-,-,-,-,-,-,-,-,-,-,-,-,-,-,-,-,-,-,-,-,-,-,-,-,-,-,-,-,-,-,-,-
100118,SAAS,112,CTBSTT,A8201904 - Software as a Service,Deloitte Consulting LLP,Deloitte,Technology consulting services renewal,8/8/26,2/29/28,VRM200106,"$406,600","$854,100","$154,100",-,,N,Yes,,"zz.Brennecke, Jana",LOB Review,Budget owner confirmed,,,Renewal,RTB,BC5100011,BC5100011,ATR730045,,7/22/26,8/8/26,900000118,66745892,,"$1,414,800",7800000118,,Jordan Lee,PWDW,PO SR Required,MarTech,C_Forecast,DIV_2636 - Teller,5/12/26,"zz.Luloff, Julie",AST0700117,,,,,,,,,"$97,900","$87,000","$79,500","$73,900","$68,300","$68,400","$68,400","$69,200","$69,100","$70,100","$68,900","$69,400","$69,700","$74,100","$75,800","$75,000","$76,000","$77,700","$76,400",-,-,-,-,-,-,-,-,-,-,-,-,-,-,-,-,-,-,-,-,-,-,-,-,-,-,-,-,-,-,-,-,-,-,-,-,-,-,-,-,-,-,-,-,-,-,-,-,-,-,-,-,-,-,-,-,-,-,-,-,-,-,-,-,-,-,-,-,-
100119,OEM,122,CTPLATFORM,Fixed Assets (Peoplesoft) - OEM,Accenture LLP,Accenture,Application development and consulting services,8/14/26,8/31/29,VRM200149,"$141,200","$293,600","$395,600","$320,600",,N,Yes,,"S, Rajashekar",Finance - Managing,Budget owner confirmed,0,,New,RTB,BC5100027,BC5100055,ATR730016,,7/18/26,7/22/26,900000119,66745892,,"$1,151,000",7800000119,,Cameron Smith,AIM,PO SR Required,MarTech,C_Forecast,DIV_1550 - Branch Operations Enablement,5/4/26,"Tadas, Deepa P.",AST0700118,,,,,,,,,"$34,100","$30,300","$27,600","$25,600","$23,600","$23,600","$23,600","$23,800","$23,700","$24,000","$23,600","$23,800","$23,900","$25,500","$26,100","$25,800","$26,200","$26,900","$26,500","$30,000","$31,100","$30,600","$31,100","$32,100","$32,000","$36,900","$38,100","$39,900","$40,400","$40,100","$40,800","$40,400","$39,800","$39,600","$40,300","$39,800","$39,800",-,-,-,-,-,-,-,-,-,-,-,-,-,-,-,-,-,-,-,-,-,-,-,-,-,-,-,-,-,-,-,-,-,-,-,-,-,-,-,-,-,-,-,-,-,-,-,-,-,-,-
100120,DEPR,136,CTCCPTPYMTS,Fixed Assets (Peoplesoft) - DEPR,IBM Corporation,IBM,Mainframe software and technical support,8/17/26,2/28/27,VRM200226,"$174,500","$60,900",-,-,,N,No,0,"S, Rajashekar",Execution Complete,Consolidated under enterprise agreement,,,Commited,RTB,BC5100003,BC5100003,ATR730056,,7/20/26,8/11/26,900000120,62453992,,"$235,400",7800000120,,Alex Morgan,SAMP,417596,MarTech,C_Forecast,DIV_2637 - Consumer Payments,1/1/26,"K, Srikantesh",AST0700119,,,,,,,,,"$41,400","$37,100","$34,100","$32,000","$29,900","$30,300","$30,600",-,-,-,-,-,-,-,-,-,-,-,-,-,-,-,-,-,-,-,-,-,-,-,-,-,-,-,-,-,-,-,-,-,-,-,-,-,-,-,-,-,-,-,-,-,-,-,-,-,-,-,-,-,-,-,-,-,-,-,-,-,-,-,-,-,-,-,-,-,-,-,-,-,-,-,-,-,-,-,-,-
100124,OEM,113,CTCCPTPYMTS,Fixed Assets (Peoplesoft) - OEM,IBM Corporation,IBM,Mainframe software and technical support,8/17/26,2/29/28,VRM200216,"$86,000","$183,100","$32,900",-,,N,Yes,,"Eckman, Bradley T.",Finance Review,Legal review pending,,,Renewal,CTB,BC5100096,BC5100024,ATR730033,,2/22/26,5/5/26,900000124,24226673,,"$302,000",7800000124,,Alex Morgan,LVRMP,9058,6916,C_Forecast,DIV_2921 - Cloud Infrastructure Engineering,2/26/26,"Matera, Jill",AST0700123,,,,,,,,,"$20,600","$18,400","$16,800","$15,700","$14,500","$14,600","$14,600","$14,800","$14,800","$15,000","$14,800","$14,900","$15,000","$15,900","$16,300","$16,100","$16,300","$16,600","$16,300",-,-,-,-,-,-,-,-,-,-,-,-,-,-,-,-,-,-,-,-,-,-,-,-,-,-,-,-,-,-,-,-,-,-,-,-,-,-,-,-,-,-,-,-,-,-,-,-,-,-,-,-,-,-,-,-,-,-,-,-,-,-,-,-,-,-,-,-,-
100121,SW,110,CTCCPTPYMTS,Fixed Assets (Peoplesoft) - SWM,AT&T Corp.,AT&T,Network and telecommunications services,8/27/26,8/31/30,VRM200249,"$204,300","$454,800","$572,700","$787,000",,N,Yes,0,"K, Srikantesh",Analyst Review,No action required,,-,Renewal,RTB,BC5100114,BC5100048,ATR730072,,4/21/26,5/28/26,900000121,87698809,,"$2,734,900",7800000121,,Jamie Chen,1CR5,PO SR Required,MarTech,C_Forecast,"DIV_1211 - Deposits, Operations and Debit Card Tech",1/3/26,System,,,,,,,,,,"$48,600","$43,400","$40,000","$37,400","$34,900","$35,300","$35,600","$36,300","$36,600","$37,300","$36,900","$37,300","$37,600","$40,000","$40,900","$40,300","$40,700","$41,300","$40,300","$45,100","$46,200","$44,900","$45,200","$46,000","$45,500","$52,100","$53,600","$55,900","$56,600","$56,300","$57,500","$57,300","$56,900","$57,100","$58,700","$58,600","$59,200","$76,200","$80,000","$83,400","$85,800","$90,200","$89,800","$90,300","$90,700","$88,800","$88,100","$89,100","$89,100",-,-,-,-,-,-,-,-,-,-,-,-,-,-,-,-,-,-,-,-,-,-,-,-,-,-,-,-,-,-,-,-,-,-,-,-,-,-,-
100122,T&M,119,CTBSTT,A8501906 - Outsourcing/Technical Contract,Deloitte Consulting LLP,Deloitte,Technology consulting services,8/28/26,8/31/30,VRM200103,"$112,600","$246,900","$313,400","$432,000",type/start,Y,Yes,0,"zz.Luloff, Julie",Finance - Managing,No action required,0,,Commited,CTB,BC5100074,BC5100074,ATR730049,,4/19/26,4/25/26,900000122,55627280,,"$1,492,300",7800000122,,Alex Morgan,CORE,PO SR Required,2904,C_Forecast,"DIV_1211 - Deposits, Operations and Debit Card Tech",3/28/26,"Matera, Jill",AST0700121,,,,,,,,,"$26,800","$24,000","$22,000","$20,600","$19,200","$19,400","$19,500","$19,800","$19,900","$20,300","$20,000","$20,200","$20,300","$21,600","$22,100","$21,800","$22,000","$22,300","$21,800","$24,400","$25,100","$24,500","$24,700","$25,200","$25,000","$28,700","$29,500","$30,900","$31,300","$31,100","$31,800","$31,700","$31,400","$31,500","$32,300","$32,200","$32,500","$41,700","$43,700","$45,400","$46,700","$49,000","$48,700","$48,800","$49,000","$48,000","$47,600","$48,100","$48,200",-,-,-,-,-,-,-,-,-,-,-,-,-,-,-,-,-,-,-,-,-,-,-,-,-,-,-,-,-,-,-,-,-,-,-,-,-,-,-
100123,FB,141,CTPLATFORM,A8501947 - Consulting Services - Fixed Bid,IBM Corporation,IBM,Mainframe software and technical support,8/8/26,8/31/30,VRM200243,"$137,400","$296,400","$380,700","$524,500",type/start,Y,Yes,0,"zz.Luloff, Julie",Management Review,Vendor onboarding completed,0,-,Commited,CTB,BC5100021,BC5100021,ATR730076,,3/25/26,7/5/26,900000123,72173433,,"$1,802,900",7800000123,,Morgan Patel,ICEDQ,PO SR Required,2905,C_Forecast,DIV_3055 - Cybersecurity Platform Services,7/21/26,"zz.Brennecke, Jana",AST0700122,,,,,,,,,"$32,800","$29,300","$26,900","$25,100","$23,300","$23,400","$23,500","$23,900","$24,000","$24,400","$24,000","$24,200","$24,300","$25,900","$26,400","$26,100","$26,300","$26,800","$26,200","$29,400","$30,300","$29,600","$30,000","$30,700","$30,400","$35,000","$36,100","$37,800","$38,400","$38,100","$38,900","$38,800","$38,400","$38,400","$39,400","$39,200","$39,400","$50,400","$52,700","$54,700","$56,100","$58,800","$58,300","$58,500","$58,700","$57,400","$56,900","$57,600","$57,700",-,-,-,-,-,-,-,-,-,-,-,-,-,-,-,-,-,-,-,-,-,-,-,-,-,-,-,-,-,-,-,-,-,-,-,-,-,-,-
100125,SW,144,CTARCHENG,A8200050 - Software License,"Oracle America, Inc.",Oracle,Database platform licensing and maintenance enterprise agreement,8/23/26,8/31/27,VRM200187,"$134,600","$183,200",-,-,,N,Yes,0,"Eckman, Bradley T.",Management Review,Invoice schedule under review,,-,Renewal,RTB,BC5100075,BC5100075,ATR730005,,1/4/26,7/22/26,900000125,59052659,,"$317,800",7800000125,,Alex Morgan,ICEDQ,2154,2526,C_Forecast,DIV_1548 - Pmts Virt Sol Innov Platform Management,7/27/26,"Tadas, Deepa P.",AST0700124,,,,,,,,,"$32,400","$28,800","$26,300","$24,500","$22,600","$22,700","$22,600","$22,900","$22,900","$23,200","$22,800","$23,000","$23,100",-,-,-,-,-,-,-,-,-,-,-,-,-,-,-,-,-,-,-,-,-,-,-,-,-,-,-,-,-,-,-,-,-,-,-,-,-,-,-,-,-,-,-,-,-,-,-,-,-,-,-,-,-,-,-,-,-,-,-,-,-,-,-,-,-,-,-,-,-,-,-,-,-,-,-
100126,SW,111,CTEDP,A8200045 - Software Maintenance,Deloitte Consulting LLP,Deloitte,Technology consulting services renewal,8/27/26,8/31/32,VRM200235,"$73,600","$153,200","$206,000","$278,000",,N,No,,"Eckman, Bradley T.",Execution Complete,Budget owner confirmed,0,,Commited,CTB,BC5100092,BC5100028,ATR730077,,2/12/26,4/6/26,900000126,99826360,,"$2,789,000",7800000126,,Alex Morgan,ATMP,424657,7086,C_Forecast,DIV_1307 - Pmts Virt Sol Innov and Cons Bkg Tech Admin,4/6/26,"zz.Brennecke, Jana",,,,,,,,,,"$17,800","$15,800","$14,400","$13,300","$12,300","$12,300","$12,300","$12,400","$12,400","$12,500","$12,300","$12,400","$12,500","$13,300","$13,600","$13,500","$13,700","$14,000","$13,800","$15,600","$16,200","$15,900","$16,200","$16,700","$16,600","$19,200","$19,900","$20,800","$21,100","$20,900","$21,200","$21,100","$20,700","$20,600","$21,000","$20,800","$20,700","$26,400","$27,400","$28,300","$28,900","$30,200","$29,900","$29,900","$30,100","$29,500","$29,400","$29,900","$30,100","$43,300","$45,800","$51,800","$52,900","$56,900","$55,900","$56,500","$56,500","$56,900","$57,100","$57,500","$56,700","$85,800","$88,900","$94,600","$98,300","$104,200","$105,500","$104,000","$103,200","$103,200","$100,400","$102,000","$101,300",-,-,-,-,-,-,-,-,-,-,-,-,-,-,-
100127,OEM,139,CTPLATFORM,Fixed Assets (Peoplesoft) - OEM,IBM Corporation,IBM,Mainframe software and technical support renewal,8/12/26,8/31/29,VRM200229,"$102,500","$231,900","$290,400","$231,500",,N,No,4933,"zz.Brennecke, Jana",Execution Complete,Invoice schedule under review,0,,New,RTB,BC5100092,BC5100039,ATR730063,,6/13/26,6/14/26,900000127,20951065,,"$856,300",7800000127,TFT,Dana Williams,BDCMS,677603,MarTech,C_Forecast,DIV_1548 - Pmts Virt Sol Innov Platform Management,8/6/26,"Eckman, Bradly T.",AST0700126,,,,,,,,,"$24,300","$21,800","$20,000","$18,800","$17,600","$17,800","$18,000","$18,400","$18,600","$19,000","$18,800","$19,000","$19,200","$20,500","$21,000","$20,700","$20,900","$21,200","$20,600","$23,000","$23,600","$22,900","$23,000","$23,300","$23,000","$26,300","$27,000","$28,100","$28,400","$28,200","$28,800","$28,700","$28,500","$28,600","$29,400","$29,500","$29,800",-,-,-,-,-,-,-,-,-,-,-,-,-,-,-,-,-,-,-,-,-,-,-,-,-,-,-,-,-,-,-,-,-,-,-,-,-,-,-,-,-,-,-,-,-,-,-,-,-,-,-
100136,OEM,119,CTHLT,Fixed Assets (Peoplesoft) - OEM,"Cisco Systems, Inc.",Cisco,Network hardware maintenance and support,8/25/26,2/28/27,VRM200118,"$425,400","$146,600",-,-,VRM Status/beeline#,Y,Yes,0,"Kollapally, Suraj",Submitted to Sponsor,Includes affiliate services,0,,New,RTB,BC5100049,BC5100049,ATR730076,,7/20/26,7/28/26,900000136,36298788,,"$572,000",7800000136,TFT,Alex Morgan,BREF,8666,MarTech,C_Forecast,DIV_2842 - Digital Channel Technology,5/28/26,"Ashwathappa, Rakesh",AST0700135,,,,,,,,,"$101,400","$90,600","$83,200","$77,800","$72,400","$73,100","$73,500",-,-,-,-,-,-,-,-,-,-,-,-,-,-,-,-,-,-,-,-,-,-,-,-,-,-,-,-,-,-,-,-,-,-,-,-,-,-,-,-,-,-,-,-,-,-,-,-,-,-,-,-,-,-,-,-,-,-,-,-,-,-,-,-,-,-,-,-,-,-,-,-,-,-,-,-,-,-,-,-,-
100138,T&M,115,CTPLATFORM,A8501946 - Outsourcing Contract - Time & Materials,"Fiserv, Inc.",Fiserv,Payments processing software and support,8/25/26,8/31/27,VRM200141,"$477,300","$657,600",-,-,,N,Yes,,"K, Srikantesh",Finance - Confirming,Vendor onboarding completed,,-,Renewal,RTB,BC5100089,BC5100089,ATR730048,,2/8/26,6/20/26,900000138,12490062,,"$1,134,900",7800000138,,Dana Williams,LVRMP,583544,MarTech,C_Forecast,DIV_3188 - Marketing Technology Enablement,5/25/26,"Matera, Jill",AST0700137,,,,,,,,,"$114,500","$102,000","$93,300","$86,900","$80,600","$80,900","$81,000","$82,200","$82,200","$83,400","$82,100","$82,700","$83,100",-,-,-,-,-,-,-,-,-,-,-,-,-,-,-,-,-,-,-,-,-,-,-,-,-,-,-,-,-,-,-,-,-,-,-,-,-,-,-,-,-,-,-,-,-,-,-,-,-,-,-,-,-,-,-,-,-,-,-,-,-,-,-,-,-,-,-,-,-,-,-,-,-,-,-
100128,SW,116,CTHLT,A8200045 - Software Maintenance,"Cisco Systems, Inc.",Cisco,Network hardware maintenance and support,8/10/26,8/31/32,VRM200167,"$294,800","$656,000","$826,200","$1,135,300",,N,No,,"Eckman, Bradley T.",Execution Complete,No action required,,,New,RTB,BC5100082,BC5100082,ATR730001,,12/31/25,4/4/26,900000128,50407436,,"$11,412,000",7800000128,TFT,Casey Rivera,NAHAS,8447,MarTech,C_Forecast,DIV_3055 - Cybersecurity Platform Services,6/8/26,"Eckman, Bradly T.",AST0700127,,,,,,,,,"$70,100","$62,700","$57,600","$54,000","$50,400","$50,900","$51,300","$52,400","$52,800","$53,800","$53,200","$53,800","$54,200","$57,700","$59,000","$58,200","$58,700","$59,600","$58,200","$65,000","$66,600","$64,800","$65,200","$66,400","$65,600","$75,200","$77,300","$80,600","$81,700","$81,200","$82,900","$82,700","$82,100","$82,400","$84,600","$84,600","$85,400","$109,900","$115,400","$120,300","$123,800","$130,100","$129,600","$130,300","$130,900","$128,200","$127,100","$128,600","$128,600","$183,300","$191,700","$214,000","$216,000","$229,600","$223,000","$223,600","$221,700","$222,000","$221,700","$223,100","$220,300","$334,300","$348,100","$373,000","$391,100","$418,500","$428,200","$426,600","$427,800","$432,500","$424,800","$435,500","$435,900",-,-,-,-,-,-,-,-,-,-,-,-,-,-,-
100129,FB,117,CTDLR,A8501947 - Consulting Services - Fixed Bid,AT&T Corp.,AT&T,Network and telecommunications services enterprise agreement,8/9/26,8/31/32,VRM200105,"$106,200","$232,600","$295,600","$407,300",,N,Yes,0,"K, Srikantesh",Finance Review,Migration dependency tracked,,-,Commited,CTB,BC5100083,BC5100069,ATR730075,,7/4/26,8/8/26,900000129,34362370,,"$4,082,400",7800000129,TFT,Cameron Smith,ATMP,296025,MarTech,C_Forecast,DIV_2636 - Teller,7/19/26,"zz.Brennecke, Jana",,,,,,,,,,"$25,300","$22,600","$20,800","$19,400","$18,100","$18,200","$18,300","$18,700","$18,800","$19,100","$18,900","$19,000","$19,200","$20,400","$20,800","$20,500","$20,700","$21,100","$20,600","$23,000","$23,700","$23,100","$23,300","$23,800","$23,500","$27,000","$27,900","$29,100","$29,500","$29,300","$30,000","$29,900","$29,600","$29,700","$30,500","$30,400","$30,600","$39,300","$41,200","$42,800","$44,000","$46,200","$45,900","$46,000","$46,200","$45,200","$44,900","$45,400","$45,400","$64,800","$67,900","$75,900","$76,900","$81,900","$79,700","$80,100","$79,600","$79,900","$79,900","$80,500","$79,600","$120,800","$125,800","$134,700","$141,100","$150,700","$153,900","$153,100","$153,200","$154,500","$151,400","$154,900","$154,700",-,-,-,-,-,-,-,-,-,-,-,-,-,-,-
100145,DEPR,121,CTPLATFORM,Fixed Assets (Peoplesoft) - DEPR,Adobe Inc.,Adobe,Digital experience platform subscription,8/29/26,8/31/28,VRM200109,"$116,200","$247,100","$196,700",-,,N,No,0,"zz.Luloff, Julie",Execution Complete,Legal review pending,,,Commited,CTB,BC5100106,BC5100106,ATR730028,,6/12/26,8/14/26,900000145,44410312,,"$560,000",7800000145,,Jamie Chen,SAMP,9405,5238,C_Forecast,DIV_2637 - Consumer Payments,1/13/26,"Eckman, Bradly T.",AST0700144,,,,,,,,,"$27,900","$24,800","$22,700","$21,200","$19,600","$19,700","$19,700","$20,000","$20,000","$20,300","$20,000","$20,100","$20,200","$21,500","$22,000","$21,700","$21,900","$22,400","$22,000","$24,700","$25,500","$25,000","$25,300","$26,000","$25,800",-,-,-,-,-,-,-,-,-,-,-,-,-,-,-,-,-,-,-,-,-,-,-,-,-,-,-,-,-,-,-,-,-,-,-,-,-,-,-,-,-,-,-,-,-,-,-,-,-,-,-,-,-,-,-,-,-,-,-,-,-,-,-
100146,SW,141,CTSB,Fixed Assets (Peoplesoft) - SWM,IBM Corporation,IBM,Mainframe software and technical support,8/11/26,8/31/28,VRM200179,"$295,700","$621,600","$500,700",-,,N,No,,"Eckman, Bradley T.",Cancelled,Security assessment completed,,,Renewal,CTB,BC5100042,BC5100042,ATR730041,,3/2/26,4/22/26,900000146,59661767,,"$1,418,000",7800000146,TFT,Taylor Brooks,BREF,5906,7665,C_Forecast,DIV_2921 - Cloud Infrastructure Engineering,1/25/26,System,,,,,,,,,,"$71,200","$63,300","$57,800","$53,700","$49,700","$49,800","$49,800","$50,400","$50,300","$51,000","$50,100","$50,500","$50,700","$53,900","$55,200","$54,600","$55,300","$56,500","$55,600","$62,700","$64,800","$63,700","$64,700","$66,500","$66,200",-,-,-,-,-,-,-,-,-,-,-,-,-,-,-,-,-,-,-,-,-,-,-,-,-,-,-,-,-,-,-,-,-,-,-,-,-,-,-,-,-,-,-,-,-,-,-,-,-,-,-,-,-,-,-,-,-,-,-,-,-,-,-
100130,SW,114,CTSB,Fixed Assets (Peoplesoft) - SWM,IBM Corporation,IBM,Mainframe software and technical support enterprise agreement,8/14/26,8/31/31,VRM200181,"$66,500","$143,400","$183,900","$253,500",beeline#,Y,Yes,4933,"zz.Brennecke, Jana",Submitted to Sponsor,Pending final statement of work,,,New,CTB,BC5100117,BC5100117,ATR730053,,6/6/26,7/25/26,900000130,67978097,,"$1,449,100",7800000130,,Reese Martin,ACCLQ,9046,3348,C_Forecast,DIV_2921 - Cloud Infrastructure Engineering,2/18/26,"Kollapally, Suraj",AST0700129,,,,,,,,,"$15,900","$14,200","$13,000","$12,100","$11,300","$11,300","$11,400","$11,600","$11,600","$11,800","$11,600","$11,700","$11,800","$12,500","$12,800","$12,600","$12,700","$12,900","$12,700","$14,200","$14,600","$14,300","$14,500","$14,800","$14,700","$16,900","$17,500","$18,300","$18,500","$18,400","$18,800","$18,700","$18,600","$18,600","$19,000","$18,900","$19,000","$24,400","$25,500","$26,500","$27,100","$28,400","$28,200","$28,300","$28,300","$27,700","$27,500","$27,800","$27,900","$39,900","$41,900","$47,000","$47,600","$50,900","$49,700","$50,000","$49,800","$50,100","$50,200","$50,600","$50,000",-,-,-,-,-,-,-,-,-,-,-,-,-,-,-,-,-,-,-,-,-,-,-,-,-,-,-
100131,T&M,130,CTHLT,A8501906 - Outsourcing/Technical Contract,Infosys Limited,Infosys,Managed application support services enterprise agreement,8/15/26,8/31/29,VRM200141,"$124,200","$264,300","$344,200","$281,100",,N,Yes,,"K, Srikantesh",Submitted to Sponsor,Consolidated under enterprise agreement,,-,New,CTB,BC5100071,BC5100071,ATR730040,,1/8/26,8/3/26,900000131,12604042,,"$1,013,800",7800000131,TFT,Jamie Chen,HOGAN CIS,1489,MarTech,C_Forecast,DIV_1548 - Pmts Virt Sol Innov Platform Management,4/8/26,"Matera, Jill",,,,,,,,,,"$29,800","$26,500","$24,300","$22,600","$21,000","$21,100","$21,100","$21,400","$21,400","$21,700","$21,300","$21,500","$21,600","$23,000","$23,500","$23,200","$23,500","$23,900","$23,500","$26,400","$27,200","$26,700","$27,100","$27,800","$27,600","$31,800","$32,900","$34,400","$34,900","$34,700","$35,400","$35,200","$34,800","$34,800","$35,500","$35,300","$35,400",-,-,-,-,-,-,-,-,-,-,-,-,-,-,-,-,-,-,-,-,-,-,-,-,-,-,-,-,-,-,-,-,-,-,-,-,-,-,-,-,-,-,-,-,-,-,-,-,-,-,-
100132,SAAS,112,CTHLT,Fixed Assets (Peoplesoft) - SAAS,"Fiserv, Inc.",Fiserv,Payments processing software and support,8/31/26,8/31/29,VRM200241,"$192,800","$404,800","$536,000","$436,800",,N,Yes,,"Kollapally, Suraj",Finance - Confirming,Budget owner confirmed,,,Commited,RTB,BC5100086,BC5100041,ATR730011,Web Server,3/12/26,3/27/26,900000132,51060710,,"$1,570,400",7800000132,TFT,Alex Morgan,BDCMS,406328,MarTech,C_Forecast,DIV_3188 - Marketing Technology Enablement,1/10/26,"Kollapally, Suraj",,,,,,,,,,"$46,400","$41,300","$37,700","$35,000","$32,400","$32,400","$32,400","$32,800","$32,800","$33,200","$32,600","$32,900","$33,000","$35,100","$36,000","$35,600","$36,000","$36,800","$36,200","$40,800","$42,200","$41,500","$42,200","$43,400","$43,200","$49,800","$51,500","$53,800","$54,600","$54,200","$55,200","$54,900","$54,200","$54,000","$55,100","$54,600","$54,600",-,-,-,-,-,-,-,-,-,-,-,-,-,-,-,-,-,-,-,-,-,-,-,-,-,-,-,-,-,-,-,-,-,-,-,-,-,-,-,-,-,-,-,-,-,-,-,-,-,-,-
100627,T&M,144,CTARCHENG,A8501906 - Outsourcing/Technical Contract,"Fiserv, Inc.",Fiserv,Payments processing software and support,9/5/26,9/30/27,VRM200169,"$89,200","$185,500",-,-,,N,Yes,,"zz.Brennecke, Jana",Finance - Confirming,Consolidated under enterprise agreement,,-,Commited,CTB,BC5100116,BC5100116,ATR730019,,5/8/26,8/28/26,900000627,21337044,,"$274,700",7800000627,TFT,Dana Williams,SFCOE,914495,MarTech,C_Forecast,DIV_2637 - Consumer Payments,6/20/26,"K, Srikantesh",AST0700626,,,,,,,,,-,"$25,000","$22,900","$21,400","$19,900","$20,000","$20,100","$20,400","$20,400","$20,800","$20,500","$20,600","$20,700","$22,000",-,-,-,-,-,-,-,-,-,-,-,-,-,-,-,-,-,-,-,-,-,-,-,-,-,-,-,-,-,-,-,-,-,-,-,-,-,-,-,-,-,-,-,-,-,-,-,-,-,-,-,-,-,-,-,-,-,-,-,-,-,-,-,-,-,-,-,-,-,-,-,-,-,-
100133,SW,116,CTPLATFORM,Fixed Assets (Peoplesoft) - SWL,Snowflake Inc.,Snowflake,Cloud data platform subscription enterprise agreement,8/30/26,8/31/30,VRM200217,"$148,400","$308,800","$415,900","$561,000",,N,Yes,0,"S, Rajashekar",New,Renewal documentation completed,,,Renewal,CTB,BC5100011,BC5100103,ATR730015,,4/16/26,5/23/26,900000133,72931216,,"$1,916,100",7800000133,,Priya Shah,CFMS,217461,3559,C_Forecast,DIV_1548 - Pmts Virt Sol Innov Platform Management,5/7/26,"Abiodun, Dare",,,,,,,,,,"$35,900","$31,800","$29,000","$26,900","$24,800","$24,800","$24,800","$25,000","$25,000","$25,300","$24,800","$25,000","$25,100","$26,800","$27,400","$27,200","$27,600","$28,300","$27,900","$31,500","$32,700","$32,200","$32,700","$33,700","$33,600","$38,800","$40,100","$41,900","$42,500","$42,100","$42,900","$42,500","$41,900","$41,600","$42,400","$41,900","$41,800","$53,200","$55,300","$57,100","$58,300","$60,900","$60,300","$60,400","$60,700","$59,500","$59,200","$60,300","$60,700",-,-,-,-,-,-,-,-,-,-,-,-,-,-,-,-,-,-,-,-,-,-,-,-,-,-,-,-,-,-,-,-,-,-,-,-,-,-,-
100642,SAAS,120,CTCCPTPYMTS,A8201904 - Software as a Service,Google LLC,Google Cloud,Cloud data and analytics services enterprise agreement,11/20/26,5/31/28,VRM200163,"$143,100","$867,900","$419,600",-,,N,Yes,,"S, Rajashekar",Finance - Managing,Security assessment completed,0,,New,CTB,BC5100104,BC5100104,ATR730049,,9/8/26,11/16/26,900000642,34303218,,"$1,430,600",7800000642,,Casey Rivera,DMSBA,7374,3631,C_Forecast,DIV_1548 - Pmts Virt Sol Innov Platform Management,6/14/26,"zz.Luloff, Julie",AST0700641,,,,,,,,,-,-,-,"$74,300","$68,800","$69,200","$69,200","$70,200","$70,300","$71,300","$70,100","$70,700","$71,000","$75,500","$77,100","$76,200","$77,100","$78,600","$77,100","$86,700","$89,500","$87,700",-,-,-,-,-,-,-,-,-,-,-,-,-,-,-,-,-,-,-,-,-,-,-,-,-,-,-,-,-,-,-,-,-,-,-,-,-,-,-,-,-,-,-,-,-,-,-,-,-,-,-,-,-,-,-,-,-,-,-,-,-,-,-,-,-,-
100655,SW,116,CTBSTT,A8200050 - Software License,Tata Consultancy Services,TCS,Application maintenance and delivery services renewal,9/25/26,3/31/28,VRM200109,"$109,900","$311,600","$86,800",-,,N,No,0,"S, Rajashekar",Execution Complete,Budget owner confirmed,,,Renewal,RTB,BC5100058,BC5100058,ATR730053,,3/23/26,5/28/26,900000655,72173433,,"$508,300",7800000655,,Riley Kim,SMT#2144,PO SR Required,8494,C_Forecast,DIV_2842 - Digital Channel Technology,4/18/26,System,AST0700654,,,,,,,,,-,"$30,800","$28,200","$26,400","$24,500","$24,700","$24,700","$25,100","$25,200","$25,600","$25,200","$25,400","$25,600","$27,200","$27,800","$27,400","$27,700","$28,200","$27,600","$31,000",-,-,-,-,-,-,-,-,-,-,-,-,-,-,-,-,-,-,-,-,-,-,-,-,-,-,-,-,-,-,-,-,-,-,-,-,-,-,-,-,-,-,-,-,-,-,-,-,-,-,-,-,-,-,-,-,-,-,-,-,-,-,-,-,-,-,-,-
100664,SW,140,CTTOCIO,A8200045 - Software Maintenance,"Cisco Systems, Inc.",Cisco,Network hardware maintenance and support,11/15/26,5/31/28,VRM200157,"$51,600","$309,900","$151,100",-,,N,Yes,0,"Kollapally, Suraj",New,Renewal documentation completed,0,-,New,RTB,BC5100089,BC5100089,ATR730036,,6/24/26,7/16/26,900000664,59661767,,"$512,600",7800000664,,Cameron Smith,HK,218531,220,C_Forecast,DIV_2842 - Digital Channel Technology,5/19/26,"Eckman, Bradly T.",AST0700663,,,,,,,,,-,-,-,"$26,800","$24,800","$24,800","$24,800","$25,100","$25,100","$25,400","$25,000","$25,200","$25,300","$26,900","$27,500","$27,200","$27,600","$28,200","$27,700","$31,200","$32,300","$31,700",-,-,-,-,-,-,-,-,-,-,-,-,-,-,-,-,-,-,-,-,-,-,-,-,-,-,-,-,-,-,-,-,-,-,-,-,-,-,-,-,-,-,-,-,-,-,-,-,-,-,-,-,-,-,-,-,-,-,-,-,-,-,-,-,-,-
100134,SW,128,CTTOCIO,Fixed Assets (Peoplesoft) - SWM,"Amazon Web Services, Inc.",AWS,Cloud infrastructure and managed services enterprise agreement,8/12/26,8/31/33,VRM200165,"$177,100","$400,600","$501,600","$684,900",,N,Yes,,"Kollapally, Suraj",New,Pending final statement of work,0,,New,RTB,BC5100000,BC5100000,ATR730030,,3/2/26,4/3/26,900000134,89176144,,"$14,580,900",7800000134,TFT,Taylor Brooks,TTMS,877979,4278,C_Forecast,DIV_1548 - Pmts Virt Sol Innov Platform Management,8/7/26,"K, Srikantesh",AST0700133,,,,,,,,,"$42,000","$37,600","$34,600","$32,500","$30,400","$30,800","$31,100","$31,800","$32,100","$32,800","$32,500","$32,900","$33,200","$35,400","$36,200","$35,800","$36,000","$36,600","$35,700","$39,800","$40,700","$39,500","$39,700","$40,300","$39,700","$45,400","$46,600","$48,500","$49,100","$48,700","$49,700","$49,600","$49,200","$49,500","$50,900","$51,000","$51,500","$66,400","$69,900","$73,100","$75,400","$79,400","$79,200","$79,800","$80,300","$78,700","$78,100","$79,000","$79,000","$112,500","$117,500","$130,900","$131,900","$139,900","$135,500","$135,500","$134,000","$133,900","$133,500","$134,100","$132,200","$200,600","$208,800","$223,800","$234,800","$251,500","$257,700","$257,200","$258,400","$261,800","$257,800","$264,800","$265,600","$457,000","$482,700","$500,300","$543,800","$731,900","$723,500","$721,700","$714,400","$703,300","$701,800","$696,300","$692,300",-,-,-
100135,TEL,134,CTCCPTPYMTS,A8292080 - Telecommunication,"ServiceNow, Inc.",ServiceNow,IT service management subscription enterprise agreement,8/13/26,8/31/32,VRM200188,"$45,000","$100,000","$126,000","$173,000",,N,No,,"Tadas, Deepa P.",Execution Complete,No action required,,,New,CTB,BC5100093,BC5100078,ATR730058,,3/25/26,4/30/26,900000135,91908536,,"$1,739,100",7800000135,,Morgan Patel,1CR5,PO SR Required,MarTech,C_Forecast,DIV_1548 - Pmts Virt Sol Innov Platform Management,6/11/26,"zz.Luloff, Julie",,,,,,,,,,"$10,700","$9,600","$8,800","$8,200","$7,700","$7,800","$7,800","$8,000","$8,000","$8,200","$8,100","$8,200","$8,300","$8,800","$9,000","$8,900","$8,900","$9,100","$8,900","$9,900","$10,100","$9,900","$9,900","$10,100","$10,000","$11,500","$11,800","$12,300","$12,500","$12,400","$12,600","$12,600","$12,500","$12,600","$12,900","$12,900","$13,000","$16,700","$17,600","$18,300","$18,900","$19,800","$19,700","$19,900","$20,000","$19,500","$19,400","$19,600","$19,600","$27,900","$29,200","$32,600","$32,900","$35,000","$34,000","$34,100","$33,800","$33,800","$33,800","$34,000","$33,600","$50,900","$53,000","$56,800","$59,600","$63,800","$65,200","$65,000","$65,200","$65,900","$64,700","$66,400","$66,400",-,-,-,-,-,-,-,-,-,-,-,-,-,-,-
100137,DATA,140,CTHLT,A8590820 - Other Outside Data Processing,"Oracle America, Inc.",Oracle,Database platform licensing and maintenance,8/15/26,8/31/29,VRM200122,"$191,700","$414,000","$531,700","$433,600",end date with fcst,Y,Yes,0,"Kollapally, Suraj",Submitted to Sponsor,Invoice schedule under review,,-,Commited,RTB,BC5100041,BC5100047,ATR730050,,3/2/26,4/17/26,900000137,14835453,,"$1,571,000",7800000137,,Priya Shah,HK,PO SR Required,4410,C_Forecast,DIV_1550 - Branch Operations Enablement,5/17/26,"zz.Brennecke, Jana",AST0700136,,,,,,,,,"$45,800","$40,900","$37,500","$35,000","$32,500","$32,700","$32,900","$33,400","$33,500","$34,000","$33,500","$33,800","$34,000","$36,100","$36,900","$36,400","$36,800","$37,400","$36,600","$41,100","$42,300","$41,400","$41,800","$42,800","$42,500","$48,900","$50,500","$52,800","$53,600","$53,300","$54,300","$54,100","$53,600","$53,700","$54,900","$54,700","$55,000",-,-,-,-,-,-,-,-,-,-,-,-,-,-,-,-,-,-,-,-,-,-,-,-,-,-,-,-,-,-,-,-,-,-,-,-,-,-,-,-,-,-,-,-,-,-,-,-,-,-,-
100140,OEM,137,CTMARTECH,Fixed Assets (Peoplesoft) - OEM,"Amazon Web Services, Inc.",AWS,Cloud infrastructure and managed services renewal,8/17/26,8/31/29,VRM200169,"$143,700","$298,800","$402,400","$326,200",VRM status,Y,Yes,0,"zz.Luloff, Julie",Management Review,Vendor onboarding completed,,,Commited,CTB,BC5100119,BC5100056,ATR730055,Web Server,2/14/26,5/21/26,900000140,29235769,,"$1,171,100",7800000140,,Alex Morgan,DMSBA,4075,MarTech,C_Forecast,DIV_2714 - Enterprise Data Platforms,8/7/26,"Abiodun, Dare",,,,,,,,,,"$34,800","$30,800","$28,100","$26,000","$24,000","$24,000","$24,000","$24,200","$24,200","$24,500","$24,000","$24,200","$24,300","$25,900","$26,500","$26,300","$26,700","$27,400","$27,000","$30,500","$31,600","$31,100","$31,700","$32,600","$32,500","$37,500","$38,800","$40,600","$41,100","$40,800","$41,500","$41,100","$40,500","$40,300","$41,000","$40,500","$40,500",-,-,-,-,-,-,-,-,-,-,-,-,-,-,-,-,-,-,-,-,-,-,-,-,-,-,-,-,-,-,-,-,-,-,-,-,-,-,-,-,-,-,-,-,-,-,-,-,-,-,-
100141,TEL,139,CTCPR,A8292080 - Telecommunication,Broadcom Inc.,Broadcom,Infrastructure software maintenance renewal,8/8/26,8/31/32,VRM200185,"$119,700","$271,000","$339,100","$463,300",,N,Yes,0,"zz.Luloff, Julie",New,Invoice schedule under review,,,Renewal,CTB,BC5100073,BC5100073,ATR730071,,1/24/26,3/25/26,900000141,19011012,,"$4,674,200",7800000141,,Casey Rivera,AMT/ePIC,969328,8608,C_Forecast,DIV_2921 - Cloud Infrastructure Engineering,1/12/26,System,AST0700140,,,,,,,,,"$28,400","$25,400","$23,400","$22,000","$20,500","$20,800","$21,000","$21,500","$21,700","$22,200","$22,000","$22,300","$22,500","$23,900","$24,500","$24,200","$24,400","$24,700","$24,100","$26,900","$27,500","$26,700","$26,800","$27,300","$26,900","$30,700","$31,500","$32,800","$33,200","$33,000","$33,600","$33,500","$33,300","$33,500","$34,400","$34,500","$34,900","$44,900","$47,300","$49,400","$51,000","$53,700","$53,600","$53,900","$54,300","$53,200","$52,800","$53,400","$53,400","$76,100","$79,500","$88,500","$89,200","$94,600","$91,600","$91,600","$90,600","$90,600","$90,300","$90,700","$89,400","$135,600","$141,200","$151,300","$158,800","$170,100","$174,300","$173,900","$174,800","$177,100","$174,300","$179,100","$179,600",-,-,-,-,-,-,-,-,-,-,-,-,-,-,-
100142,SW,112,CTSB,Fixed Assets (Peoplesoft) - SWM,"Amazon Web Services, Inc.",AWS,Cloud infrastructure and managed services enterprise agreement,8/30/26,8/31/33,VRM200245,"$159,800","$355,600","$447,600","$615,100",check investment date,Y,No,,"Kollapally, Suraj",Execution Complete,Consolidated under enterprise agreement,0,,Commited,RTB,BC5100103,BC5100103,ATR730046,,4/21/26,6/12/26,900000142,69936307,,"$12,966,300",7800000142,TFT,Alex Morgan,ICEDQ,PO SR Required,MarTech,C_Forecast,DIV_2842 - Digital Channel Technology,8/7/26,"Agarwal, Ushika",AST0700141,,,,,,,,,"$38,000","$34,000","$31,200","$29,300","$27,300","$27,600","$27,800","$28,400","$28,600","$29,200","$28,800","$29,200","$29,400","$31,300","$32,000","$31,500","$31,800","$32,300","$31,500","$35,200","$36,100","$35,100","$35,300","$36,000","$35,500","$40,700","$41,900","$43,700","$44,300","$44,000","$44,900","$44,800","$44,500","$44,600","$45,900","$45,800","$46,300","$59,500","$62,500","$65,200","$67,100","$70,500","$70,200","$70,600","$70,900","$69,500","$68,900","$69,700","$69,700","$99,300","$103,900","$116,000","$117,100","$124,400","$120,800","$121,100","$120,100","$120,300","$120,100","$120,900","$119,400","$181,200","$188,600","$202,100","$211,900","$226,800","$232,000","$231,200","$231,800","$234,400","$230,200","$236,000","$236,200","$405,500","$427,600","$442,400","$480,300","$645,900","$638,200","$636,700","$630,700","$621,500","$621,100","$617,300","$615,200",-,-,-
100143,DATA,119,CTPLATFORM,A8590820 - Other Outside Data Processing,AT&T Corp.,AT&T,Network and telecommunications services,8/20/26,8/31/32,VRM200172,"$67,400","$147,600","$187,500","$258,200",,N,Yes,0,"S, Rajashekar",Analyst Review,Legal review pending,,-,New,RTB,BC5100082,BC5100082,ATR730046,,7/23/26,8/18/26,900000143,82119135,,"$2,589,200",7800000143,,Casey Rivera,SFCOE,PO SR Required,2699,C_Forecast,DIV_1550 - Branch Operations Enablement,6/15/26,"Ashwathappa, Rakesh",AST0700142,,,,,,,,,"$16,100","$14,300","$13,200","$12,300","$11,500","$11,600","$11,600","$11,900","$11,900","$12,100","$12,000","$12,100","$12,200","$12,900","$13,200","$13,000","$13,100","$13,400","$13,100","$14,600","$15,000","$14,600","$14,800","$15,100","$14,900","$17,100","$17,700","$18,500","$18,700","$18,600","$19,000","$18,900","$18,800","$18,800","$19,300","$19,300","$19,400","$24,900","$26,100","$27,200","$27,900","$29,300","$29,100","$29,200","$29,300","$28,700","$28,400","$28,800","$28,800","$41,100","$43,100","$48,200","$48,700","$51,900","$50,600","$50,800","$50,500","$50,700","$50,700","$51,100","$50,500","$76,600","$79,800","$85,400","$89,500","$95,600","$97,600","$97,100","$97,100","$98,000","$96,000","$98,200","$98,100",-,-,-,-,-,-,-,-,-,-,-,-,-,-,-
100144,SW,128,CTBSTT,A8200050 - Software License,Accenture LLP,Accenture,Application development and consulting services renewal,8/29/26,8/31/31,VRM200248,"$242,300","$522,800","$671,300","$925,200",,N,Yes,,"Eckman, Bradley T.",LOB Execution,Invoice schedule under review,,-,Commited,RTB,BC5100000,BC5100103,ATR730010,,4/8/26,7/17/26,900000144,62258466,,"$5,287,400",7800000144,,Avery Johnson,ACCLQ,5240,8052,C_Forecast,DIV_1307 - Pmts Virt Sol Innov and Cons Bkg Tech Admin,8/7/26,"K, Srikantesh",,,,,,,,,,"$57,900","$51,700","$47,400","$44,200","$41,100","$41,300","$41,500","$42,200","$42,300","$43,000","$42,300","$42,700","$42,900","$45,600","$46,600","$46,000","$46,400","$47,200","$46,300","$51,900","$53,400","$52,200","$52,800","$54,100","$53,700","$61,800","$63,700","$66,600","$67,600","$67,300","$68,600","$68,400","$67,700","$67,800","$69,400","$69,100","$69,500","$89,000","$93,000","$96,500","$98,900","$103,600","$102,800","$103,100","$103,500","$101,200","$100,400","$101,600","$101,800","$145,600","$152,900","$171,400","$173,800","$185,700","$181,200","$182,600","$181,800","$182,800","$183,000","$184,600","$182,400",-,-,-,-,-,-,-,-,-,-,-,-,-,-,-,-,-,-,-,-,-,-,-,-,-,-,-
100147,SW,119,CTMARTECH,Fixed Assets (Peoplesoft) - SWM,"ServiceNow, Inc.",ServiceNow,IT service management subscription enterprise agreement,8/9/26,8/31/28,VRM200105,"$283,600","$589,800","$482,300",-,,N,No,0,"zz.Luloff, Julie",Execution Complete,Budget owner confirmed,,,Commited,RTB,BC5100094,BC5100104,ATR730002,Web Server,7/17/26,7/19/26,900000147,64932177,,"$1,355,700",7800000147,,Avery Johnson,Goldmine (WFF) GLDMN,352080,6031,C_Forecast,DIV_2842 - Digital Channel Technology,4/20/26,"K, Srikantesh",AST0700146,,,,,,,,,"$68,600","$60,800","$55,400","$51,400","$47,400","$47,400","$47,300","$47,800","$47,700","$48,300","$47,400","$47,800","$48,000","$51,100","$52,400","$51,900","$52,700","$54,000","$53,200","$60,200","$62,400","$61,400","$62,500","$64,400","$64,200",-,-,-,-,-,-,-,-,-,-,-,-,-,-,-,-,-,-,-,-,-,-,-,-,-,-,-,-,-,-,-,-,-,-,-,-,-,-,-,-,-,-,-,-,-,-,-,-,-,-,-,-,-,-,-,-,-,-,-,-,-,-,-
100148,DEPR,135,CTCPR,Fixed Assets (Peoplesoft) - DEPR,IBM Corporation,IBM,Mainframe software and technical support enterprise agreement,8/17/26,8/31/30,VRM200136,"$46,800","$106,000","$132,600","$181,100",beeline#,Y,Yes,,"Tadas, Deepa P.",Analyst Review,Pending final statement of work,,-,New,RTB,BC5100047,BC5100047,ATR730020,,6/27/26,7/10/26,900000148,29523442,,"$633,900",7800000148,,Jordan Lee,GLDMN,6998,1221,C_Forecast,DIV_3188 - Marketing Technology Enablement,4/23/26,"Abiodun, Dare",AST0700147,,,,,,,,,"$11,100","$9,900","$9,200","$8,600","$8,000","$8,100","$8,200","$8,400","$8,500","$8,700","$8,600","$8,700","$8,800","$9,400","$9,600","$9,500","$9,500","$9,700","$9,400","$10,500","$10,800","$10,400","$10,500","$10,700","$10,500","$12,000","$12,300","$12,800","$13,000","$12,900","$13,100","$13,100","$13,000","$13,100","$13,500","$13,500","$13,600","$17,600","$18,500","$19,300","$19,900","$21,000","$20,900","$21,100","$21,200","$20,800","$20,600","$20,900","$20,900",-,-,-,-,-,-,-,-,-,-,-,-,-,-,-,-,-,-,-,-,-,-,-,-,-,-,-,-,-,-,-,-,-,-,-,-,-,-,-
100149,FB,112,CTPLATFORM,A8501947 - Consulting Services - Fixed Bid,"Oracle America, Inc.",Oracle,Database platform licensing and maintenance enterprise agreement,8/25/26,8/31/29,VRM200181,"$144,200","$320,800","$404,200","$325,700",,N,No,0,"zz.Brennecke, Jana",Cancelled,Invoice schedule under review,0,-,Renewal,RTB,BC5100114,BC5100008,ATR730042,,4/3/26,5/14/26,900000149,67174430,,"$1,194,900",7800000149,,Dana Williams,1CR5,677255,2142,C_Forecast,DIV_3188 - Marketing Technology Enablement,6/15/26,"zz.Brennecke, Jana",AST0700148,,,,,,,,,"$34,300","$30,700","$28,200","$26,400","$24,600","$24,900","$25,100","$25,600","$25,800","$26,300","$26,000","$26,300","$26,500","$28,200","$28,900","$28,500","$28,700","$29,100","$28,500","$31,800","$32,600","$31,700","$31,900","$32,500","$32,100","$36,800","$37,800","$39,400","$40,000","$39,700","$40,600","$40,400","$40,100","$40,300","$41,400","$41,400","$41,800",-,-,-,-,-,-,-,-,-,-,-,-,-,-,-,-,-,-,-,-,-,-,-,-,-,-,-,-,-,-,-,-,-,-,-,-,-,-,-,-,-,-,-,-,-,-,-,-,-,-,-
100150,TEL,121,CTADMIN,A8292080 - Telecommunication,IBM Corporation,IBM,Mainframe software and technical support enterprise agreement,8/18/26,8/31/31,VRM200204,"$256,300","$561,700","$713,300","$983,100",,N,No,0,"S, Rajashekar",Execution Complete,Invoice schedule under review,,,New,RTB,BC5100037,BC5100037,ATR730031,,8/2/26,8/18/26,900000150,21170057,,"$5,633,400",7800000150,TFT,Jordan Lee,TTMS,969695,MarTech,C_Forecast,DIV_2636 - Teller,5/13/26,"Tadas, Deepa P.",AST0700149,,,,,,,,,"$61,100","$54,600","$50,100","$46,900","$43,600","$44,000","$44,300","$45,100","$45,300","$46,100","$45,500","$46,000","$46,300","$49,200","$50,300","$49,600","$50,000","$50,800","$49,700","$55,600","$57,100","$55,700","$56,200","$57,400","$56,800","$65,300","$67,200","$70,200","$71,300","$70,800","$72,300","$72,100","$71,500","$71,700","$73,500","$73,400","$73,900","$94,900","$99,400","$103,400","$106,200","$111,400","$110,700","$111,200","$111,600","$109,200","$108,300","$109,500","$109,600","$156,500","$164,000","$183,300","$185,500","$197,700","$192,400","$193,500","$192,200","$192,900","$193,000","$194,400","$192,100",-,-,-,-,-,-,-,-,-,-,-,-,-,-,-,-,-,-,-,-,-,-,-,-,-,-,-
100151,SW,110,CTEDP,A8200045 - Software Maintenance,Accenture LLP,Accenture,Application development and consulting services,8/20/26,8/31/28,VRM200228,"$188,300","$406,700","$320,300",-,,N,Yes,,"Kollapally, Suraj",LOB Review,Includes affiliate services,,,Commited,CTB,BC5100032,BC5100095,ATR730076,,1/17/26,7/8/26,900000151,22153861,,"$915,300",7800000151,,Taylor Brooks,DMSBA,PO SR Required,7050,C_Forecast,DIV_2921 - Cloud Infrastructure Engineering,4/8/26,System,AST0700150,,,,,,,,,"$45,000","$40,200","$36,800","$34,400","$31,900","$32,200","$32,300","$32,800","$32,900","$33,400","$32,900","$33,200","$33,400","$35,500","$36,200","$35,800","$36,100","$36,800","$36,000","$40,400","$41,600","$40,600","$41,100","$42,100","$41,700",-,-,-,-,-,-,-,-,-,-,-,-,-,-,-,-,-,-,-,-,-,-,-,-,-,-,-,-,-,-,-,-,-,-,-,-,-,-,-,-,-,-,-,-,-,-,-,-,-,-,-,-,-,-,-,-,-,-,-,-,-,-,-
100155,TEL,127,CTADMIN,A8292080 - Telecommunication,FIS Global,FIS,Banking platform software and services,8/28/26,8/31/27,VRM200159,"$73,300","$106,200",-,-,VRM status,Y,Yes,0,"zz.Ejiofor, Justina",Finance - Confirming,Invoice schedule under review,0,,Commited,CTB,BC5100060,BC5100060,ATR730065,,4/17/26,6/30/26,900000155,29755521,,"$179,500",7800000155,TFT,Taylor Brooks,NAHAS,PO SR Required,MarTech,C_Forecast,"DIV_1211 - Deposits, Operations and Debit Card Tech",6/13/26,"Tadas, Deepa P.",,,,,,,,,,"$17,400","$15,600","$14,300","$13,400","$12,600","$12,700","$12,800","$13,100","$13,300","$13,600","$13,400","$13,600","$13,700",-,-,-,-,-,-,-,-,-,-,-,-,-,-,-,-,-,-,-,-,-,-,-,-,-,-,-,-,-,-,-,-,-,-,-,-,-,-,-,-,-,-,-,-,-,-,-,-,-,-,-,-,-,-,-,-,-,-,-,-,-,-,-,-,-,-,-,-,-,-,-,-,-,-,-
100152,SW,124,CTARCHENG,A8200050 - Software License,Verizon Business Network Services,Verizon,Enterprise telecommunications services renewal,8/20/26,8/31/30,VRM200217,"$119,900","$255,400","$332,500","$456,300",,N,Yes,,"Eckman, Bradley T.",Management Review,Vendor onboarding completed,,-,Renewal,CTB,BC5100058,BC5100058,ATR730059,,1/25/26,7/4/26,900000152,81722199,,"$1,562,900",7800000152,,Casey Rivera,BREF,PO SR Required,1594,C_Forecast,DIV_3188 - Marketing Technology Enablement,6/9/26,"Matera, Jill",AST0700151,,,,,,,,,"$28,800","$25,600","$23,500","$21,800","$20,200","$20,300","$20,400","$20,700","$20,700","$21,000","$20,600","$20,800","$20,900","$22,200","$22,700","$22,400","$22,700","$23,100","$22,700","$25,500","$26,300","$25,800","$26,200","$26,800","$26,700","$30,700","$31,800","$33,200","$33,700","$33,500","$34,200","$34,000","$33,600","$33,600","$34,300","$34,100","$34,200","$43,700","$45,600","$47,200","$48,300","$50,500","$50,100","$50,200","$50,400","$49,300","$48,900","$49,600","$49,800",-,-,-,-,-,-,-,-,-,-,-,-,-,-,-,-,-,-,-,-,-,-,-,-,-,-,-,-,-,-,-,-,-,-,-,-,-,-,-
100153,DEPR,127,CTDLR,Fixed Assets (Peoplesoft) - DEPR,Tata Consultancy Services,TCS,Application maintenance and delivery services,8/15/26,8/31/29,VRM200216,"$33,200","$69,600","$92,100","$75,100",,N,Yes,,"S, Rajashekar",Analyst Review,Migration dependency tracked,,-,Commited,CTB,BC5100092,BC5100092,ATR730010,,1/12/26,7/29/26,900000153,13412172,,"$270,000",7800000153,TFT,Taylor Brooks,TTMS,672105,6195,C_Forecast,DIV_2636 - Teller,2/10/26,"Abiodun, Dare",AST0700152,,,,,,,,,"$8,000","$7,100","$6,500","$6,000","$5,600","$5,600","$5,600","$5,600","$5,600","$5,700","$5,600","$5,700","$5,700","$6,000","$6,200","$6,100","$6,200","$6,300","$6,200","$7,000","$7,300","$7,100","$7,200","$7,500","$7,400","$8,600","$8,800","$9,300","$9,400","$9,300","$9,500","$9,400","$9,300","$9,300","$9,500","$9,400","$9,400",-,-,-,-,-,-,-,-,-,-,-,-,-,-,-,-,-,-,-,-,-,-,-,-,-,-,-,-,-,-,-,-,-,-,-,-,-,-,-,-,-,-,-,-,-,-,-,-,-,-,-
100154,FB,124,CTSB,A8501947 - Consulting Services - Fixed Bid,Infosys Limited,Infosys,Managed application support services enterprise agreement,8/21/26,8/31/29,VRM200159,"$888,600","$1,847,900","$2,488,200","$2,016,600",,N,Yes,,"Eckman, Bradley T.",LOB Review,Security assessment completed,0,,New,RTB,BC5100032,BC5100032,ATR730027,,6/24/26,8/15/26,900000154,22603137,,"$7,241,300",7800000154,,Avery Johnson,TTMS,588289,MarTech,C_Forecast,DIV_2636 - Teller,5/23/26,System,AST0700153,,,,,,,,,"$214,900","$190,600","$173,600","$161,000","$148,500","$148,600","$148,200","$149,800","$149,400","$151,200","$148,600","$149,700","$150,500","$160,100","$164,100","$162,600","$165,100","$169,100","$166,800","$188,500","$195,500","$192,500","$195,900","$201,800","$201,000","$232,000","$239,900","$250,900","$254,300","$252,200","$256,400","$254,200","$250,400","$249,100","$253,400","$250,600","$250,300",-,-,-,-,-,-,-,-,-,-,-,-,-,-,-,-,-,-,-,-,-,-,-,-,-,-,-,-,-,-,-,-,-,-,-,-,-,-,-,-,-,-,-,-,-,-,-,-,-,-,-
100156,SW,115,CTADMIN,A8200050 - Software License,IBM Corporation,IBM,Mainframe software and technical support,8/13/26,8/31/29,VRM200210,"$65,400","$145,400","$183,100","$147,500",,N,Yes,0,"K, Srikantesh",LOB Review,Pricing validation in progress,,,Commited,RTB,BC5100107,BC5100107,ATR730074,,5/12/26,5/27/26,900000156,70942408,,"$541,400",7800000156,,Avery Johnson,CORE,546898,495,C_Forecast,DIV_2921 - Cloud Infrastructure Engineering,2/12/26,"Eckman, Bradly T.",,,,,,,,,,"$15,500","$13,900","$12,800","$12,000","$11,200","$11,300","$11,400","$11,600","$11,700","$11,900","$11,800","$11,900","$12,000","$12,800","$13,100","$12,900","$13,000","$13,200","$12,900","$14,400","$14,800","$14,400","$14,400","$14,700","$14,500","$16,700","$17,100","$17,900","$18,100","$18,000","$18,400","$18,300","$18,200","$18,200","$18,800","$18,700","$18,900",-,-,-,-,-,-,-,-,-,-,-,-,-,-,-,-,-,-,-,-,-,-,-,-,-,-,-,-,-,-,-,-,-,-,-,-,-,-,-,-,-,-,-,-,-,-,-,-,-,-,-
100157,SAAS,121,CTMARTECH,Fixed Assets (Peoplesoft) - SAAS,Adobe Inc.,Adobe,Digital experience platform subscription enterprise agreement,8/16/26,8/31/30,VRM200161,"$286,600","$628,000","$797,700","$1,099,600",,N,No,,"Kollapally, Suraj",Execution Complete,Includes affiliate services,,,Renewal,RTB,BC5100031,BC5100011,ATR730024,,5/23/26,6/3/26,900000157,91511360,,"$3,797,700",7800000157,,Jordan Lee,BDCMS,6546,699,C_Forecast,DIV_2714 - Enterprise Data Platforms,1/5/26,"zz.Brennecke, Jana",AST0700156,,,,,,,,,"$68,300","$61,000","$56,100","$52,400","$48,800","$49,200","$49,500","$50,500","$50,700","$51,600","$50,900","$51,400","$51,700","$55,000","$56,200","$55,400","$55,900","$56,800","$55,600","$62,200","$63,900","$62,300","$62,800","$64,200","$63,500","$73,000","$75,200","$78,500","$79,700","$79,200","$80,900","$80,600","$80,000","$80,200","$82,200","$82,000","$82,700","$106,100","$111,200","$115,700","$118,800","$124,600","$123,800","$124,300","$124,800","$122,100","$121,100","$122,500","$122,600",-,-,-,-,-,-,-,-,-,-,-,-,-,-,-,-,-,-,-,-,-,-,-,-,-,-,-,-,-,-,-,-,-,-,-,-,-,-,-
100158,T&M,121,CTMARTECH,A8501946 - Outsourcing Contract - Time & Materials,IBM Corporation,IBM,Mainframe software and technical support,8/24/26,8/31/29,VRM200119,"$196,500","$424,000","$544,700","$444,500",,N,Yes,0,"zz.Brennecke, Jana",Finance - Managing,Budget owner confirmed,0,-,New,CTB,BC5100028,BC5100028,ATR730064,,4/29/26,6/2/26,900000158,72931216,,"$1,609,700",7800000158,TFT,Priya Shah,LVRMP,909122,2632,C_Forecast,DIV_2636 - Teller,8/4/26,"zz.Brennecke, Jana",,,,,,,,,,"$47,000","$41,900","$38,400","$35,900","$33,300","$33,500","$33,700","$34,200","$34,300","$34,800","$34,300","$34,600","$34,800","$37,000","$37,800","$37,300","$37,700","$38,300","$37,500","$42,100","$43,300","$42,400","$42,900","$43,900","$43,500","$50,100","$51,700","$54,100","$54,900","$54,600","$55,700","$55,500","$54,900","$55,000","$56,300","$56,100","$56,400",-,-,-,-,-,-,-,-,-,-,-,-,-,-,-,-,-,-,-,-,-,-,-,-,-,-,-,-,-,-,-,-,-,-,-,-,-,-,-,-,-,-,-,-,-,-,-,-,-,-,-
100161,FB,127,CTHLT,A8501945 - Outsourcing Contract - Fixed Bid,Snowflake Inc.,Snowflake,Cloud data platform subscription renewal,8/30/26,2/28/27,VRM200158,"$228,400","$76,300",-,-,end date with fcst,Y,Yes,0,"Kollapally, Suraj",LOB Review,Includes affiliate services,,,Commited,RTB,BC5100035,BC5100082,ATR730037,,7/24/26,8/5/26,900000161,65433502,,"$304,700",7800000161,TFT,Casey Rivera,WFIG,5486,MarTech,C_Forecast,DIV_2714 - Enterprise Data Platforms,3/4/26,"K, Srikantesh",,,,,,,,,,"$55,200","$49,000","$44,600","$41,400","$38,200","$38,200","$38,100",-,-,-,-,-,-,-,-,-,-,-,-,-,-,-,-,-,-,-,-,-,-,-,-,-,-,-,-,-,-,-,-,-,-,-,-,-,-,-,-,-,-,-,-,-,-,-,-,-,-,-,-,-,-,-,-,-,-,-,-,-,-,-,-,-,-,-,-,-,-,-,-,-,-,-,-,-,-,-,-,-
100159,SAAS,141,CTCPR,Fixed Assets (Peoplesoft) - SAAS,IBM Corporation,IBM,Mainframe software and technical support enterprise agreement,8/27/26,8/31/28,VRM200169,"$106,400","$226,300","$180,100",-,,N,Yes,,"K, Srikantesh",Finance - Confirming,Vendor onboarding completed,,,Commited,CTB,BC5100032,BC5100060,ATR730074,Web Server,5/29/26,8/27/26,900000159,73685254,,"$512,800",7800000159,,Priya Shah,ICEDQ,8115,9524,C_Forecast,DIV_2383 - Consumer Lending Technology Architecture,6/18/26,"Matera, Jill",,,,,,,,,,"$25,500","$22,700","$20,800","$19,400","$18,000","$18,000","$18,100","$18,300","$18,300","$18,600","$18,300","$18,400","$18,500","$19,700","$20,100","$19,900","$20,100","$20,500","$20,100","$22,600","$23,300","$22,900","$23,200","$23,800","$23,700",-,-,-,-,-,-,-,-,-,-,-,-,-,-,-,-,-,-,-,-,-,-,-,-,-,-,-,-,-,-,-,-,-,-,-,-,-,-,-,-,-,-,-,-,-,-,-,-,-,-,-,-,-,-,-,-,-,-,-,-,-,-,-
100160,SAAS,116,CTCPR,Fixed Assets (Peoplesoft) - SAAS,IBM Corporation,IBM,Mainframe software and technical support renewal,8/26/26,8/31/32,VRM200151,"$38,500","$80,800","$106,700","$145,800",,N,Yes,0,"zz.Ejiofor, Justina",Finance Review,Consolidated under enterprise agreement,,,New,CTB,BC5100114,BC5100099,ATR730059,,1/31/26,2/3/26,900000160,41763564,,"$1,458,600",7800000160,TFT,Dana Williams,QLTRCS,530165,3476,C_Forecast,DIV_3055 - Cybersecurity Platform Services,5/10/26,System,,,,,,,,,,"$9,300","$8,200","$7,500","$7,000","$6,500","$6,500","$6,500","$6,500","$6,500","$6,600","$6,500","$6,600","$6,600","$7,000","$7,200","$7,100","$7,200","$7,300","$7,200","$8,100","$8,400","$8,300","$8,400","$8,600","$8,600","$9,900","$10,300","$10,700","$10,900","$10,800","$11,000","$10,900","$10,800","$10,800","$11,000","$10,900","$10,900","$13,900","$14,500","$15,000","$15,300","$16,000","$15,800","$15,800","$15,900","$15,600","$15,500","$15,700","$15,800","$22,700","$23,900","$27,000","$27,500","$29,500","$28,900","$29,200","$29,200","$29,400","$29,500","$29,700","$29,400","$44,500","$46,200","$49,200","$51,300","$54,500","$55,300","$54,600","$54,300","$54,400","$53,000","$53,900","$53,600",-,-,-,-,-,-,-,-,-,-,-,-,-,-,-
100162,T&M,117,CTSB,A8501906 - Outsourcing/Technical Contract,Accenture LLP,Accenture,Application development and consulting services,8/25/26,8/31/29,VRM200220,"$161,500","$365,100","$457,400","$364,800",,N,Yes,,"Tadas, Deepa P.",LOB Execution,Consolidated under enterprise agreement,0,,Renewal,CTB,BC5100016,BC5100093,ATR730026,,3/8/26,5/10/26,900000162,29717766,,"$1,348,800",7800000162,,Jordan Lee,CCS,626113,8603,C_Forecast,DIV_2714 - Enterprise Data Platforms,5/18/26,"Abiodun, Dare",AST0700161,,,,,,,,,"$38,300","$34,300","$31,600","$29,600","$27,700","$28,000","$28,300","$29,000","$29,200","$29,900","$29,600","$30,000","$30,300","$32,300","$33,000","$32,600","$32,900","$33,400","$32,500","$36,300","$37,100","$36,000","$36,200","$36,800","$36,200","$41,400","$42,500","$44,200","$44,800","$44,400","$45,300","$45,200","$44,900","$45,100","$46,400","$46,500","$47,000",-,-,-,-,-,-,-,-,-,-,-,-,-,-,-,-,-,-,-,-,-,-,-,-,-,-,-,-,-,-,-,-,-,-,-,-,-,-,-,-,-,-,-,-,-,-,-,-,-,-,-
100164,FB,132,CTSB,A8501947 - Consulting Services - Fixed Bid,Google LLC,Google Cloud,Cloud data and analytics services,8/25/26,8/31/30,VRM200238,"$429,300","$940,900","$1,194,700","$1,646,900",,N,Yes,,"Eckman, Bradley T.",Finance - Confirming,Security assessment completed,,,Renewal,RTB,BC5100073,BC5100073,ATR730062,,7/26/26,8/22/26,900000164,58536181,,"$5,688,300",7800000164,,Casey Rivera,SFCOE,9025,9679,C_Forecast,DIV_1548 - Pmts Virt Sol Innov Platform Management,8/7/26,"Eckman, Bradly T.",AST0700163,,,,,,,,,"$102,300","$91,400","$84,000","$78,500","$73,100","$73,800","$74,200","$75,600","$75,900","$77,300","$76,200","$77,000","$77,500","$82,400","$84,200","$83,000","$83,800","$85,100","$83,200","$93,200","$95,700","$93,300","$94,100","$96,100","$95,200","$109,300","$112,600","$117,600","$119,300","$118,700","$121,100","$120,800","$119,800","$120,100","$123,200","$122,900","$123,800","$158,900","$166,500","$173,200","$177,900","$186,600","$185,500","$186,200","$186,900","$182,900","$181,400","$183,400","$183,600",-,-,-,-,-,-,-,-,-,-,-,-,-,-,-,-,-,-,-,-,-,-,-,-,-,-,-,-,-,-,-,-,-,-,-,-,-,-,-
100165,SAAS,136,CTBSTT,A8201904 - Software as a Service,Verizon Business Network Services,Verizon,Enterprise telecommunications services,8/22/26,2/29/28,VRM200212,"$559,500","$1,207,200","$216,000",-,,N,Yes,,"Eckman, Bradley T.",Finance - Managing,Renewal documentation completed,,,Renewal,RTB,BC5100000,BC5100000,ATR730068,,5/13/26,8/20/26,900000165,82771733,,"$1,982,700",7800000165,TFT,Morgan Patel,Goldmine (WFF) GLDMN,356780,6533,C_Forecast,DIV_2714 - Enterprise Data Platforms,1/21/26,"Eckman, Bradly T.",AST0700164,,,,,,,,,"$133,800","$119,300","$109,400","$102,100","$94,900","$95,500","$95,800","$97,400","$97,600","$99,200","$97,700","$98,600","$99,100","$105,300","$107,600","$106,200","$107,200","$109,100","$106,900",-,-,-,-,-,-,-,-,-,-,-,-,-,-,-,-,-,-,-,-,-,-,-,-,-,-,-,-,-,-,-,-,-,-,-,-,-,-,-,-,-,-,-,-,-,-,-,-,-,-,-,-,-,-,-,-,-,-,-,-,-,-,-,-,-,-,-,-,-
100166,SAAS,123,CTCCPTPYMTS,A8201904 - Software as a Service,Tata Consultancy Services,TCS,Application maintenance and delivery services,8/18/26,8/31/30,VRM200182,"$238,200","$506,700","$660,400","$906,400",,N,Yes,0,"K, Srikantesh",New,Renewal documentation completed,,-,Renewal,RTB,BC5100040,BC5100002,ATR730074,Web Server,7/31/26,8/13/26,900000166,62258466,,"$3,103,300",7800000166,,Avery Johnson,CDP2C,2008,115,C_Forecast,DIV_1307 - Pmts Virt Sol Innov and Cons Bkg Tech Admin,6/2/26,"zz.Brennecke, Jana",,,,,,,,,,"$57,100","$50,900","$46,600","$43,400","$40,200","$40,400","$40,400","$41,000","$41,000","$41,600","$40,900","$41,300","$41,500","$44,100","$45,000","$44,500","$45,000","$45,900","$45,000","$50,700","$52,300","$51,200","$51,900","$53,300","$53,000","$61,000","$63,100","$66,000","$67,000","$66,600","$67,900","$67,500","$66,800","$66,700","$68,200","$67,700","$67,900","$86,800","$90,500","$93,800","$96,000","$100,300","$99,500","$99,700","$100,000","$97,800","$97,100","$98,400","$98,800",-,-,-,-,-,-,-,-,-,-,-,-,-,-,-,-,-,-,-,-,-,-,-,-,-,-,-,-,-,-,-,-,-,-,-,-,-,-,-
100167,SW,117,CTARCHENG,Fixed Assets (Peoplesoft) - SWM,Deloitte Consulting LLP,Deloitte,Technology consulting services,8/31/26,8/31/28,VRM200238,"$96,300","$202,100","$162,800",-,,N,Yes,,"zz.Ejiofor, Justina",Finance - Managing,Pricing validation in progress,0,-,Commited,CTB,BC5100072,BC5100072,ATR730028,Web Server,4/14/26,6/14/26,900000167,82737444,,"$461,200",7800000167,TFT,Jamie Chen,DCSN,8137,9409,C_Forecast,DIV_2921 - Cloud Infrastructure Engineering,5/9/26,"Matera, Jill",,,,,,,,,,"$23,200","$20,600","$18,800","$17,500","$16,200","$16,200","$16,200","$16,400","$16,400","$16,600","$16,300","$16,400","$16,500","$17,500","$17,900","$17,700","$18,000","$18,400","$18,100","$20,400","$21,100","$20,700","$21,000","$21,600","$21,500",-,-,-,-,-,-,-,-,-,-,-,-,-,-,-,-,-,-,-,-,-,-,-,-,-,-,-,-,-,-,-,-,-,-,-,-,-,-,-,-,-,-,-,-,-,-,-,-,-,-,-,-,-,-,-,-,-,-,-,-,-,-,-
100169,DATA,118,CTTOCIO,A8590820 - Other Outside Data Processing,"Fiserv, Inc.",Fiserv,Payments processing software and support enterprise agreement,8/15/26,8/31/33,VRM200124,"$82,400","$186,600","$233,700","$318,900",,N,No,,"Tadas, Deepa P.",Cancelled,Pending final statement of work,0,,New,RTB,BC5100032,BC5100032,ATR730028,,2/16/26,5/24/26,900000169,99826360,,"$6,792,200",7800000169,,Jordan Lee,AIM,1641,601,C_Forecast,DIV_2921 - Cloud Infrastructure Engineering,1/14/26,System,,,,,,,,,,"$19,600","$17,500","$16,100","$15,100","$14,100","$14,300","$14,500","$14,800","$14,900","$15,300","$15,100","$15,300","$15,500","$16,500","$16,900","$16,700","$16,800","$17,000","$16,600","$18,500","$19,000","$18,400","$18,500","$18,800","$18,500","$21,200","$21,700","$22,600","$22,900","$22,700","$23,200","$23,100","$22,900","$23,000","$23,700","$23,700","$24,000","$30,900","$32,600","$34,000","$35,100","$37,000","$36,900","$37,200","$37,400","$36,600","$36,400","$36,800","$36,800","$52,400","$54,700","$61,000","$61,500","$65,200","$63,100","$63,100","$62,400","$62,400","$62,200","$62,500","$61,600","$93,400","$97,300","$104,200","$109,400","$117,200","$120,000","$119,800","$120,400","$122,000","$120,100","$123,400","$123,700","$212,900","$224,900","$233,100","$253,300","$340,900","$337,000","$336,200","$332,800","$327,600","$326,900","$324,400","$322,500",-,-,-
100170,TEL,134,CTTOCIO,A8292080 - Telecommunication,Tata Consultancy Services,TCS,Application maintenance and delivery services enterprise agreement,8/19/26,8/31/30,VRM200109,"$109,900","$244,600","$307,600","$422,900",,N,Yes,0,"zz.Brennecke, Jana",Submitted to Sponsor,No action required,0,-,New,RTB,BC5100007,BC5100007,ATR730008,,2/22/26,6/29/26,900000170,13455451,,"$1,470,100",7800000170,TFT,Alex Morgan,1DBI,5388,28,C_Forecast,DIV_2636 - Teller,6/18/26,"Eckman, Bradly T.",AST0700169,,,,,,,,,"$26,100","$23,400","$21,500","$20,100","$18,800","$19,000","$19,100","$19,500","$19,700","$20,100","$19,800","$20,100","$20,200","$21,500","$22,000","$21,700","$21,900","$22,200","$21,700","$24,200","$24,800","$24,100","$24,300","$24,700","$24,400","$28,000","$28,800","$30,000","$30,400","$30,300","$30,900","$30,800","$30,600","$30,700","$31,500","$31,500","$31,800","$40,900","$43,000","$44,800","$46,100","$48,500","$48,300","$48,500","$48,800","$47,800","$47,400","$47,900","$47,900",-,-,-,-,-,-,-,-,-,-,-,-,-,-,-,-,-,-,-,-,-,-,-,-,-,-,-,-,-,-,-,-,-,-,-,-,-,-,-
100171,DEPR,120,CTEDP,Fixed Assets (Peoplesoft) - DEPR,Tata Consultancy Services,TCS,Application maintenance and delivery services enterprise agreement,8/14/26,8/31/28,VRM200172,"$134,400","$294,200","$230,100",-,,N,Yes,0,"zz.Ejiofor, Justina",Analyst Review,Pricing validation in progress,0,,New,RTB,BC5100004,BC5100004,ATR730025,,7/2/26,7/31/26,900000171,74601581,,"$658,700",7800000171,TFT,Priya Shah,AIM,731303,3428,C_Forecast,DIV_1548 - Pmts Virt Sol Innov Platform Management,8/5/26,"Kollapally, Suraj",AST0700170,,,,,,,,,"$32,000","$28,600","$26,300","$24,600","$22,900","$23,100","$23,200","$23,600","$23,700","$24,200","$23,800","$24,100","$24,200","$25,800","$26,300","$26,000","$26,200","$26,600","$26,000","$29,100","$29,900","$29,200","$29,400","$30,100","$29,800",-,-,-,-,-,-,-,-,-,-,-,-,-,-,-,-,-,-,-,-,-,-,-,-,-,-,-,-,-,-,-,-,-,-,-,-,-,-,-,-,-,-,-,-,-,-,-,-,-,-,-,-,-,-,-,-,-,-,-,-,-,-,-
100172,SW,122,CTSB,A8200050 - Software License,Google LLC,Google Cloud,Cloud data and analytics services renewal,8/28/26,8/31/30,VRM200146,"$338,000","$729,200","$937,000","$1,290,700",VRM,Y,Yes,,"Tadas, Deepa P.",New,No action required,,,Commited,RTB,BC5100045,BC5100045,ATR730073,,1/22/26,2/12/26,900000172,92856708,,"$4,436,400",7800000172,TFT,Priya Shah,1CR5,PO SR Required,MarTech,C_Forecast,DIV_2637 - Consumer Payments,7/26/26,System,AST0700171,,,,,,,,,"$80,800","$72,100","$66,100","$61,700","$57,300","$57,700","$57,900","$58,800","$59,000","$59,900","$59,000","$59,500","$59,900","$63,600","$65,000","$64,100","$64,800","$65,900","$64,600","$72,400","$74,600","$72,900","$73,700","$75,500","$74,900","$86,200","$88,900","$93,000","$94,400","$93,800","$95,800","$95,400","$94,500","$94,500","$96,800","$96,400","$96,900","$124,100","$129,800","$134,700","$138,000","$144,600","$143,500","$143,900","$144,300","$141,200","$140,100","$141,800","$142,100",-,-,-,-,-,-,-,-,-,-,-,-,-,-,-,-,-,-,-,-,-,-,-,-,-,-,-,-,-,-,-,-,-,-,-,-,-,-,-
100173,SW,131,CTADMIN,Fixed Assets (Peoplesoft) - SWM,"Salesforce, Inc.",Salesforce,Customer relationship management platform enterprise agreement,8/18/26,8/31/29,VRM200155,"$191,800","$408,000","$531,900","$434,300",,N,Yes,,"zz.Brennecke, Jana",Management Review,Invoice schedule under review,,-,New,RTB,BC5100079,BC5100063,ATR730041,,3/12/26,7/11/26,900000173,41324766,,"$1,566,000",7800000173,,Dana Williams,CORE,8607,5657,C_Forecast,DIV_2636 - Teller,6/24/26,"Agarwal, Ushika",AST0700172,,,,,,,,,"$46,000","$41,000","$37,500","$34,900","$32,400","$32,500","$32,600","$33,000","$33,000","$33,500","$33,000","$33,200","$33,400","$35,500","$36,300","$35,800","$36,200","$37,000","$36,300","$40,800","$42,100","$41,300","$41,800","$42,900","$42,700","$49,200","$50,800","$53,100","$53,900","$53,600","$54,700","$54,400","$53,800","$53,700","$54,900","$54,500","$54,700",-,-,-,-,-,-,-,-,-,-,-,-,-,-,-,-,-,-,-,-,-,-,-,-,-,-,-,-,-,-,-,-,-,-,-,-,-,-,-,-,-,-,-,-,-,-,-,-,-,-,-
100180,DATA,135,CTSB,A8590820 - Other Outside Data Processing,Infosys Limited,Infosys,Managed application support services renewal,8/16/26,8/31/27,VRM200137,"$39,700","$54,500",-,-,,N,Yes,,"zz.Brennecke, Jana",Finance - Managing,Renewal documentation completed,,,New,CTB,BC5100093,BC5100093,ATR730049,,5/31/26,7/1/26,900000180,47369245,,"$94,200",7800000180,,Riley Kim,LO - SHAW-APP,PO SR Required,3078,C_Forecast,DIV_2637 - Consumer Payments,1/13/26,"Abiodun, Dare",AST0700179,,,,,,,,,"$9,500","$8,500","$7,800","$7,200","$6,700","$6,700","$6,700","$6,800","$6,800","$6,900","$6,800","$6,900","$6,900",-,-,-,-,-,-,-,-,-,-,-,-,-,-,-,-,-,-,-,-,-,-,-,-,-,-,-,-,-,-,-,-,-,-,-,-,-,-,-,-,-,-,-,-,-,-,-,-,-,-,-,-,-,-,-,-,-,-,-,-,-,-,-,-,-,-,-,-,-,-,-,-,-,-,-
100174,SAAS,114,CTCPR,A8201904 - Software as a Service,"ServiceNow, Inc.",ServiceNow,IT service management subscription renewal,8/16/26,8/31/29,VRM200155,"$103,400","$217,100","$287,500","$234,300",,N,Yes,,"zz.Brennecke, Jana",New,Budget owner confirmed,,,New,RTB,BC5100077,BC5100077,ATR730026,,3/23/26,5/29/26,900000174,82246365,,"$842,300",7800000174,,Avery Johnson,RADIA,6190,7955,C_Forecast,DIV_3188 - Marketing Technology Enablement,5/14/26,"Eckman, Bradly T.",AST0700173,,,,,,,,,"$24,900","$22,100","$20,200","$18,800","$17,400","$17,400","$17,400","$17,600","$17,600","$17,800","$17,500","$17,600","$17,700","$18,800","$19,300","$19,100","$19,300","$19,700","$19,400","$21,900","$22,700","$22,300","$22,600","$23,300","$23,100","$26,700","$27,600","$28,900","$29,300","$29,100","$29,600","$29,400","$29,100","$29,000","$29,500","$29,300","$29,300",-,-,-,-,-,-,-,-,-,-,-,-,-,-,-,-,-,-,-,-,-,-,-,-,-,-,-,-,-,-,-,-,-,-,-,-,-,-,-,-,-,-,-,-,-,-,-,-,-,-,-
100175,SW,135,CTCCPTPYMTS,A8200050 - Software License,Snowflake Inc.,Snowflake,Cloud data platform subscription,8/10/26,8/31/29,VRM200184,"$477,400","$992,800","$1,336,900","$1,083,800",,N,Yes,,"Tadas, Deepa P.",LOB Review,Security assessment completed,,-,Commited,CTB,BC5100101,BC5100101,ATR730066,,3/10/26,4/24/26,900000175,84871131,,"$3,890,900",7800000175,TFT,Riley Kim,AIM,6458,7924,C_Forecast,DIV_2383 - Consumer Lending Technology Architecture,3/7/26,"Kollapally, Suraj",,,,,,,,,,"$115,400","$102,400","$93,300","$86,500","$79,800","$79,800","$79,600","$80,500","$80,300","$81,300","$79,800","$80,400","$80,800","$86,000","$88,200","$87,400","$88,700","$90,900","$89,600","$101,300","$105,000","$103,400","$105,300","$108,400","$108,000","$124,700","$128,900","$134,800","$136,600","$135,500","$137,800","$136,600","$134,600","$133,900","$136,200","$134,700","$134,500",-,-,-,-,-,-,-,-,-,-,-,-,-,-,-,-,-,-,-,-,-,-,-,-,-,-,-,-,-,-,-,-,-,-,-,-,-,-,-,-,-,-,-,-,-,-,-,-,-,-,-
100176,SW,141,CTSB,Fixed Assets (Peoplesoft) - SWM,AT&T Corp.,AT&T,Network and telecommunications services enterprise agreement,8/18/26,8/31/29,VRM200243,"$63,700","$144,200","$180,600","$144,000",,N,No,,"zz.Ejiofor, Justina",Execution Complete,Legal review pending,,,Commited,CTB,BC5100058,BC5100085,ATR730032,Web Server,7/22/26,7/23/26,900000176,67932589,,"$532,500",7800000176,,Alex Morgan,Goldmine (WFF) GLDMN,5402,3136,C_Forecast,DIV_1548 - Pmts Virt Sol Innov Platform Management,7/1/26,"zz.Brennecke, Jana",AST0700175,,,,,,,,,"$15,100","$13,500","$12,500","$11,700","$10,900","$11,100","$11,200","$11,400","$11,500","$11,800","$11,700","$11,900","$12,000","$12,700","$13,000","$12,900","$13,000","$13,200","$12,800","$14,300","$14,700","$14,200","$14,300","$14,500","$14,300","$16,300","$16,800","$17,500","$17,700","$17,500","$17,900","$17,900","$17,700","$17,800","$18,300","$18,300","$18,600",-,-,-,-,-,-,-,-,-,-,-,-,-,-,-,-,-,-,-,-,-,-,-,-,-,-,-,-,-,-,-,-,-,-,-,-,-,-,-,-,-,-,-,-,-,-,-,-,-,-,-
100177,SAAS,127,CTARCHENG,Fixed Assets (Peoplesoft) - SAAS,"Fiserv, Inc.",Fiserv,Payments processing software and support enterprise agreement,8/17/26,8/31/30,VRM200119,"$462,700","$1,029,800","$1,296,500","$1,781,500",,N,Yes,0,"Tadas, Deepa P.",LOB Execution,Invoice schedule under review,,,Renewal,RTB,BC5100035,BC5100035,ATR730024,,4/8/26,4/26/26,900000177,14835453,,"$6,192,000",7800000177,,Jordan Lee,CFSBI,8402,9956,C_Forecast,DIV_2636 - Teller,8/6/26,"Abiodun, Dare",,,,,,,,,,"$110,000","$98,400","$90,500","$84,800","$79,000","$79,900","$80,600","$82,300","$82,800","$84,500","$83,500","$84,500","$85,100","$90,600","$92,600","$91,300","$92,100","$93,500","$91,300","$102,000","$104,500","$101,700","$102,300","$104,200","$102,900","$118,000","$121,300","$126,600","$128,200","$127,400","$130,100","$129,700","$128,800","$129,300","$132,800","$132,800","$134,000","$172,400","$181,100","$188,800","$194,300","$204,200","$203,400","$204,400","$205,400","$201,100","$199,500","$201,700","$201,800",-,-,-,-,-,-,-,-,-,-,-,-,-,-,-,-,-,-,-,-,-,-,-,-,-,-,-,-,-,-,-,-,-,-,-,-,-,-,-
100178,TEL,119,CTSB,A8292080 - Telecommunication,Deloitte Consulting LLP,Deloitte,Technology consulting services,8/19/26,8/31/30,VRM200139,"$275,800","$604,400","$767,800","$1,057,800",end date with fcst,Y,Yes,0,"K, Srikantesh",Finance - Managing,Pricing validation in progress,0,-,Commited,RTB,BC5100001,BC5100000,ATR730037,,4/27/26,7/16/26,900000178,31289903,,"$3,654,500",7800000178,TFT,Avery Johnson,RADIA,1405,MarTech,C_Forecast,DIV_2921 - Cloud Infrastructure Engineering,5/24/26,"Tadas, Deepa P.",AST0700177,,,,,,,,,"$65,700","$58,700","$53,900","$50,500","$47,000","$47,400","$47,700","$48,500","$48,800","$49,600","$49,000","$49,500","$49,800","$52,900","$54,100","$53,300","$53,800","$54,700","$53,500","$59,900","$61,500","$59,900","$60,500","$61,800","$61,100","$70,200","$72,400","$75,600","$76,700","$76,200","$77,800","$77,600","$76,900","$77,100","$79,100","$78,900","$79,500","$102,100","$107,000","$111,300","$114,300","$119,900","$119,200","$119,600","$120,100","$117,500","$116,500","$117,900","$118,000",-,-,-,-,-,-,-,-,-,-,-,-,-,-,-,-,-,-,-,-,-,-,-,-,-,-,-,-,-,-,-,-,-,-,-,-,-,-,-
100179,T&M,117,CTTOCIO,A8501906 - Outsourcing/Technical Contract,Microsoft Corporation,Microsoft,Enterprise software subscriptions and support renewal,8/31/26,8/31/31,VRM200169,"$661,300","$1,427,400","$1,833,700","$2,526,400",,N,Yes,0,"zz.Brennecke, Jana",New,Vendor onboarding completed,0,,Renewal,CTB,BC5100042,BC5100042,ATR730001,,5/19/26,8/18/26,900000179,67079258,,"$14,438,800",7800000179,,Jamie Chen,NAHAS,8118,MarTech,C_Forecast,DIV_2842 - Digital Channel Technology,7/25/26,"zz.Brennecke, Jana",,,,,,,,,,"$158,100","$141,100","$129,300","$120,700","$112,100","$112,900","$113,300","$115,200","$115,400","$117,300","$115,500","$116,500","$117,200","$124,500","$127,200","$125,600","$126,800","$129,000","$126,400","$141,800","$145,900","$142,600","$144,300","$147,700","$146,600","$168,700","$174,000","$182,000","$184,700","$183,700","$187,400","$186,700","$184,900","$185,100","$189,500","$188,700","$189,700","$242,900","$254,000","$263,600","$270,200","$283,000","$280,900","$281,600","$282,500","$276,400","$274,200","$277,500","$278,100","$397,700","$417,500","$467,900","$474,700","$507,000","$494,900","$498,600","$496,500","$499,100","$499,800","$504,000","$498,100",-,-,-,-,-,-,-,-,-,-,-,-,-,-,-,-,-,-,-,-,-,-,-,-,-,-,-
100181,SAAS,129,CTEDP,A8201904 - Software as a Service,Deloitte Consulting LLP,Deloitte,Technology consulting services renewal,8/11/26,8/31/29,VRM200110,"$454,100","$954,100","$1,262,700","$1,029,100",type/start,Y,Yes,0,"zz.Ejiofor, Justina",Finance - Confirming,Includes affiliate services,,-,Commited,RTB,BC5100015,BC5100015,ATR730001,,3/26/26,7/18/26,900000181,35602228,,"$3,700,000",7800000181,,Reese Martin,ACCLQ,PO SR Required,MarTech,C_Forecast,DIV_1307 - Pmts Virt Sol Innov and Cons Bkg Tech Admin,2/5/26,"Ashwathappa, Rakesh",AST0700180,,,,,,,,,"$109,300","$97,200","$88,800","$82,500","$76,300","$76,400","$76,400","$77,300","$77,200","$78,300","$76,900","$77,500","$77,900","$82,800","$84,700","$83,800","$84,900","$86,700","$85,300","$96,200","$99,500","$97,800","$99,300","$102,100","$101,700","$117,300","$121,200","$126,900","$128,700","$127,800","$130,200","$129,300","$127,600","$127,200","$129,700","$128,600","$128,700",-,-,-,-,-,-,-,-,-,-,-,-,-,-,-,-,-,-,-,-,-,-,-,-,-,-,-,-,-,-,-,-,-,-,-,-,-,-,-,-,-,-,-,-,-,-,-,-,-,-,-
100182,DATA,122,CTMARTECH,A8590820 - Other Outside Data Processing,AT&T Corp.,AT&T,Network and telecommunications services,8/23/26,8/31/30,VRM200196,"$65,300","$135,900","$183,200","$247,100",,N,No,4933,"Kollapally, Suraj",Execution Complete,Renewal documentation completed,0,,Renewal,RTB,BC5100115,BC5100005,ATR730027,,4/20/26,7/25/26,900000182,85235314,,"$843,800",7800000182,,Cameron Smith,1DBI,PO SR Required,9473,C_Forecast,DIV_3055 - Cybersecurity Platform Services,8/4/26,"Eckman, Bradly T.",,,,,,,,,,"$15,800","$14,000","$12,800","$11,800","$10,900","$10,900","$10,900","$11,000","$11,000","$11,100","$10,900","$11,000","$11,100","$11,800","$12,100","$12,000","$12,100","$12,400","$12,300","$13,900","$14,400","$14,200","$14,400","$14,800","$14,800","$17,100","$17,700","$18,500","$18,700","$18,600","$18,900","$18,700","$18,400","$18,300","$18,700","$18,400","$18,400","$23,400","$24,400","$25,200","$25,700","$26,800","$26,600","$26,600","$26,700","$26,200","$26,100","$26,500","$26,800",-,-,-,-,-,-,-,-,-,-,-,-,-,-,-,-,-,-,-,-,-,-,-,-,-,-,-,-,-,-,-,-,-,-,-,-,-,-,-
100183,SAAS,118,CTCPR,Fixed Assets (Peoplesoft) - SAAS,AT&T Corp.,AT&T,Network and telecommunications services,8/10/26,2/28/27,VRM200100,"$153,900","$53,700",-,-,beeline#,Y,Yes,,"K, Srikantesh",LOB Execution,Pricing validation in progress,0,-,Renewal,CTB,BC5100063,BC5100111,ATR730076,,2/24/26,4/30/26,900000183,55722352,,"$207,600",7800000183,,Jordan Lee,CDP2C,103935,MarTech,C_Forecast,DIV_3055 - Cybersecurity Platform Services,4/22/26,System,AST0700182,,,,,,,,,"$36,500","$32,700","$30,100","$28,200","$26,400","$26,700","$27,000",-,-,-,-,-,-,-,-,-,-,-,-,-,-,-,-,-,-,-,-,-,-,-,-,-,-,-,-,-,-,-,-,-,-,-,-,-,-,-,-,-,-,-,-,-,-,-,-,-,-,-,-,-,-,-,-,-,-,-,-,-,-,-,-,-,-,-,-,-,-,-,-,-,-,-,-,-,-,-,-,-
100190,T&M,139,CTBSTT,A8501906 - Outsourcing/Technical Contract,FIS Global,FIS,Banking platform software and services renewal,8/17/26,2/29/28,VRM200160,"$205,500","$464,600","$83,800",-,,N,Yes,,"S, Rajashekar",Finance - Managing,Pending final statement of work,,,New,RTB,BC5100036,BC5100036,ATR730075,,1/12/26,2/2/26,900000190,91511360,,"$753,900",7800000190,,Cameron Smith,MOD,1354,8779,C_Forecast,DIV_2637 - Consumer Payments,1/22/26,"zz.Luloff, Julie",AST0700189,,,,,,,,,"$48,800","$43,600","$40,200","$37,700","$35,200","$35,700","$36,000","$36,900","$37,200","$38,000","$37,700","$38,200","$38,500","$41,100","$42,000","$41,500","$41,800","$42,400","$41,400",-,-,-,-,-,-,-,-,-,-,-,-,-,-,-,-,-,-,-,-,-,-,-,-,-,-,-,-,-,-,-,-,-,-,-,-,-,-,-,-,-,-,-,-,-,-,-,-,-,-,-,-,-,-,-,-,-,-,-,-,-,-,-,-,-,-,-,-,-
100184,SW,135,CTEDP,A8200045 - Software Maintenance,Deloitte Consulting LLP,Deloitte,Technology consulting services enterprise agreement,8/9/26,8/31/29,VRM200118,"$37,200","$82,700","$104,300","$84,100",,N,Yes,,"Tadas, Deepa P.",New,Pending final statement of work,,,Commited,CTB,BC5100041,BC5100041,ATR730037,Web Server,12/29/25,7/13/26,900000184,50407436,,"$308,300",7800000184,TFT,Taylor Brooks,SMT#2452 & SR#SR1994083716,865197,9736,C_Forecast,DIV_2921 - Cloud Infrastructure Engineering,4/20/26,"Eckman, Bradly T.",AST0700183,,,,,,,,,"$8,800","$7,900","$7,300","$6,800","$6,400","$6,400","$6,500","$6,600","$6,700","$6,800","$6,700","$6,800","$6,800","$7,300","$7,400","$7,300","$7,400","$7,500","$7,300","$8,200","$8,400","$8,200","$8,200","$8,400","$8,300","$9,500","$9,800","$10,200","$10,300","$10,200","$10,500","$10,400","$10,400","$10,400","$10,700","$10,700","$10,800",-,-,-,-,-,-,-,-,-,-,-,-,-,-,-,-,-,-,-,-,-,-,-,-,-,-,-,-,-,-,-,-,-,-,-,-,-,-,-,-,-,-,-,-,-,-,-,-,-,-,-
100185,SW,110,CTBSTT,Fixed Assets (Peoplesoft) - SWM,"Fiserv, Inc.",Fiserv,Payments processing software and support enterprise agreement,8/22/26,8/31/29,VRM200219,"$169,100","$370,600","$470,800","$382,200",type/start,Y,No,0,"zz.Luloff, Julie",Execution Complete,Legal review pending,,-,Renewal,RTB,BC5100023,BC5100023,ATR730048,,5/13/26,7/6/26,900000185,43504542,,"$1,392,700",7800000185,,Riley Kim,CDP2C,4044,3059,C_Forecast,DIV_2636 - Teller,3/27/26,"Abiodun, Dare",AST0700184,,,,,,,,,"$40,300","$36,000","$33,100","$30,900","$28,800","$29,100","$29,200","$29,800","$29,900","$30,400","$30,000","$30,300","$30,500","$32,500","$33,200","$32,700","$33,000","$33,500","$32,800","$36,700","$37,700","$36,700","$37,100","$37,900","$37,500","$43,100","$44,400","$46,400","$47,000","$46,700","$47,700","$47,600","$47,200","$47,300","$48,500","$48,400","$48,800",-,-,-,-,-,-,-,-,-,-,-,-,-,-,-,-,-,-,-,-,-,-,-,-,-,-,-,-,-,-,-,-,-,-,-,-,-,-,-,-,-,-,-,-,-,-,-,-,-,-,-
100186,FB,142,CTBSTT,A8501945 - Outsourcing Contract - Fixed Bid,"Oracle America, Inc.",Oracle,Database platform licensing and maintenance,8/31/26,8/31/30,VRM200241,"$834,000","$1,799,700","$2,312,000","$3,185,500",beeline#,Y,No,,"zz.Ejiofor, Justina",Execution Complete,Vendor onboarding completed,,-,Commited,CTB,BC5100030,BC5100030,ATR730044,,7/5/26,8/13/26,900000186,46343223,,"$10,948,100",7800000186,,Cameron Smith,BREF,854558,9556,C_Forecast,"DIV_1211 - Deposits, Operations and Debit Card Tech",3/7/26,"Kollapally, Suraj",AST0700185,,,,,,,,,"$199,400","$177,900","$163,100","$152,200","$141,400","$142,400","$142,900","$145,200","$145,500","$147,900","$145,700","$146,900","$147,700","$157,000","$160,400","$158,300","$159,800","$162,700","$159,300","$178,800","$184,000","$179,800","$181,900","$186,300","$184,800","$212,600","$219,400","$229,500","$232,900","$231,600","$236,300","$235,400","$233,200","$233,300","$238,900","$237,900","$239,200","$306,300","$320,300","$332,400","$340,700","$356,800","$354,100","$355,100","$356,200","$348,500","$345,700","$349,900","$350,600",-,-,-,-,-,-,-,-,-,-,-,-,-,-,-,-,-,-,-,-,-,-,-,-,-,-,-,-,-,-,-,-,-,-,-,-,-,-,-
100187,SW,113,CTCPR,A8200050 - Software License,Verizon Business Network Services,Verizon,Enterprise telecommunications services enterprise agreement,8/23/26,8/31/29,VRM200126,"$29,100","$61,800","$80,500","$65,700",VRM Status/beeline#,Y,No,0,"S, Rajashekar",Execution Complete,Renewal documentation completed,0,,Renewal,CTB,BC5100028,BC5100000,ATR730006,,5/9/26,7/18/26,900000187,59661767,,"$237,100",7800000187,,Priya Shah,HK,421539,8832,C_Forecast,DIV_1307 - Pmts Virt Sol Innov and Cons Bkg Tech Admin,2/24/26,"Kollapally, Suraj",AST0700186,,,,,,,,,"$7,000","$6,200","$5,700","$5,300","$4,900","$4,900","$4,900","$5,000","$5,000","$5,100","$5,000","$5,000","$5,100","$5,400","$5,500","$5,400","$5,500","$5,600","$5,500","$6,200","$6,400","$6,200","$6,300","$6,500","$6,500","$7,400","$7,700","$8,000","$8,200","$8,100","$8,300","$8,200","$8,100","$8,100","$8,300","$8,300","$8,300",-,-,-,-,-,-,-,-,-,-,-,-,-,-,-,-,-,-,-,-,-,-,-,-,-,-,-,-,-,-,-,-,-,-,-,-,-,-,-,-,-,-,-,-,-,-,-,-,-,-,-
100188,T&M,113,CTARCHENG,A8501946 - Outsourcing Contract - Time & Materials,Tata Consultancy Services,TCS,Application maintenance and delivery services,8/17/26,8/31/30,VRM200231,"$74,400","$156,400","$207,000","$282,300",VRM,Y,Yes,,"Kollapally, Suraj",Submitted to Sponsor,Consolidated under enterprise agreement,0,,New,CTB,BC5100100,BC5100100,ATR730078,,4/7/26,7/6/26,900000188,85122507,,"$964,300",7800000188,,Jamie Chen,TTMS,683247,MarTech,C_Forecast,DIV_2714 - Enterprise Data Platforms,6/4/26,"Tadas, Deepa P.",AST0700187,,,,,,,,,"$17,900","$15,900","$14,600","$13,500","$12,500","$12,500","$12,500","$12,700","$12,700","$12,800","$12,600","$12,700","$12,800","$13,600","$13,900","$13,700","$13,900","$14,200","$14,000","$15,800","$16,300","$16,000","$16,300","$16,700","$16,700","$19,200","$19,900","$20,800","$21,100","$21,000","$21,300","$21,200","$20,900","$20,900","$21,300","$21,100","$21,100","$26,900","$28,000","$29,000","$29,600","$30,900","$30,600","$30,700","$30,800","$30,200","$30,000","$30,400","$30,600",-,-,-,-,-,-,-,-,-,-,-,-,-,-,-,-,-,-,-,-,-,-,-,-,-,-,-,-,-,-,-,-,-,-,-,-,-,-,-
100189,SW,114,CTBSTT,Fixed Assets (Peoplesoft) - SWM,Broadcom Inc.,Broadcom,Infrastructure software maintenance enterprise agreement,8/8/26,8/31/30,VRM200194,"$180,400","$375,100","$505,200","$681,500",,N,Yes,0,"zz.Luloff, Julie",Finance - Managing,Includes affiliate services,,,New,RTB,BC5100119,BC5100119,ATR730079,,5/8/26,6/15/26,900000189,79785255,,"$2,327,600",7800000189,,Jamie Chen,SMT#2452 & SR#SR1994083716,PO SR Required,428,C_Forecast,DIV_1548 - Pmts Virt Sol Innov Platform Management,7/5/26,"zz.Luloff, Julie",AST0700188,,,,,,,,,"$43,600","$38,700","$35,200","$32,700","$30,200","$30,200","$30,100","$30,400","$30,300","$30,700","$30,200","$30,400","$30,500","$32,500","$33,300","$33,000","$33,500","$34,300","$33,900","$38,300","$39,700","$39,100","$39,800","$41,000","$40,800","$47,100","$48,700","$50,900","$51,600","$51,200","$52,100","$51,600","$50,800","$50,600","$51,400","$50,900","$50,800","$64,700","$67,200","$69,400","$70,800","$73,900","$73,200","$73,400","$73,700","$72,300","$71,900","$73,200","$73,800",-,-,-,-,-,-,-,-,-,-,-,-,-,-,-,-,-,-,-,-,-,-,-,-,-,-,-,-,-,-,-,-,-,-,-,-,-,-,-
100191,DEPR,141,CTHLT,Fixed Assets (Peoplesoft) - DEPR,Adobe Inc.,Adobe,Digital experience platform subscription renewal,8/12/26,8/31/28,VRM200172,"$131,200","$292,200","$227,500",-,,N,Yes,0,"Tadas, Deepa P.",Finance Review,Pending final statement of work,0,,Renewal,CTB,BC5100044,BC5100044,ATR730002,,1/2/26,6/3/26,900000191,65298643,,"$650,900",7800000191,,Jamie Chen,SMT#2452 & SR#SR1994083716,7157,3309,C_Forecast,DIV_3055 - Cybersecurity Platform Services,5/25/26,"Abiodun, Dare",,,,,,,,,,"$31,200","$27,900","$25,700","$24,000","$22,400","$22,700","$22,900","$23,300","$23,500","$24,000","$23,700","$24,000","$24,100","$25,700","$26,300","$25,900","$26,100","$26,500","$25,900","$28,900","$29,600","$28,800","$29,000","$29,600","$29,200",-,-,-,-,-,-,-,-,-,-,-,-,-,-,-,-,-,-,-,-,-,-,-,-,-,-,-,-,-,-,-,-,-,-,-,-,-,-,-,-,-,-,-,-,-,-,-,-,-,-,-,-,-,-,-,-,-,-,-,-,-,-,-
100192,DATA,141,CTHLT,A8590820 - Other Outside Data Processing,Accenture LLP,Accenture,Application development and consulting services renewal,8/25/26,8/31/32,VRM200126,"$191,700","$420,000","$533,400","$735,200",end date with fcst,Y,Yes,0,"Eckman, Bradley T.",Submitted to Sponsor,Renewal documentation completed,0,-,New,RTB,BC5100066,BC5100027,ATR730029,,4/21/26,8/14/26,900000192,94675230,,"$7,368,800",7800000192,TFT,Riley Kim,RADIA,9423,9674,C_Forecast,DIV_1548 - Pmts Virt Sol Innov Platform Management,2/14/26,"Ashwathappa, Rakesh",,,,,,,,,,"$45,700","$40,800","$37,500","$35,100","$32,600","$32,900","$33,100","$33,700","$33,900","$34,500","$34,000","$34,400","$34,600","$36,800","$37,600","$37,100","$37,400","$38,000","$37,200","$41,600","$42,700","$41,600","$42,000","$42,900","$42,500","$48,800","$50,300","$52,500","$53,300","$53,000","$54,100","$53,900","$53,500","$53,600","$55,000","$54,900","$55,300","$70,900","$74,300","$77,300","$79,400","$83,300","$82,800","$83,100","$83,400","$81,600","$81,000","$81,900","$82,000","$117,000","$122,600","$137,100","$138,700","$147,800","$143,900","$144,600","$143,700","$144,200","$144,300","$145,400","$143,600","$218,100","$227,000","$243,100","$254,600","$272,100","$277,800","$276,300","$276,500","$278,900","$273,300","$279,600","$279,200",-,-,-,-,-,-,-,-,-,-,-,-,-,-,-
100193,DATA,142,CTADMIN,A8590820 - Other Outside Data Processing,Google LLC,Google Cloud,Cloud data and analytics services,8/29/26,8/31/33,VRM200162,"$201,900","$435,700","$559,600","$771,100",,N,No,0,"Tadas, Deepa P.",Execution Complete,Vendor onboarding completed,0,-,Renewal,RTB,BC5100001,BC5100001,ATR730010,,2/28/26,5/20/26,900000193,25620967,,"$16,008,700",7800000193,,Cameron Smith,Goldmine (WFF) GLDMN,9790,9280,C_Forecast,DIV_3188 - Marketing Technology Enablement,4/2/26,"K, Srikantesh",,,,,,,,,,"$48,300","$43,100","$39,500","$36,800","$34,200","$34,500","$34,600","$35,100","$35,200","$35,800","$35,300","$35,600","$35,800","$38,000","$38,800","$38,300","$38,700","$39,400","$38,600","$43,300","$44,500","$43,500","$44,000","$45,100","$44,700","$51,500","$53,100","$55,500","$56,400","$56,100","$57,200","$57,000","$56,400","$56,500","$57,800","$57,600","$57,900","$74,100","$77,500","$80,500","$82,500","$86,400","$85,700","$85,900","$86,200","$84,300","$83,700","$84,700","$84,900","$121,400","$127,400","$142,800","$144,900","$154,700","$151,000","$152,200","$151,500","$152,300","$152,600","$153,800","$152,000","$230,700","$240,000","$256,800","$268,500","$286,400","$291,900","$289,700","$289,200","$291,100","$284,600","$290,600","$289,700","$495,600","$521,100","$538,100","$583,400","$784,300","$775,500","$774,900","$769,500","$760,900","$763,500","$762,400","$763,600",-,-,-
100203,DATA,139,CTCCPTPYMTS,A8590820 - Other Outside Data Processing,Microsoft Corporation,Microsoft,Enterprise software subscriptions and support,8/10/26,8/31/27,VRM200229,"$115,000","$154,800",-,-,,N,Yes,,"Eckman, Bradley T.",Finance Review,Consolidated under enterprise agreement,0,,Renewal,RTB,BC5100102,BC5100102,ATR730079,,2/15/26,3/18/26,900000203,33809554,,"$269,800",7800000203,,Reese Martin,SFCOE,7676,MarTech,C_Forecast,DIV_3055 - Cybersecurity Platform Services,2/28/26,"Ashwathappa, Rakesh",AST0700202,,,,,,,,,"$27,800","$24,700","$22,500","$20,800","$19,200","$19,200","$19,200","$19,400","$19,300","$19,600","$19,200","$19,400","$19,500",-,-,-,-,-,-,-,-,-,-,-,-,-,-,-,-,-,-,-,-,-,-,-,-,-,-,-,-,-,-,-,-,-,-,-,-,-,-,-,-,-,-,-,-,-,-,-,-,-,-,-,-,-,-,-,-,-,-,-,-,-,-,-,-,-,-,-,-,-,-,-,-,-,-,-
100204,SW,129,CTHLT,A8200045 - Software Maintenance,FIS Global,FIS,Banking platform software and services,8/23/26,2/29/28,VRM200219,"$257,400","$582,100","$105,000",-,,N,Yes,0,"Kollapally, Suraj",Finance - Managing,Pending final statement of work,,,Renewal,CTB,BC5100065,BC5100065,ATR730027,,6/10/26,6/17/26,900000204,14762501,,"$944,500",7800000204,,Casey Rivera,ATMP,514574,MarTech,C_Forecast,DIV_2637 - Consumer Payments,7/9/26,"zz.Luloff, Julie",AST0700203,,,,,,,,,"$61,100","$54,700","$50,300","$47,200","$44,100","$44,700","$45,100","$46,200","$46,600","$47,700","$47,200","$47,800","$48,300","$51,500","$52,600","$52,000","$52,400","$53,200","$51,800",-,-,-,-,-,-,-,-,-,-,-,-,-,-,-,-,-,-,-,-,-,-,-,-,-,-,-,-,-,-,-,-,-,-,-,-,-,-,-,-,-,-,-,-,-,-,-,-,-,-,-,-,-,-,-,-,-,-,-,-,-,-,-,-,-,-,-,-,-
100194,SAAS,122,CTHLT,Fixed Assets (Peoplesoft) - SAAS,AT&T Corp.,AT&T,Network and telecommunications services enterprise agreement,8/8/26,8/31/28,VRM200220,"$218,300","$464,500","$369,500",-,,N,Yes,,"zz.Ejiofor, Justina",New,Consolidated under enterprise agreement,,,New,CTB,BC5100039,BC5100039,ATR730061,Web Server,2/6/26,2/8/26,900000194,73685254,,"$1,052,300",7800000194,,Avery Johnson,QLTRCS,PO SR Required,6937,C_Forecast,"DIV_1211 - Deposits, Operations and Debit Card Tech",4/10/26,System,AST0700193,,,,,,,,,"$52,400","$46,600","$42,700","$39,800","$36,800","$37,000","$37,100","$37,600","$37,600","$38,200","$37,500","$37,800","$38,000","$40,400","$41,300","$40,800","$41,200","$42,100","$41,300","$46,400","$47,900","$46,900","$47,600","$48,800","$48,500",-,-,-,-,-,-,-,-,-,-,-,-,-,-,-,-,-,-,-,-,-,-,-,-,-,-,-,-,-,-,-,-,-,-,-,-,-,-,-,-,-,-,-,-,-,-,-,-,-,-,-,-,-,-,-,-,-,-,-,-,-,-,-
100195,T&M,144,CTCPR,A8501946 - Outsourcing Contract - Time & Materials,IBM Corporation,IBM,Mainframe software and technical support enterprise agreement,8/26/26,8/31/29,VRM200153,"$98,400","$207,000","$273,700","$223,100",,N,No,,"K, Srikantesh",Execution Complete,Includes affiliate services,,,New,CTB,BC5100032,BC5100070,ATR730001,,2/4/26,4/24/26,900000195,12490062,,"$802,200",7800000195,,Cameron Smith,CDP2C,576460,3833,C_Forecast,DIV_2842 - Digital Channel Technology,6/5/26,"Ashwathappa, Rakesh",AST0700194,,,,,,,,,"$23,700","$21,100","$19,200","$17,900","$16,500","$16,600","$16,600","$16,800","$16,700","$17,000","$16,700","$16,800","$16,900","$17,900","$18,400","$18,200","$18,400","$18,800","$18,500","$20,900","$21,600","$21,200","$21,500","$22,100","$22,000","$25,400","$26,300","$27,500","$27,900","$27,700","$28,200","$28,000","$27,700","$27,600","$28,100","$27,900","$27,900",-,-,-,-,-,-,-,-,-,-,-,-,-,-,-,-,-,-,-,-,-,-,-,-,-,-,-,-,-,-,-,-,-,-,-,-,-,-,-,-,-,-,-,-,-,-,-,-,-,-,-
100196,DATA,140,CTCCPTPYMTS,A8590820 - Other Outside Data Processing,Tata Consultancy Services,TCS,Application maintenance and delivery services renewal,8/10/26,2/29/28,VRM200176,"$721,100","$1,499,600","$272,600",-,,N,Yes,0,"S, Rajashekar",Submitted to Sponsor,Pending final statement of work,,-,New,CTB,BC5100015,BC5100082,ATR730032,,1/27/26,4/7/26,900000196,37715755,,"$2,493,300",7800000196,TFT,Jamie Chen,SMT#2452 & SR#SR1994083716,4020,3787,C_Forecast,DIV_1550 - Branch Operations Enablement,3/14/26,"zz.Luloff, Julie",AST0700195,,,,,,,,,"$174,400","$154,600","$140,900","$130,700","$120,500","$120,600","$120,300","$121,500","$121,200","$122,700","$120,600","$121,400","$122,100","$130,000","$133,200","$132,000","$134,000","$137,200","$135,400",-,-,-,-,-,-,-,-,-,-,-,-,-,-,-,-,-,-,-,-,-,-,-,-,-,-,-,-,-,-,-,-,-,-,-,-,-,-,-,-,-,-,-,-,-,-,-,-,-,-,-,-,-,-,-,-,-,-,-,-,-,-,-,-,-,-,-,-,-
100197,T&M,112,CTBSTT,A8501946 - Outsourcing Contract - Time & Materials,"Datadog, Inc.",Datadog,Cloud monitoring and observability subscription enterprise agreement,8/30/26,8/31/30,VRM200207,"$229,400","$518,700","$649,700","$887,100",,N,Yes,0,"Kollapally, Suraj",New,Migration dependency tracked,,-,Commited,CTB,BC5100004,BC5100004,ATR730020,,5/14/26,7/5/26,900000197,48053527,,"$3,105,200",7800000197,,Jamie Chen,1CR5,4832,6779,C_Forecast,DIV_2636 - Teller,5/17/26,"Tadas, Deepa P.",AST0700196,,,,,,,,,"$54,400","$48,700","$44,900","$42,100","$39,300","$39,800","$40,200","$41,200","$41,500","$42,500","$42,100","$42,600","$43,000","$45,900","$46,900","$46,300","$46,700","$47,400","$46,200","$51,600","$52,700","$51,200","$51,400","$52,200","$51,400","$58,800","$60,400","$62,800","$63,600","$63,100","$64,400","$64,200","$63,800","$64,100","$65,900","$66,000","$66,800","$86,000","$90,600","$94,600","$97,600","$102,800","$102,600","$103,300","$104,000","$101,900","$101,100","$102,300","$102,300",-,-,-,-,-,-,-,-,-,-,-,-,-,-,-,-,-,-,-,-,-,-,-,-,-,-,-,-,-,-,-,-,-,-,-,-,-,-,-
100229,TEL,132,CTPLATFORM,A8292080 - Telecommunication,Microsoft Corporation,Microsoft,Enterprise software subscriptions and support,8/18/26,2/28/27,VRM200112,"$73,000","$24,800",-,-,,N,No,,"Eckman, Bradley T.",Cancelled,Legal review pending,,,Renewal,RTB,BC5100048,BC5100048,ATR730036,,8/3/26,8/15/26,900000229,25246458,,"$97,800",7800000229,,Jamie Chen,ICEDQ,3648,405,C_Forecast,DIV_1548 - Pmts Virt Sol Innov Platform Management,2/11/26,"Abiodun, Dare",AST0700228,,,,,,,,,"$17,500","$15,600","$14,300","$13,300","$12,300","$12,400","$12,400",-,-,-,-,-,-,-,-,-,-,-,-,-,-,-,-,-,-,-,-,-,-,-,-,-,-,-,-,-,-,-,-,-,-,-,-,-,-,-,-,-,-,-,-,-,-,-,-,-,-,-,-,-,-,-,-,-,-,-,-,-,-,-,-,-,-,-,-,-,-,-,-,-,-,-,-,-,-,-,-,-
100198,T&M,128,CTEDP,A8501906 - Outsourcing/Technical Contract,"Oracle America, Inc.",Oracle,Database platform licensing and maintenance renewal,8/10/26,8/31/29,VRM200128,"$59,600","$132,700","$166,700","$134,400",,N,Yes,,"Tadas, Deepa P.",Finance - Managing,Renewal documentation completed,,,New,CTB,BC5100093,BC5100093,ATR730015,,1/27/26,4/17/26,900000198,65150682,,"$493,400",7800000198,,Dana Williams,ATMP,416212,1997,C_Forecast,DIV_2383 - Consumer Lending Technology Architecture,7/12/26,"zz.Luloff, Julie",,,,,,,,,,"$14,200","$12,700","$11,600","$10,900","$10,200","$10,300","$10,400","$10,600","$10,700","$10,900","$10,700","$10,900","$11,000","$11,700","$11,900","$11,800","$11,800","$12,000","$11,700","$13,100","$13,400","$13,100","$13,200","$13,400","$13,200","$15,200","$15,600","$16,300","$16,500","$16,400","$16,700","$16,700","$16,600","$16,600","$17,100","$17,100","$17,200",-,-,-,-,-,-,-,-,-,-,-,-,-,-,-,-,-,-,-,-,-,-,-,-,-,-,-,-,-,-,-,-,-,-,-,-,-,-,-,-,-,-,-,-,-,-,-,-,-,-,-
100199,DATA,122,CTTOCIO,A8590820 - Other Outside Data Processing,Tata Consultancy Services,TCS,Application maintenance and delivery services,8/21/26,8/31/29,VRM200138,"$219,800","$481,800","$611,800","$496,800",,N,Yes,0,"K, Srikantesh",Finance - Managing,Vendor onboarding completed,,,Commited,CTB,BC5100086,BC5100086,ATR730068,,3/4/26,6/30/26,900000199,61495692,,"$1,810,200",7800000199,,Reese Martin,LO - SHAW-APP,796861,6519,C_Forecast,DIV_1307 - Pmts Virt Sol Innov and Cons Bkg Tech Admin,7/14/26,"Abiodun, Dare",,,,,,,,,,"$52,400","$46,800","$43,000","$40,200","$37,400","$37,800","$38,000","$38,700","$38,900","$39,600","$39,000","$39,400","$39,700","$42,200","$43,100","$42,500","$42,900","$43,600","$42,600","$47,700","$49,000","$47,800","$48,200","$49,200","$48,700","$56,000","$57,700","$60,200","$61,100","$60,800","$62,000","$61,800","$61,300","$61,500","$63,100","$62,900","$63,400",-,-,-,-,-,-,-,-,-,-,-,-,-,-,-,-,-,-,-,-,-,-,-,-,-,-,-,-,-,-,-,-,-,-,-,-,-,-,-,-,-,-,-,-,-,-,-,-,-,-,-
100200,OEM,137,CTARCHENG,Fixed Assets (Peoplesoft) - OEM,Deloitte Consulting LLP,Deloitte,Technology consulting services enterprise agreement,8/26/26,8/31/31,VRM200153,"$83,800","$180,900","$232,400","$319,900",,N,Yes,,"zz.Ejiofor, Justina",Finance Review,Renewal documentation completed,0,,New,CTB,BC5100028,BC5100028,ATR730052,,7/25/26,8/24/26,900000200,82246365,,"$1,829,100",7800000200,,Reese Martin,NAHAS,PO SR Required,MarTech,C_Forecast,DIV_2842 - Digital Channel Technology,1/7/26,"Kollapally, Suraj",,,,,,,,,,"$20,000","$17,900","$16,400","$15,300","$14,200","$14,300","$14,400","$14,600","$14,600","$14,900","$14,600","$14,800","$14,800","$15,800","$16,100","$15,900","$16,100","$16,300","$16,000","$18,000","$18,500","$18,100","$18,300","$18,700","$18,600","$21,400","$22,000","$23,100","$23,400","$23,300","$23,700","$23,600","$23,400","$23,400","$24,000","$23,900","$24,000","$30,800","$32,200","$33,400","$34,200","$35,800","$35,600","$35,700","$35,800","$35,000","$34,700","$35,200","$35,200","$50,400","$52,900","$59,300","$60,100","$64,200","$62,700","$63,200","$62,900","$63,200","$63,300","$63,800","$63,100",-,-,-,-,-,-,-,-,-,-,-,-,-,-,-,-,-,-,-,-,-,-,-,-,-,-,-
100201,SAAS,129,CTTOCIO,A8201904 - Software as a Service,Infosys Limited,Infosys,Managed application support services renewal,8/27/26,8/31/30,VRM200174,"$71,500","$152,000","$198,200","$271,900",type/start,Y,Yes,,"zz.Luloff, Julie",Submitted to Sponsor,Security assessment completed,,,Renewal,RTB,BC5100079,BC5100079,ATR730028,Web Server,1/26/26,3/27/26,900000201,10781378,,"$931,000",7800000201,,Casey Rivera,RADIA,9639,7219,C_Forecast,DIV_1550 - Branch Operations Enablement,3/25/26,"Kollapally, Suraj",AST0700200,,,,,,,,,"$17,100","$15,300","$14,000","$13,000","$12,100","$12,100","$12,100","$12,300","$12,300","$12,500","$12,300","$12,400","$12,400","$13,200","$13,500","$13,400","$13,500","$13,800","$13,500","$15,200","$15,700","$15,400","$15,600","$16,000","$15,900","$18,300","$18,900","$19,800","$20,100","$20,000","$20,400","$20,300","$20,000","$20,000","$20,400","$20,300","$20,400","$26,000","$27,200","$28,100","$28,800","$30,100","$29,800","$29,900","$30,000","$29,400","$29,100","$29,500","$29,600",-,-,-,-,-,-,-,-,-,-,-,-,-,-,-,-,-,-,-,-,-,-,-,-,-,-,-,-,-,-,-,-,-,-,-,-,-,-,-
100202,SW,121,CTEDP,Fixed Assets (Peoplesoft) - SWM,Broadcom Inc.,Broadcom,Infrastructure software maintenance,8/9/26,8/31/29,VRM200169,"$178,900","$375,800","$497,400","$405,300",,N,No,0,"S, Rajashekar",Execution Complete,Vendor onboarding completed,,,Commited,CTB,BC5100085,BC5100085,ATR730070,Web Server,12/28/25,1/5/26,900000202,83661507,,"$1,457,400",7800000202,TFT,Jordan Lee,ATMP,445220,MarTech,C_Forecast,DIV_1550 - Branch Operations Enablement,7/2/26,"zz.Luloff, Julie",AST0700201,,,,,,,,,"$43,100","$38,300","$35,000","$32,500","$30,000","$30,100","$30,100","$30,500","$30,400","$30,800","$30,300","$30,500","$30,700","$32,600","$33,400","$33,000","$33,400","$34,200","$33,600","$37,900","$39,200","$38,500","$39,100","$40,200","$40,000","$46,200","$47,800","$50,000","$50,700","$50,300","$51,300","$50,900","$50,300","$50,100","$51,100","$50,600","$50,700",-,-,-,-,-,-,-,-,-,-,-,-,-,-,-,-,-,-,-,-,-,-,-,-,-,-,-,-,-,-,-,-,-,-,-,-,-,-,-,-,-,-,-,-,-,-,-,-,-,-,-
100205,FB,135,CTHLT,A8501945 - Outsourcing Contract - Fixed Bid,"Fiserv, Inc.",Fiserv,Payments processing software and support renewal,8/28/26,8/31/31,VRM200115,"$240,000","$534,200","$672,500","$924,100",,N,Yes,4933,"Kollapally, Suraj",LOB Execution,Pricing validation in progress,0,,Renewal,CTB,BC5100096,BC5100088,ATR730051,,7/22/26,8/5/26,900000205,82925005,,"$5,320,300",7800000205,,Priya Shah,Goldmine (WFF) GLDMN,5036,5624,C_Forecast,DIV_2714 - Enterprise Data Platforms,7/7/26,System,AST0700204,,,,,,,,,"$57,100","$51,000","$46,900","$44,000","$41,000","$41,500","$41,800","$42,700","$42,900","$43,800","$43,300","$43,800","$44,200","$47,000","$48,000","$47,400","$47,800","$48,500","$47,400","$52,900","$54,200","$52,700","$53,100","$54,100","$53,400","$61,200","$62,900","$65,600","$66,500","$66,100","$67,500","$67,300","$66,800","$67,100","$68,900","$68,900","$69,500","$89,400","$93,900","$97,900","$100,800","$105,900","$105,500","$106,000","$106,600","$104,300","$103,500","$104,700","$104,700","$149,200","$156,100","$174,200","$175,900","$186,900","$181,500","$182,000","$180,400","$180,700","$180,500","$181,600","$179,300",-,-,-,-,-,-,-,-,-,-,-,-,-,-,-,-,-,-,-,-,-,-,-,-,-,-,-
100206,SAAS,129,CTARCHENG,Fixed Assets (Peoplesoft) - SAAS,FIS Global,FIS,Banking platform software and services,8/26/26,8/31/28,VRM200183,"$342,000","$749,500","$586,200",-,,N,Yes,0,"zz.Luloff, Julie",Analyst Review,Includes affiliate services,,,Commited,RTB,BC5100077,BC5100077,ATR730064,,7/18/26,7/28/26,900000206,83829648,,"$1,677,700",7800000206,,Casey Rivera,QLTRCS,8750,3946,C_Forecast,DIV_1548 - Pmts Virt Sol Innov Platform Management,7/14/26,"Ashwathappa, Rakesh",,,,,,,,,,"$81,500","$72,800","$66,900","$62,600","$58,200","$58,800","$59,100","$60,200","$60,500","$61,600","$60,700","$61,300","$61,700","$65,600","$67,100","$66,200","$66,700","$67,800","$66,300","$74,200","$76,200","$74,300","$75,000","$76,600","$75,800",-,-,-,-,-,-,-,-,-,-,-,-,-,-,-,-,-,-,-,-,-,-,-,-,-,-,-,-,-,-,-,-,-,-,-,-,-,-,-,-,-,-,-,-,-,-,-,-,-,-,-,-,-,-,-,-,-,-,-,-,-,-,-
100207,SW,115,CTCPR,A8200045 - Software Maintenance,Accenture LLP,Accenture,Application development and consulting services,8/13/26,8/31/29,VRM200152,"$170,300","$367,300","$471,800","$384,900",,N,Yes,0,"zz.Brennecke, Jana",Finance - Confirming,Pending final statement of work,0,-,New,CTB,BC5100072,BC5100061,ATR730053,,4/20/26,8/13/26,900000207,66644506,,"$1,394,300",7800000207,,Taylor Brooks,SMT#2452 & SR#SR1994083716,113438,4626,C_Forecast,DIV_1548 - Pmts Virt Sol Innov Platform Management,4/16/26,"Abiodun, Dare",,,,,,,,,,"$40,700","$36,300","$33,300","$31,100","$28,900","$29,100","$29,200","$29,600","$29,700","$30,200","$29,700","$30,000","$30,200","$32,000","$32,700","$32,300","$32,600","$33,200","$32,500","$36,500","$37,600","$36,700","$37,100","$38,000","$37,700","$43,400","$44,800","$46,800","$47,500","$47,300","$48,200","$48,000","$47,600","$47,600","$48,800","$48,600","$48,800",-,-,-,-,-,-,-,-,-,-,-,-,-,-,-,-,-,-,-,-,-,-,-,-,-,-,-,-,-,-,-,-,-,-,-,-,-,-,-,-,-,-,-,-,-,-,-,-,-,-,-
100208,SAAS,118,CTCCPTPYMTS,Fixed Assets (Peoplesoft) - SAAS,FIS Global,FIS,Banking platform software and services,8/15/26,8/31/31,VRM200188,"$378,200","$804,800","$1,048,400","$1,439,100",VRM,Y,Yes,,"zz.Luloff, Julie",New,Budget owner confirmed,,-,Commited,RTB,BC5100002,BC5100002,ATR730031,Web Server,5/7/26,7/14/26,900000208,41005711,,"$8,221,000",7800000208,,Dana Williams,HOGAN CIS,376613,MarTech,C_Forecast,DIV_1307 - Pmts Virt Sol Innov and Cons Bkg Tech Admin,6/4/26,"Kollapally, Suraj",AST0700207,,,,,,,,,"$90,700","$80,800","$74,000","$68,900","$63,800","$64,100","$64,200","$65,100","$65,200","$66,100","$65,000","$65,500","$65,900","$70,000","$71,500","$70,700","$71,500","$72,900","$71,500","$80,400","$83,000","$81,300","$82,500","$84,600","$84,100","$96,900","$100,100","$104,800","$106,300","$105,700","$107,800","$107,200","$106,000","$105,900","$108,200","$107,500","$107,900","$137,800","$143,800","$148,900","$152,400","$159,400","$158,000","$158,300","$158,800","$155,400","$154,300","$156,300","$156,900","$224,900","$236,600","$265,900","$270,400","$289,500","$283,200","$285,900","$285,200","$287,000","$287,700","$290,100","$286,700",-,-,-,-,-,-,-,-,-,-,-,-,-,-,-,-,-,-,-,-,-,-,-,-,-,-,-
100217,SAAS,140,CTBSTT,A8201904 - Software as a Service,FIS Global,FIS,Banking platform software and services renewal,8/15/26,2/29/28,VRM200194,"$257,600","$535,700","$97,400",-,,N,No,0,"Tadas, Deepa P.",Execution Complete,Pending final statement of work,,,New,CTB,BC5100076,BC5100016,ATR730054,Web Server,2/12/26,2/20/26,900000217,36520612,,"$890,700",7800000217,,Dana Williams,GLDMN,864128,3289,C_Forecast,DIV_2714 - Enterprise Data Platforms,7/6/26,"Agarwal, Ushika",,,,,,,,,,"$62,300","$55,200","$50,300","$46,700","$43,100","$43,100","$43,000","$43,400","$43,300","$43,800","$43,100","$43,400","$43,600","$46,400","$47,600","$47,100","$47,900","$49,000","$48,400",-,-,-,-,-,-,-,-,-,-,-,-,-,-,-,-,-,-,-,-,-,-,-,-,-,-,-,-,-,-,-,-,-,-,-,-,-,-,-,-,-,-,-,-,-,-,-,-,-,-,-,-,-,-,-,-,-,-,-,-,-,-,-,-,-,-,-,-,-
100209,SAAS,141,CTDLR,Fixed Assets (Peoplesoft) - SAAS,Deloitte Consulting LLP,Deloitte,Technology consulting services,8/14/26,8/31/29,VRM200171,"$127,200","$267,200","$353,600","$288,000",,N,Yes,,"zz.Luloff, Julie",Finance - Managing,Security assessment completed,,-,Commited,CTB,BC5100061,BC5100061,ATR730024,Web Server,4/5/26,4/22/26,900000209,93480267,,"$1,036,000",7800000209,,Taylor Brooks,MOD,782272,MarTech,C_Forecast,DIV_1550 - Branch Operations Enablement,4/10/26,"Agarwal, Ushika",,,,,,,,,,"$30,600","$27,200","$24,900","$23,100","$21,400","$21,400","$21,400","$21,700","$21,600","$21,900","$21,500","$21,700","$21,800","$23,200","$23,700","$23,500","$23,800","$24,300","$23,900","$26,900","$27,900","$27,400","$27,800","$28,600","$28,500","$32,800","$34,000","$35,500","$36,000","$35,800","$36,400","$36,200","$35,700","$35,600","$36,300","$36,000","$36,000",-,-,-,-,-,-,-,-,-,-,-,-,-,-,-,-,-,-,-,-,-,-,-,-,-,-,-,-,-,-,-,-,-,-,-,-,-,-,-,-,-,-,-,-,-,-,-,-,-,-,-
100210,SAAS,114,CTADMIN,A8201904 - Software as a Service,Snowflake Inc.,Snowflake,Cloud data platform subscription renewal,8/26/26,2/29/28,VRM200213,"$96,100","$199,900","$36,300",-,VRM status,Y,Yes,,"Kollapally, Suraj",Finance - Confirming,Migration dependency tracked,,,New,CTB,BC5100053,BC5100053,ATR730063,,2/5/26,6/26/26,900000210,21371525,,"$332,300",7800000210,,Jamie Chen,SMT#2452 & SR#SR1994083716,PO SR Required,4698,C_Forecast,DIV_1307 - Pmts Virt Sol Innov and Cons Bkg Tech Admin,7/22/26,"Abiodun, Dare",AST0700209,,,,,,,,,"$23,200","$20,600","$18,800","$17,400","$16,100","$16,100","$16,000","$16,200","$16,200","$16,400","$16,100","$16,200","$16,300","$17,300","$17,700","$17,600","$17,800","$18,300","$18,000",-,-,-,-,-,-,-,-,-,-,-,-,-,-,-,-,-,-,-,-,-,-,-,-,-,-,-,-,-,-,-,-,-,-,-,-,-,-,-,-,-,-,-,-,-,-,-,-,-,-,-,-,-,-,-,-,-,-,-,-,-,-,-,-,-,-,-,-,-
100211,FB,112,CTPLATFORM,A8501947 - Consulting Services - Fixed Bid,"Cisco Systems, Inc.",Cisco,Network hardware maintenance and support enterprise agreement,8/22/26,8/31/29,VRM200235,"$233,900","$528,900","$662,400","$528,500",type/start,Y,Yes,,"zz.Ejiofor, Justina",Finance - Confirming,Vendor onboarding completed,,-,Renewal,CTB,BC5100052,BC5100052,ATR730006,,12/29/25,7/26/26,900000211,79247393,,"$1,953,700",7800000211,TFT,Alex Morgan,1CR5,8886,5505,C_Forecast,DIV_2637 - Consumer Payments,3/23/26,"K, Srikantesh",,,,,,,,,,"$55,500","$49,700","$45,700","$42,900","$40,100","$40,600","$41,000","$42,000","$42,300","$43,300","$42,900","$43,500","$43,900","$46,800","$47,800","$47,200","$47,600","$48,300","$47,100","$52,600","$53,800","$52,200","$52,400","$53,200","$52,400","$60,000","$61,500","$64,100","$64,800","$64,400","$65,700","$65,500","$65,000","$65,300","$67,200","$67,300","$68,100",-,-,-,-,-,-,-,-,-,-,-,-,-,-,-,-,-,-,-,-,-,-,-,-,-,-,-,-,-,-,-,-,-,-,-,-,-,-,-,-,-,-,-,-,-,-,-,-,-,-,-
100212,SAAS,131,CTDLR,A8201904 - Software as a Service,"Fiserv, Inc.",Fiserv,Payments processing software and support renewal,8/10/26,8/31/30,VRM200141,"$181,600","$404,200","$508,700","$699,200",,N,Yes,,"zz.Luloff, Julie",Finance - Confirming,No action required,0,-,New,CTB,BC5100017,BC5100017,ATR730051,,6/3/26,6/3/26,900000212,62962370,,"$2,430,100",7800000212,,Riley Kim,ATMP,268025,MarTech,C_Forecast,DIV_3188 - Marketing Technology Enablement,1/6/26,"zz.Brennecke, Jana",,,,,,,,,,"$43,200","$38,600","$35,500","$33,300","$31,000","$31,400","$31,600","$32,300","$32,500","$33,200","$32,800","$33,200","$33,400","$35,600","$36,300","$35,800","$36,100","$36,700","$35,800","$40,000","$41,000","$39,900","$40,100","$40,900","$40,400","$46,300","$47,600","$49,700","$50,300","$50,000","$51,100","$50,900","$50,500","$50,700","$52,100","$52,100","$52,600","$67,700","$71,100","$74,100","$76,300","$80,200","$79,800","$80,200","$80,600","$78,900","$78,300","$79,200","$79,200",-,-,-,-,-,-,-,-,-,-,-,-,-,-,-,-,-,-,-,-,-,-,-,-,-,-,-,-,-,-,-,-,-,-,-,-,-,-,-
100213,SAAS,119,CTMARTECH,A8201904 - Software as a Service,IBM Corporation,IBM,Mainframe software and technical support enterprise agreement,8/19/26,8/31/29,VRM200134,"$87,400","$191,400","$243,200","$197,600",,N,No,,"Eckman, Bradley T.",Execution Complete,Pending final statement of work,,-,New,CTB,BC5100091,BC5100038,ATR730027,,1/20/26,6/22/26,900000213,48819904,,"$719,600",7800000213,TFT,Reese Martin,QLTRCS,776308,844,C_Forecast,DIV_2636 - Teller,7/6/26,"Agarwal, Ushika",,,,,,,,,,"$20,800","$18,600","$17,100","$16,000","$14,900","$15,000","$15,100","$15,400","$15,400","$15,700","$15,500","$15,700","$15,800","$16,800","$17,100","$16,900","$17,000","$17,300","$16,900","$19,000","$19,500","$19,000","$19,200","$19,600","$19,400","$22,200","$22,900","$23,900","$24,300","$24,200","$24,700","$24,600","$24,400","$24,400","$25,100","$25,000","$25,200",-,-,-,-,-,-,-,-,-,-,-,-,-,-,-,-,-,-,-,-,-,-,-,-,-,-,-,-,-,-,-,-,-,-,-,-,-,-,-,-,-,-,-,-,-,-,-,-,-,-,-
100214,OEM,139,CTPLATFORM,Fixed Assets (Peoplesoft) - OEM,Deloitte Consulting LLP,Deloitte,Technology consulting services,8/14/26,8/31/30,VRM200104,"$179,000","$385,900","$496,100","$683,400",,N,Yes,0,"S, Rajashekar",LOB Review,Invoice schedule under review,0,,New,CTB,BC5100094,BC5100038,ATR730041,,4/11/26,4/29/26,900000214,75471773,,"$2,348,800",7800000214,,Casey Rivera,AMT/ePIC,3234,8542,C_Forecast,"DIV_1211 - Deposits, Operations and Debit Card Tech",8/6/26,"zz.Luloff, Julie",AST0700213,,,,,,,,,"$42,800","$38,200","$35,000","$32,700","$30,300","$30,500","$30,600","$31,100","$31,200","$31,700","$31,200","$31,500","$31,700","$33,700","$34,400","$34,000","$34,300","$34,900","$34,200","$38,400","$39,500","$38,600","$39,000","$40,000","$39,600","$45,600","$47,100","$49,200","$50,000","$49,700","$50,700","$50,500","$50,000","$50,100","$51,300","$51,000","$51,300","$65,700","$68,700","$71,300","$73,100","$76,500","$76,000","$76,200","$76,400","$74,800","$74,200","$75,100","$75,200",-,-,-,-,-,-,-,-,-,-,-,-,-,-,-,-,-,-,-,-,-,-,-,-,-,-,-,-,-,-,-,-,-,-,-,-,-,-,-
100215,FB,139,CTCCPTPYMTS,A8501947 - Consulting Services - Fixed Bid,"Cisco Systems, Inc.",Cisco,Network hardware maintenance and support,8/15/26,8/31/29,VRM200127,"$65,500","$139,500","$181,600","$148,300",,N,No,0,"K, Srikantesh",Execution Complete,Invoice schedule under review,,-,Commited,RTB,BC5100046,BC5100046,ATR730065,,4/29/26,5/4/26,900000215,16170894,,"$534,900",7800000215,,Cameron Smith,HOGAN CIS,PO SR Required,4080,C_Forecast,DIV_2383 - Consumer Lending Technology Architecture,5/3/26,"Eckman, Bradly T.",AST0700214,,,,,,,,,"$15,700","$14,000","$12,800","$11,900","$11,100","$11,100","$11,100","$11,300","$11,300","$11,500","$11,300","$11,400","$11,400","$12,100","$12,400","$12,200","$12,400","$12,600","$12,400","$13,900","$14,400","$14,100","$14,300","$14,700","$14,600","$16,800","$17,300","$18,100","$18,400","$18,300","$18,700","$18,600","$18,400","$18,300","$18,700","$18,600","$18,700",-,-,-,-,-,-,-,-,-,-,-,-,-,-,-,-,-,-,-,-,-,-,-,-,-,-,-,-,-,-,-,-,-,-,-,-,-,-,-,-,-,-,-,-,-,-,-,-,-,-,-
100216,SW,122,CTEDP,Fixed Assets (Peoplesoft) - SWL,AT&T Corp.,AT&T,Network and telecommunications services enterprise agreement,8/21/26,8/31/30,VRM200194,"$224,500","$471,700","$624,300","$850,800",,N,Yes,0,"zz.Brennecke, Jana",LOB Review,Vendor onboarding completed,,-,Renewal,CTB,BC5100045,BC5100060,ATR730057,Web Server,6/1/26,6/14/26,900000216,10556170,,"$2,907,400",7800000216,,Avery Johnson,1DBI,9286,3164,C_Forecast,DIV_2714 - Enterprise Data Platforms,1/7/26,"Abiodun, Dare",,,,,,,,,,"$54,100","$48,000","$43,900","$40,800","$37,700","$37,800","$37,800","$38,200","$38,200","$38,700","$38,000","$38,300","$38,500","$40,900","$41,900","$41,400","$42,000","$42,900","$42,200","$47,600","$49,200","$48,300","$49,100","$50,500","$50,300","$58,000","$59,900","$62,700","$63,600","$63,200","$64,300","$63,900","$63,100","$62,900","$64,100","$63,600","$63,600","$81,100","$84,500","$87,300","$89,200","$93,200","$92,300","$92,500","$92,800","$90,900","$90,400","$91,700","$92,300",-,-,-,-,-,-,-,-,-,-,-,-,-,-,-,-,-,-,-,-,-,-,-,-,-,-,-,-,-,-,-,-,-,-,-,-,-,-,-
100218,SW,120,CTEDP,A8200050 - Software License,Infosys Limited,Infosys,Managed application support services renewal,8/14/26,8/31/29,VRM200132,"$191,700","$433,300","$542,700","$432,900",,N,Yes,,"zz.Ejiofor, Justina",Finance - Confirming,Includes affiliate services,,,Commited,CTB,BC5100061,BC5100061,ATR730015,,1/18/26,5/23/26,900000218,44926424,,"$1,600,600",7800000218,TFT,Dana Williams,HOGAN CIS,8681,5632,C_Forecast,DIV_2383 - Consumer Lending Technology Architecture,3/23/26,"Tadas, Deepa P.",AST0700217,,,,,,,,,"$45,500","$40,700","$37,500","$35,200","$32,800","$33,300","$33,600","$34,400","$34,700","$35,500","$35,100","$35,600","$35,900","$38,300","$39,200","$38,700","$39,000","$39,600","$38,600","$43,100","$44,000","$42,800","$42,900","$43,600","$43,000","$49,100","$50,400","$52,500","$53,100","$52,700","$53,800","$53,600","$53,300","$53,500","$55,100","$55,100","$55,800",-,-,-,-,-,-,-,-,-,-,-,-,-,-,-,-,-,-,-,-,-,-,-,-,-,-,-,-,-,-,-,-,-,-,-,-,-,-,-,-,-,-,-,-,-,-,-,-,-,-,-
100254,FB,143,CTADMIN,A8501947 - Consulting Services - Fixed Bid,Broadcom Inc.,Broadcom,Infrastructure software maintenance renewal,8/29/26,2/29/28,VRM200216,"$37,000","$82,400","$14,800",-,,N,Yes,,"Eckman, Bradley T.",Finance - Managing,Security assessment completed,,,New,CTB,BC5100046,BC5100026,ATR730073,,4/10/26,6/15/26,900000254,16170894,,"$134,200",7800000254,,Priya Shah,BREF,843926,MarTech,C_Forecast,DIV_2383 - Consumer Lending Technology Architecture,6/5/26,"Agarwal, Ushika",AST0700253,,,,,,,,,"$8,800","$7,900","$7,200","$6,800","$6,300","$6,400","$6,400","$6,600","$6,600","$6,800","$6,700","$6,800","$6,800","$7,200","$7,400","$7,300","$7,400","$7,500","$7,300",-,-,-,-,-,-,-,-,-,-,-,-,-,-,-,-,-,-,-,-,-,-,-,-,-,-,-,-,-,-,-,-,-,-,-,-,-,-,-,-,-,-,-,-,-,-,-,-,-,-,-,-,-,-,-,-,-,-,-,-,-,-,-,-,-,-,-,-,-
100219,SW,112,CTDLR,Fixed Assets (Peoplesoft) - SWL,AT&T Corp.,AT&T,Network and telecommunications services renewal,8/17/26,8/31/28,VRM200122,"$115,700","$257,700","$200,600",-,check investment date,Y,Yes,0,"K, Srikantesh",Finance - Confirming,Migration dependency tracked,,,Renewal,RTB,BC5100038,BC5100038,ATR730072,,12/27/25,2/11/26,900000219,91718098,,"$574,000",7800000219,,Dana Williams,SFCOE,284460,3121,C_Forecast,DIV_1548 - Pmts Virt Sol Innov Platform Management,6/2/26,"Agarwal, Ushika",,,,,,,,,,"$27,500","$24,600","$22,600","$21,200","$19,800","$20,000","$20,200","$20,600","$20,700","$21,100","$20,900","$21,100","$21,300","$22,700","$23,200","$22,900","$23,000","$23,400","$22,800","$25,500","$26,100","$25,400","$25,600","$26,100","$25,700",-,-,-,-,-,-,-,-,-,-,-,-,-,-,-,-,-,-,-,-,-,-,-,-,-,-,-,-,-,-,-,-,-,-,-,-,-,-,-,-,-,-,-,-,-,-,-,-,-,-,-,-,-,-,-,-,-,-,-,-,-,-,-
100220,OEM,144,CTMARTECH,Fixed Assets (Peoplesoft) - OEM,Accenture LLP,Accenture,Application development and consulting services enterprise agreement,8/20/26,8/31/32,VRM200201,"$87,100","$191,000","$242,500","$334,300",,N,Yes,,"zz.Luloff, Julie",New,No action required,,-,Renewal,RTB,BC5100022,BC5100022,ATR730068,,2/24/26,4/18/26,900000220,35037909,,"$3,351,000",7800000220,TFT,Morgan Patel,AMT/ePIC,3381,MarTech,C_Forecast,DIV_1307 - Pmts Virt Sol Innov and Cons Bkg Tech Admin,1/10/26,"Ashwathappa, Rakesh",,,,,,,,,,"$20,800","$18,600","$17,000","$15,900","$14,800","$15,000","$15,100","$15,300","$15,400","$15,700","$15,500","$15,600","$15,700","$16,700","$17,100","$16,900","$17,000","$17,300","$16,900","$18,900","$19,400","$18,900","$19,100","$19,500","$19,300","$22,200","$22,900","$23,900","$24,200","$24,100","$24,600","$24,500","$24,300","$24,400","$25,000","$24,900","$25,100","$32,300","$33,800","$35,200","$36,100","$37,900","$37,700","$37,800","$37,900","$37,100","$36,800","$37,200","$37,300","$53,200","$55,800","$62,300","$63,100","$67,200","$65,400","$65,800","$65,400","$65,600","$65,600","$66,100","$65,300","$99,200","$103,200","$110,600","$115,800","$123,700","$126,400","$125,700","$125,700","$126,800","$124,300","$127,200","$127,000",-,-,-,-,-,-,-,-,-,-,-,-,-,-,-
100221,SW,131,CTTOCIO,Fixed Assets (Peoplesoft) - SWL,"Datadog, Inc.",Datadog,Cloud monitoring and observability subscription enterprise agreement,8/20/26,2/29/28,VRM200171,"$80,200","$172,900","$30,900",-,,N,Yes,0,"Tadas, Deepa P.",Finance - Managing,Invoice schedule under review,,,Commited,RTB,BC5100028,BC5100028,ATR730045,,7/10/26,7/16/26,900000221,58536181,,"$284,000",7800000221,,Avery Johnson,DCSN,5291,4863,C_Forecast,DIV_2921 - Cloud Infrastructure Engineering,7/18/26,"Eckman, Bradly T.",AST0700220,,,,,,,,,"$19,200","$17,100","$15,700","$14,600","$13,600","$13,700","$13,700","$13,900","$14,000","$14,200","$14,000","$14,100","$14,200","$15,100","$15,400","$15,200","$15,400","$15,600","$15,300",-,-,-,-,-,-,-,-,-,-,-,-,-,-,-,-,-,-,-,-,-,-,-,-,-,-,-,-,-,-,-,-,-,-,-,-,-,-,-,-,-,-,-,-,-,-,-,-,-,-,-,-,-,-,-,-,-,-,-,-,-,-,-,-,-,-,-,-,-
100224,FB,122,CTADMIN,A8501947 - Consulting Services - Fixed Bid,"Salesforce, Inc.",Salesforce,Customer relationship management platform renewal,8/26/26,8/31/27,VRM200181,"$278,800","$375,300",-,-,,N,Yes,0,"K, Srikantesh",Finance Review,Budget owner confirmed,0,,Commited,RTB,BC5100007,BC5100068,ATR730061,,6/7/26,6/7/26,900000224,13412172,,"$654,100",7800000224,,Priya Shah,AIM,542272,6591,C_Forecast,DIV_3055 - Cybersecurity Platform Services,8/7/26,"Abiodun, Dare",,,,,,,,,,"$67,400","$59,800","$54,500","$50,500","$46,600","$46,600","$46,500","$47,000","$46,900","$47,500","$46,600","$47,000","$47,200",-,-,-,-,-,-,-,-,-,-,-,-,-,-,-,-,-,-,-,-,-,-,-,-,-,-,-,-,-,-,-,-,-,-,-,-,-,-,-,-,-,-,-,-,-,-,-,-,-,-,-,-,-,-,-,-,-,-,-,-,-,-,-,-,-,-,-,-,-,-,-,-,-,-,-
100222,T&M,124,CTBSTT,A8501946 - Outsourcing Contract - Time & Materials,Snowflake Inc.,Snowflake,Cloud data platform subscription,8/21/26,8/31/30,VRM200158,"$437,700","$931,400","$1,213,500","$1,665,600",,N,Yes,0,"K, Srikantesh",Submitted to Sponsor,Pending final statement of work,,,Renewal,CTB,BC5100064,BC5100064,ATR730046,,1/10/26,6/20/26,900000222,17985831,,"$5,703,300",7800000222,,Alex Morgan,WFIG,3012,MarTech,C_Forecast,DIV_1307 - Pmts Virt Sol Innov and Cons Bkg Tech Admin,2/24/26,"zz.Luloff, Julie",AST0700221,,,,,,,,,"$105,000","$93,500","$85,600","$79,700","$73,900","$74,200","$74,300","$75,400","$75,400","$76,500","$75,300","$75,800","$76,200","$81,000","$82,800","$81,800","$82,700","$84,300","$82,800","$93,100","$96,100","$94,100","$95,400","$97,900","$97,300","$112,200","$115,900","$121,300","$123,100","$122,300","$124,700","$124,100","$122,700","$122,600","$125,300","$124,400","$124,800","$159,500","$166,400","$172,400","$176,400","$184,400","$182,900","$183,200","$183,800","$179,800","$178,500","$180,900","$181,600",-,-,-,-,-,-,-,-,-,-,-,-,-,-,-,-,-,-,-,-,-,-,-,-,-,-,-,-,-,-,-,-,-,-,-,-,-,-,-
100223,SAAS,118,CTSB,A8201904 - Software as a Service,Tata Consultancy Services,TCS,Application maintenance and delivery services enterprise agreement,8/30/26,8/31/28,VRM200104,"$85,100","$178,800","$144,200",-,,N,No,0,"zz.Ejiofor, Justina",Execution Complete,Renewal documentation completed,0,,Commited,CTB,BC5100061,BC5100061,ATR730036,,5/5/26,8/9/26,900000223,72457656,,"$408,100",7800000223,,Alex Morgan,SBLO,5997,9409,C_Forecast,DIV_3188 - Marketing Technology Enablement,2/21/26,"zz.Luloff, Julie",AST0700222,,,,,,,,,"$20,500","$18,200","$16,600","$15,500","$14,300","$14,300","$14,300","$14,500","$14,500","$14,700","$14,400","$14,500","$14,600","$15,500","$15,900","$15,700","$15,900","$16,300","$16,000","$18,000","$18,700","$18,300","$18,600","$19,200","$19,100",-,-,-,-,-,-,-,-,-,-,-,-,-,-,-,-,-,-,-,-,-,-,-,-,-,-,-,-,-,-,-,-,-,-,-,-,-,-,-,-,-,-,-,-,-,-,-,-,-,-,-,-,-,-,-,-,-,-,-,-,-,-,-
100226,SAAS,125,CTDLR,Fixed Assets (Peoplesoft) - SAAS,Tata Consultancy Services,TCS,Application maintenance and delivery services,8/16/26,8/31/30,VRM200213,"$148,500","$330,600","$416,000","$571,700",,N,No,0,"Kollapally, Suraj",Execution Complete,Legal review pending,,,Commited,CTB,BC5100100,BC5100100,ATR730056,,3/11/26,5/12/26,900000226,17855383,,"$1,987,200",7800000226,,Cameron Smith,MOD,915132,7115,C_Forecast,DIV_3188 - Marketing Technology Enablement,3/5/26,System,AST0700225,,,,,,,,,"$35,300","$31,600","$29,000","$27,200","$25,400","$25,700","$25,900","$26,400","$26,600","$27,100","$26,800","$27,100","$27,300","$29,100","$29,700","$29,300","$29,600","$30,000","$29,300","$32,700","$33,500","$32,600","$32,800","$33,500","$33,000","$37,900","$38,900","$40,600","$41,200","$40,900","$41,800","$41,600","$41,300","$41,500","$42,600","$42,600","$43,000","$55,300","$58,100","$60,600","$62,400","$65,500","$65,300","$65,600","$65,900","$64,600","$64,000","$64,700","$64,800",-,-,-,-,-,-,-,-,-,-,-,-,-,-,-,-,-,-,-,-,-,-,-,-,-,-,-,-,-,-,-,-,-,-,-,-,-,-,-
100227,DEPR,114,CTMARTECH,Fixed Assets (Peoplesoft) - DEPR,FIS Global,FIS,Banking platform software and services renewal,8/20/26,8/31/30,VRM200200,"$134,100","$294,200","$373,400","$514,700",,N,Yes,4933,"S, Rajashekar",Management Review,Budget owner confirmed,0,-,New,RTB,BC5100045,BC5100045,ATR730029,,3/16/26,7/5/26,900000227,56815272,,"$1,777,900",7800000227,TFT,Riley Kim,DMSBA,246642,6657,C_Forecast,DIV_2637 - Consumer Payments,4/15/26,"zz.Luloff, Julie",,,,,,,,,,"$32,000","$28,600","$26,200","$24,500","$22,800","$23,100","$23,200","$23,600","$23,700","$24,200","$23,800","$24,100","$24,200","$25,800","$26,300","$26,000","$26,200","$26,600","$26,000","$29,100","$29,900","$29,200","$29,400","$30,000","$29,700","$34,200","$35,200","$36,800","$37,300","$37,100","$37,900","$37,700","$37,400","$37,500","$38,500","$38,400","$38,700","$49,700","$52,100","$54,100","$55,600","$58,300","$58,000","$58,200","$58,400","$57,200","$56,700","$57,300","$57,400",-,-,-,-,-,-,-,-,-,-,-,-,-,-,-,-,-,-,-,-,-,-,-,-,-,-,-,-,-,-,-,-,-,-,-,-,-,-,-
100228,SAAS,127,CTADMIN,A8201904 - Software as a Service,"Salesforce, Inc.",Salesforce,Customer relationship management platform renewal,8/24/26,8/31/28,VRM200235,"$71,400","$154,100","$121,300",-,,N,No,4933,"Kollapally, Suraj",Execution Complete,Invoice schedule under review,,,Commited,CTB,BC5100036,BC5100036,ATR730061,Web Server,3/9/26,3/16/26,900000228,65298643,,"$346,800",7800000228,,Cameron Smith,CFMS,804352,555,C_Forecast,DIV_1307 - Pmts Virt Sol Innov and Cons Bkg Tech Admin,8/7/26,"Abiodun, Dare",AST0700227,,,,,,,,,"$17,100","$15,200","$14,000","$13,000","$12,100","$12,200","$12,200","$12,400","$12,500","$12,700","$12,500","$12,600","$12,600","$13,400","$13,700","$13,600","$13,700","$13,900","$13,600","$15,300","$15,800","$15,400","$15,600","$15,900","$15,800",-,-,-,-,-,-,-,-,-,-,-,-,-,-,-,-,-,-,-,-,-,-,-,-,-,-,-,-,-,-,-,-,-,-,-,-,-,-,-,-,-,-,-,-,-,-,-,-,-,-,-,-,-,-,-,-,-,-,-,-,-,-,-
100230,OEM,121,CTTOCIO,Fixed Assets (Peoplesoft) - OEM,"Salesforce, Inc.",Salesforce,Customer relationship management platform renewal,8/13/26,8/31/28,VRM200231,"$119,500","$250,900","$202,100",-,,N,Yes,,"K, Srikantesh",Analyst Review,Renewal documentation completed,,,Commited,CTB,BC5100007,BC5100007,ATR730011,,6/17/26,7/26/26,900000230,17098283,,"$572,500",7800000230,,Riley Kim,1CR5,8809,7685,C_Forecast,"DIV_1211 - Deposits, Operations and Debit Card Tech",3/18/26,"Abiodun, Dare",AST0700229,,,,,,,,,"$28,800","$25,600","$23,300","$21,700","$20,100","$20,100","$20,100","$20,300","$20,300","$20,600","$20,200","$20,400","$20,500","$21,800","$22,300","$22,000","$22,300","$22,800","$22,400","$25,300","$26,200","$25,700","$26,100","$26,900","$26,700",-,-,-,-,-,-,-,-,-,-,-,-,-,-,-,-,-,-,-,-,-,-,-,-,-,-,-,-,-,-,-,-,-,-,-,-,-,-,-,-,-,-,-,-,-,-,-,-,-,-,-,-,-,-,-,-,-,-,-,-,-,-,-
100231,DATA,134,CTCCPTPYMTS,A8590820 - Other Outside Data Processing,"ServiceNow, Inc.",ServiceNow,IT service management subscription renewal,8/16/26,8/31/32,VRM200234,"$305,200","$634,700","$854,900","$1,153,200",,N,Yes,,"zz.Brennecke, Jana",LOB Review,Invoice schedule under review,,-,Commited,CTB,BC5100117,BC5100117,ATR730073,,3/22/26,4/11/26,900000231,37217282,,"$11,567,100",7800000231,,Dana Williams,SFCOE,347781,4906,C_Forecast,DIV_1548 - Pmts Virt Sol Innov Platform Management,4/10/26,"Ashwathappa, Rakesh",AST0700230,,,,,,,,,"$73,800","$65,500","$59,600","$55,300","$51,000","$51,000","$50,900","$51,400","$51,300","$52,000","$51,000","$51,400","$51,700","$55,000","$56,400","$55,900","$56,700","$58,100","$57,300","$64,800","$67,200","$66,100","$67,300","$69,300","$69,100","$79,700","$82,400","$86,200","$87,400","$86,600","$88,100","$87,300","$86,000","$85,600","$87,100","$86,100","$86,000","$109,400","$113,700","$117,400","$119,900","$125,100","$123,900","$124,200","$124,700","$122,300","$121,700","$123,900","$124,900","$179,800","$190,100","$214,700","$219,400","$235,900","$231,600","$234,500","$234,400","$236,100","$236,700","$238,500","$235,200","$355,900","$368,600","$392,300","$407,900","$432,300","$437,700","$431,400","$427,900","$428,000","$416,300","$423,000","$420,200",-,-,-,-,-,-,-,-,-,-,-,-,-,-,-
100232,SAAS,129,CTADMIN,Fixed Assets (Peoplesoft) - SAAS,IBM Corporation,IBM,Mainframe software and technical support enterprise agreement,8/24/26,8/31/29,VRM200193,"$247,200","$559,100","$700,000","$558,300",type/start,Y,Yes,,"zz.Luloff, Julie",Finance Review,Pricing validation in progress,,-,Renewal,RTB,BC5100075,BC5100076,ATR730069,Web Server,6/24/26,7/18/26,900000232,99580243,,"$2,064,600",7800000232,,Avery Johnson,Goldmine (WFF) GLDMN,569888,MarTech,C_Forecast,DIV_3188 - Marketing Technology Enablement,1/9/26,"Matera, Jill",AST0700231,,,,,,,,,"$58,700","$52,500","$48,300","$45,300","$42,400","$42,900","$43,400","$44,400","$44,800","$45,800","$45,300","$45,900","$46,400","$49,400","$50,600","$49,900","$50,300","$51,000","$49,800","$55,600","$56,800","$55,100","$55,400","$56,300","$55,400","$63,400","$65,000","$67,700","$68,500","$68,000","$69,400","$69,200","$68,700","$69,000","$71,000","$71,100","$71,900",-,-,-,-,-,-,-,-,-,-,-,-,-,-,-,-,-,-,-,-,-,-,-,-,-,-,-,-,-,-,-,-,-,-,-,-,-,-,-,-,-,-,-,-,-,-,-,-,-,-,-
100233,SAAS,136,CTHLT,Fixed Assets (Peoplesoft) - SAAS,Snowflake Inc.,Snowflake,Cloud data platform subscription renewal,8/13/26,8/31/28,VRM200241,"$230,800","$513,700","$400,200",-,,N,Yes,0,"zz.Luloff, Julie",LOB Review,Pending final statement of work,,-,Commited,CTB,BC5100075,BC5100075,ATR730007,,7/9/26,7/17/26,900000233,72931216,,"$1,144,700",7800000233,,Taylor Brooks,CCS,6189,3682,C_Forecast,DIV_2842 - Digital Channel Technology,3/2/26,"Abiodun, Dare",AST0700232,,,,,,,,,"$54,900","$49,100","$45,100","$42,300","$39,400","$39,900","$40,200","$41,000","$41,300","$42,100","$41,700","$42,100","$42,500","$45,200","$46,200","$45,600","$45,900","$46,600","$45,500","$50,900","$52,100","$50,700","$51,000","$52,000","$51,400",-,-,-,-,-,-,-,-,-,-,-,-,-,-,-,-,-,-,-,-,-,-,-,-,-,-,-,-,-,-,-,-,-,-,-,-,-,-,-,-,-,-,-,-,-,-,-,-,-,-,-,-,-,-,-,-,-,-,-,-,-,-,-
100235,SW,128,CTDLR,Fixed Assets (Peoplesoft) - SWL,Adobe Inc.,Adobe,Digital experience platform subscription enterprise agreement,8/9/26,2/29/28,VRM200147,"$1,022,300","$2,206,400","$394,800",-,,N,Yes,,"zz.Ejiofor, Justina",LOB Execution,Budget owner confirmed,,,New,RTB,BC5100088,BC5100073,ATR730040,,5/2/26,5/20/26,900000235,92039990,,"$3,623,500",7800000235,,Reese Martin,SAMP,713378,9246,C_Forecast,DIV_2714 - Enterprise Data Platforms,4/4/26,"Kollapally, Suraj",AST0700234,,,,,,,,,"$244,400","$218,100","$199,900","$186,600","$173,300","$174,500","$175,100","$178,000","$178,400","$181,300","$178,600","$180,100","$181,100","$192,500","$196,700","$194,100","$196,000","$199,400","$195,400",-,-,-,-,-,-,-,-,-,-,-,-,-,-,-,-,-,-,-,-,-,-,-,-,-,-,-,-,-,-,-,-,-,-,-,-,-,-,-,-,-,-,-,-,-,-,-,-,-,-,-,-,-,-,-,-,-,-,-,-,-,-,-,-,-,-,-,-,-
100234,TEL,111,CTSB,A8292080 - Telecommunication,"Cisco Systems, Inc.",Cisco,Network hardware maintenance and support,8/11/26,8/31/31,VRM200170,"$214,800","$470,600","$597,600","$823,600",,N,Yes,,"Kollapally, Suraj",LOB Execution,Pricing validation in progress,0,,Renewal,RTB,BC5100068,BC5100068,ATR730049,,3/18/26,4/28/26,900000234,69260419,,"$4,719,600",7800000234,TFT,Avery Johnson,SBLO,6746,MarTech,C_Forecast,DIV_2842 - Digital Channel Technology,1/28/26,"zz.Luloff, Julie",AST0700233,,,,,,,,,"$51,200","$45,700","$42,000","$39,300","$36,600","$36,900","$37,100","$37,800","$38,000","$38,700","$38,100","$38,500","$38,800","$41,200","$42,100","$41,500","$41,900","$42,600","$41,600","$46,600","$47,800","$46,700","$47,100","$48,100","$47,600","$54,700","$56,300","$58,800","$59,700","$59,300","$60,600","$60,400","$59,900","$60,000","$61,600","$61,500","$61,900","$79,500","$83,300","$86,600","$89,000","$93,300","$92,800","$93,100","$93,500","$91,500","$90,700","$91,800","$91,800","$131,100","$137,400","$153,600","$155,400","$165,600","$161,200","$162,100","$161,000","$161,600","$161,700","$162,900","$160,900",-,-,-,-,-,-,-,-,-,-,-,-,-,-,-,-,-,-,-,-,-,-,-,-,-,-,-
100236,SW,141,CTHLT,A8200045 - Software Maintenance,Verizon Business Network Services,Verizon,Enterprise telecommunications services,8/9/26,8/31/29,VRM200214,"$101,100","$215,100","$280,100","$228,600",,N,Yes,,"K, Srikantesh",Submitted to Sponsor,Includes affiliate services,0,,Commited,CTB,BC5100075,BC5100117,ATR730005,Web Server,4/3/26,5/7/26,900000236,31834659,,"$824,900",7800000236,,Morgan Patel,RADIA,PO SR Required,7562,C_Forecast,"DIV_1211 - Deposits, Operations and Debit Card Tech",4/9/26,"Abiodun, Dare",AST0700235,,,,,,,,,"$24,200","$21,600","$19,800","$18,400","$17,100","$17,100","$17,200","$17,400","$17,400","$17,700","$17,400","$17,500","$17,600","$18,700","$19,100","$18,900","$19,100","$19,500","$19,100","$21,500","$22,200","$21,700","$22,000","$22,600","$22,500","$25,900","$26,700","$28,000","$28,400","$28,200","$28,800","$28,600","$28,300","$28,300","$28,900","$28,700","$28,800",-,-,-,-,-,-,-,-,-,-,-,-,-,-,-,-,-,-,-,-,-,-,-,-,-,-,-,-,-,-,-,-,-,-,-,-,-,-,-,-,-,-,-,-,-,-,-,-,-,-,-
100237,OEM,137,CTARCHENG,Fixed Assets (Peoplesoft) - OEM,"Oracle America, Inc.",Oracle,Database platform licensing and maintenance enterprise agreement,8/17/26,8/31/32,VRM200237,"$84,700","$178,100","$235,700","$321,200",,N,Yes,,"Eckman, Bradley T.",Analyst Review,Vendor onboarding completed,,,Renewal,RTB,BC5100005,BC5100040,ATR730008,,7/5/26,7/15/26,900000237,14762501,,"$3,215,400",7800000237,,Riley Kim,NAHAS,9679,7090,C_Forecast,"DIV_1211 - Deposits, Operations and Debit Card Tech",1/16/26,"zz.Brennecke, Jana",,,,,,,,,,"$20,400","$18,100","$16,600","$15,400","$14,200","$14,300","$14,300","$14,400","$14,400","$14,600","$14,400","$14,500","$14,500","$15,500","$15,800","$15,600","$15,800","$16,200","$15,900","$18,000","$18,600","$18,200","$18,500","$19,100","$19,000","$21,900","$22,600","$23,700","$24,000","$23,900","$24,300","$24,100","$23,800","$23,700","$24,200","$24,000","$24,000","$30,600","$31,900","$33,000","$33,700","$35,200","$34,900","$34,900","$35,000","$34,300","$34,100","$34,600","$34,800","$50,000","$52,800","$59,400","$60,600","$65,000","$63,800","$64,500","$64,400","$64,900","$65,000","$65,600","$64,700","$98,100","$101,800","$108,500","$113,100","$120,100","$121,900","$120,400","$119,700","$119,900","$116,800","$118,800","$118,100",-,-,-,-,-,-,-,-,-,-,-,-,-,-,-
100238,SW,142,CTTOCIO,A8200045 - Software Maintenance,Accenture LLP,Accenture,Application development and consulting services,8/30/26,8/31/29,VRM200129,"$634,700","$1,319,900","$1,777,400","$1,440,600",,N,No,,"S, Rajashekar",Execution Complete,Budget owner confirmed,,,Renewal,CTB,BC5100025,BC5100025,ATR730015,,4/26/26,8/14/26,900000238,69397315,,"$5,172,600",7800000238,,Riley Kim,CDP2C,462962,2088,C_Forecast,DIV_1550 - Branch Operations Enablement,2/12/26,"Matera, Jill",,,,,,,,,,"$153,500","$136,100","$124,000","$115,000","$106,100","$106,100","$105,900","$107,000","$106,700","$108,000","$106,100","$106,900","$107,500","$114,400","$117,200","$116,200","$117,900","$120,800","$119,200","$134,700","$139,600","$137,500","$140,000","$144,100","$143,600","$165,800","$171,300","$179,200","$181,600","$180,200","$183,200","$181,600","$178,900","$177,900","$181,000","$179,000","$178,800",-,-,-,-,-,-,-,-,-,-,-,-,-,-,-,-,-,-,-,-,-,-,-,-,-,-,-,-,-,-,-,-,-,-,-,-,-,-,-,-,-,-,-,-,-,-,-,-,-,-,-
100239,DEPR,119,CTPLATFORM,Fixed Assets (Peoplesoft) - DEPR,Adobe Inc.,Adobe,Digital experience platform subscription,8/26/26,8/31/29,VRM200124,"$83,900","$189,500","$237,400","$189,400",type/start,Y,Yes,,"Eckman, Bradley T.",Finance - Managing,Budget owner confirmed,,,New,RTB,BC5100087,BC5100087,ATR730000,,8/5/26,8/17/26,900000239,66407957,,"$700,200",7800000239,,Reese Martin,WFIG,727321,5459,C_Forecast,DIV_2921 - Cloud Infrastructure Engineering,7/5/26,"Matera, Jill",,,,,,,,,,"$19,900","$17,800","$16,400","$15,400","$14,400","$14,500","$14,700","$15,000","$15,200","$15,500","$15,400","$15,600","$15,700","$16,800","$17,100","$16,900","$17,100","$17,300","$16,900","$18,800","$19,300","$18,700","$18,800","$19,100","$18,800","$21,500","$22,000","$23,000","$23,200","$23,100","$23,500","$23,500","$23,300","$23,400","$24,100","$24,100","$24,400",-,-,-,-,-,-,-,-,-,-,-,-,-,-,-,-,-,-,-,-,-,-,-,-,-,-,-,-,-,-,-,-,-,-,-,-,-,-,-,-,-,-,-,-,-,-,-,-,-,-,-
100240,OEM,120,CTDLR,Fixed Assets (Peoplesoft) - OEM,Google LLC,Google Cloud,Cloud data and analytics services,8/29/26,2/29/28,VRM200162,"$52,200","$116,000","$20,900",-,,N,No,0,"zz.Luloff, Julie",Execution Complete,Consolidated under enterprise agreement,,,New,RTB,BC5100093,BC5100087,ATR730076,,2/4/26,6/29/26,900000240,64932177,,"$189,100",7800000240,,Dana Williams,RADIA,8489,4125,C_Forecast,"DIV_1211 - Deposits, Operations and Debit Card Tech",3/14/26,"Agarwal, Ushika",AST0700239,,,,,,,,,"$12,400","$11,100","$10,200","$9,600","$8,900","$9,000","$9,100","$9,300","$9,300","$9,500","$9,400","$9,500","$9,600","$10,200","$10,400","$10,300","$10,400","$10,600","$10,300",-,-,-,-,-,-,-,-,-,-,-,-,-,-,-,-,-,-,-,-,-,-,-,-,-,-,-,-,-,-,-,-,-,-,-,-,-,-,-,-,-,-,-,-,-,-,-,-,-,-,-,-,-,-,-,-,-,-,-,-,-,-,-,-,-,-,-,-,-
100241,FB,137,CTPLATFORM,A8501947 - Consulting Services - Fixed Bid,Microsoft Corporation,Microsoft,Enterprise software subscriptions and support enterprise agreement,8/17/26,8/31/27,VRM200225,"$275,700","$390,300",-,-,,N,Yes,0,"zz.Brennecke, Jana",Finance Review,Migration dependency tracked,,,Renewal,CTB,BC5100081,BC5100081,ATR730043,,3/18/26,4/15/26,900000241,69210561,,"$666,000",7800000241,,Alex Morgan,CFSBI,PO SR Required,MarTech,C_Forecast,"DIV_1211 - Deposits, Operations and Debit Card Tech",7/14/26,"zz.Brennecke, Jana",AST0700240,,,,,,,,,"$65,700","$58,700","$53,900","$50,400","$47,000","$47,400","$47,700","$48,500","$48,800","$49,600","$49,000","$49,500","$49,800",-,-,-,-,-,-,-,-,-,-,-,-,-,-,-,-,-,-,-,-,-,-,-,-,-,-,-,-,-,-,-,-,-,-,-,-,-,-,-,-,-,-,-,-,-,-,-,-,-,-,-,-,-,-,-,-,-,-,-,-,-,-,-,-,-,-,-,-,-,-,-,-,-,-,-
100242,T&M,125,CTCCPTPYMTS,A8501946 - Outsourcing Contract - Time & Materials,Google LLC,Google Cloud,Cloud data and analytics services renewal,8/8/26,8/31/29,VRM200229,"$135,600","$292,900","$376,200","$306,900",,N,Yes,0,"zz.Ejiofor, Justina",New,Pricing validation in progress,0,,New,CTB,BC5100068,BC5100068,ATR730027,,3/27/26,6/14/26,900000242,91718098,,"$1,111,600",7800000242,TFT,Dana Williams,DCSN,742353,3881,C_Forecast,DIV_2383 - Consumer Lending Technology Architecture,3/18/26,"zz.Brennecke, Jana",,,,,,,,,,"$32,400","$28,900","$26,500","$24,800","$23,000","$23,200","$23,200","$23,600","$23,700","$24,100","$23,700","$23,900","$24,000","$25,600","$26,100","$25,800","$26,000","$26,500","$25,900","$29,100","$29,900","$29,300","$29,600","$30,300","$30,100","$34,600","$35,700","$37,300","$37,900","$37,700","$38,500","$38,300","$37,900","$38,000","$38,900","$38,700","$38,900",-,-,-,-,-,-,-,-,-,-,-,-,-,-,-,-,-,-,-,-,-,-,-,-,-,-,-,-,-,-,-,-,-,-,-,-,-,-,-,-,-,-,-,-,-,-,-,-,-,-,-
100243,SW,144,CTSB,A8200045 - Software Maintenance,"ServiceNow, Inc.",ServiceNow,IT service management subscription,8/28/26,8/31/33,VRM200203,"$196,300","$417,600","$544,200","$746,900",,N,Yes,0,"zz.Ejiofor, Justina",Finance - Managing,Renewal documentation completed,,-,New,RTB,BC5100042,BC5100042,ATR730012,,2/10/26,4/7/26,900000243,25246458,,"$15,437,700",7800000243,,Morgan Patel,LVRMP,480243,6041,C_Forecast,DIV_1548 - Pmts Virt Sol Innov Platform Management,7/27/26,"Abiodun, Dare",AST0700242,,,,,,,,,"$47,100","$41,900","$38,400","$35,800","$33,100","$33,300","$33,300","$33,800","$33,800","$34,300","$33,700","$34,000","$34,200","$36,300","$37,100","$36,700","$37,100","$37,800","$37,100","$41,700","$43,100","$42,200","$42,800","$43,900","$43,700","$50,300","$52,000","$54,400","$55,200","$54,900","$55,900","$55,600","$55,000","$55,000","$56,200","$55,800","$56,000","$71,500","$74,600","$77,300","$79,100","$82,700","$82,000","$82,200","$82,400","$80,600","$80,100","$81,100","$81,400","$116,700","$122,800","$138,000","$140,300","$150,300","$147,000","$148,400","$148,000","$149,000","$149,300","$150,600","$148,800","$225,700","$234,500","$250,500","$261,500","$278,400","$283,100","$280,300","$279,300","$280,400","$273,700","$278,900","$277,500","$474,300","$498,200","$514,300","$557,700","$750,100","$742,500","$743,000","$739,200","$732,600","$736,900","$737,700","$740,700",-,-,-
100244,DATA,111,CTADMIN,A8590820 - Other Outside Data Processing,Snowflake Inc.,Snowflake,Cloud data platform subscription renewal,8/24/26,2/28/27,VRM200141,"$129,500","$43,600",-,-,,N,Yes,0,"zz.Ejiofor, Justina",Finance - Managing,Includes affiliate services,,,Renewal,CTB,BC5100108,BC5100108,ATR730077,,5/5/26,5/29/26,900000244,21170057,,"$173,100",7800000244,,Priya Shah,ACCLQ,1982,MarTech,C_Forecast,DIV_2921 - Cloud Infrastructure Engineering,2/1/26,"Agarwal, Ushika",AST0700243,,,,,,,,,"$31,200","$27,700","$25,300","$23,500","$21,800","$21,800","$21,800",-,-,-,-,-,-,-,-,-,-,-,-,-,-,-,-,-,-,-,-,-,-,-,-,-,-,-,-,-,-,-,-,-,-,-,-,-,-,-,-,-,-,-,-,-,-,-,-,-,-,-,-,-,-,-,-,-,-,-,-,-,-,-,-,-,-,-,-,-,-,-,-,-,-,-,-,-,-,-,-,-
100248,SAAS,137,CTDLR,Fixed Assets (Peoplesoft) - SAAS,AT&T Corp.,AT&T,Network and telecommunications services renewal,8/15/26,8/31/27,VRM200104,"$104,200","$147,400",-,-,,N,Yes,,"zz.Brennecke, Jana",LOB Execution,Pending final statement of work,,,New,RTB,BC5100021,BC5100042,ATR730012,,2/24/26,8/3/26,900000248,20721778,,"$251,600",7800000248,,Alex Morgan,HK,344385,MarTech,C_Forecast,DIV_2714 - Enterprise Data Platforms,5/12/26,"Agarwal, Ushika",,,,,,,,,,"$24,800","$22,200","$20,400","$19,100","$17,700","$17,900","$18,000","$18,300","$18,400","$18,800","$18,500","$18,700","$18,800",-,-,-,-,-,-,-,-,-,-,-,-,-,-,-,-,-,-,-,-,-,-,-,-,-,-,-,-,-,-,-,-,-,-,-,-,-,-,-,-,-,-,-,-,-,-,-,-,-,-,-,-,-,-,-,-,-,-,-,-,-,-,-,-,-,-,-,-,-,-,-,-,-,-,-
100245,SW,138,CTHLT,A8200050 - Software License,"Datadog, Inc.",Datadog,Cloud monitoring and observability subscription renewal,8/20/26,8/31/30,VRM200109,"$150,100","$312,000","$420,200","$566,900",,N,Yes,4933,"zz.Brennecke, Jana",Submitted to Sponsor,Renewal documentation completed,,-,New,RTB,BC5100066,BC5100066,ATR730026,,3/6/26,5/14/26,900000245,12345780,,"$1,936,300",7800000245,,Jamie Chen,SMT#2144,4319,4581,C_Forecast,DIV_2383 - Consumer Lending Technology Architecture,5/5/26,"Abiodun, Dare",AST0700244,,,,,,,,,"$36,300","$32,200","$29,300","$27,200","$25,100","$25,100","$25,000","$25,300","$25,200","$25,500","$25,100","$25,300","$25,400","$27,000","$27,700","$27,500","$27,900","$28,600","$28,200","$31,800","$33,000","$32,500","$33,100","$34,100","$33,900","$39,200","$40,500","$42,400","$42,900","$42,600","$43,300","$42,900","$42,300","$42,100","$42,800","$42,300","$42,300","$53,800","$55,900","$57,700","$58,900","$61,500","$60,900","$61,100","$61,300","$60,100","$59,900","$60,900","$61,400",-,-,-,-,-,-,-,-,-,-,-,-,-,-,-,-,-,-,-,-,-,-,-,-,-,-,-,-,-,-,-,-,-,-,-,-,-,-,-
100246,SAAS,143,CTEDP,A8201904 - Software as a Service,Broadcom Inc.,Broadcom,Infrastructure software maintenance enterprise agreement,8/18/26,8/31/31,VRM200149,"$52,400","$118,500","$148,500","$202,800",,N,Yes,0,"zz.Ejiofor, Justina",Finance - Confirming,Vendor onboarding completed,,,Renewal,RTB,BC5100079,BC5100076,ATR730041,Web Server,12/26/25,2/26/26,900000246,72173433,,"$1,174,900",7800000246,,Jamie Chen,GLDMN,605779,MarTech,C_Forecast,"DIV_1211 - Deposits, Operations and Debit Card Tech",8/7/26,System,AST0700245,,,,,,,,,"$12,400","$11,100","$10,300","$9,600","$9,000","$9,100","$9,200","$9,400","$9,500","$9,700","$9,600","$9,700","$9,800","$10,500","$10,700","$10,600","$10,700","$10,800","$10,600","$11,800","$12,100","$11,700","$11,700","$11,900","$11,800","$13,400","$13,800","$14,400","$14,500","$14,400","$14,700","$14,700","$14,600","$14,600","$15,100","$15,100","$15,300","$19,700","$20,700","$21,600","$22,300","$23,500","$23,400","$23,600","$23,800","$23,300","$23,100","$23,400","$23,400","$33,300","$34,800","$38,800","$39,100","$41,400","$40,100","$40,100","$39,700","$39,600","$39,500","$39,700","$39,100",-,-,-,-,-,-,-,-,-,-,-,-,-,-,-,-,-,-,-,-,-,-,-,-,-,-,-
100247,SW,134,CTCCPTPYMTS,Fixed Assets (Peoplesoft) - SWM,Accenture LLP,Accenture,Application development and consulting services,8/31/26,8/31/30,VRM200176,"$322,600","$718,300","$904,500","$1,242,800",,N,Yes,,"S, Rajashekar",Finance - Managing,Renewal documentation completed,,,New,CTB,BC5100114,BC5100114,ATR730020,,5/14/26,6/15/26,900000247,91555086,,"$4,319,300",7800000247,TFT,Jordan Lee,CDP2C,766906,8967,C_Forecast,DIV_3055 - Cybersecurity Platform Services,4/6/26,"zz.Luloff, Julie",,,,,,,,,,"$76,700","$68,600","$63,100","$59,100","$55,100","$55,800","$56,200","$57,400","$57,800","$58,900","$58,200","$58,900","$59,400","$63,200","$64,600","$63,700","$64,200","$65,200","$63,700","$71,200","$72,900","$70,900","$71,400","$72,700","$71,800","$82,300","$84,600","$88,300","$89,500","$88,900","$90,800","$90,500","$89,800","$90,200","$92,700","$92,600","$93,500","$120,300","$126,300","$131,700","$135,500","$142,500","$141,800","$142,600","$143,300","$140,300","$139,200","$140,700","$140,700",-,-,-,-,-,-,-,-,-,-,-,-,-,-,-,-,-,-,-,-,-,-,-,-,-,-,-,-,-,-,-,-,-,-,-,-,-,-,-
100249,DATA,136,CTBSTT,A8590820 - Other Outside Data Processing,Infosys Limited,Infosys,Managed application support services,8/31/26,8/31/29,VRM200131,"$145,700","$314,500","$403,900","$329,600",,N,No,0,"zz.Luloff, Julie",Execution Complete,Budget owner confirmed,,-,New,CTB,BC5100069,BC5100069,ATR730062,,4/26/26,7/18/26,900000249,54546544,,"$1,193,700",7800000249,,Cameron Smith,WFIG,107543,4441,C_Forecast,DIV_2714 - Enterprise Data Platforms,8/1/26,"Abiodun, Dare",AST0700248,,,,,,,,,"$34,800","$31,100","$28,500","$26,600","$24,700","$24,900","$25,000","$25,400","$25,400","$25,800","$25,500","$25,700","$25,800","$27,400","$28,000","$27,700","$27,900","$28,400","$27,800","$31,200","$32,200","$31,400","$31,800","$32,500","$32,300","$37,200","$38,300","$40,100","$40,700","$40,500","$41,300","$41,100","$40,700","$40,800","$41,800","$41,600","$41,800",-,-,-,-,-,-,-,-,-,-,-,-,-,-,-,-,-,-,-,-,-,-,-,-,-,-,-,-,-,-,-,-,-,-,-,-,-,-,-,-,-,-,-,-,-,-,-,-,-,-,-
100250,SAAS,120,CTDLR,A8201904 - Software as a Service,Tata Consultancy Services,TCS,Application maintenance and delivery services,8/12/26,8/31/28,VRM200235,"$116,200","$247,200","$196,700",-,end date with fcst,Y,Yes,,"Tadas, Deepa P.",Finance - Confirming,Budget owner confirmed,,-,Commited,RTB,BC5100040,BC5100040,ATR730051,,3/17/26,7/18/26,900000250,39539231,,"$560,100",7800000250,,Cameron Smith,DMSBA,1803,3633,C_Forecast,DIV_2637 - Consumer Payments,3/5/26,"Ashwathappa, Rakesh",AST0700249,,,,,,,,,"$27,900","$24,800","$22,700","$21,200","$19,600","$19,700","$19,700","$20,000","$20,000","$20,300","$20,000","$20,100","$20,200","$21,500","$22,000","$21,700","$22,000","$22,400","$22,000","$24,700","$25,500","$25,000","$25,300","$26,000","$25,800",-,-,-,-,-,-,-,-,-,-,-,-,-,-,-,-,-,-,-,-,-,-,-,-,-,-,-,-,-,-,-,-,-,-,-,-,-,-,-,-,-,-,-,-,-,-,-,-,-,-,-,-,-,-,-,-,-,-,-,-,-,-,-
100252,T&M,124,CTEDP,A8501946 - Outsourcing Contract - Time & Materials,"Datadog, Inc.",Datadog,Cloud monitoring and observability subscription renewal,8/10/26,8/31/29,VRM200217,"$213,600","$444,300","$598,200","$484,900",,N,Yes,,"zz.Brennecke, Jana",Finance - Managing,Invoice schedule under review,,,New,CTB,BC5100012,BC5100057,ATR730017,,12/14/25,6/19/26,900000252,99975075,,"$1,741,000",7800000252,,Alex Morgan,CFSBI,9983,MarTech,C_Forecast,DIV_1550 - Branch Operations Enablement,3/28/26,"Abiodun, Dare",AST0700251,,,,,,,,,"$51,700","$45,800","$41,700","$38,700","$35,700","$35,700","$35,600","$36,000","$35,900","$36,400","$35,700","$36,000","$36,200","$38,500","$39,500","$39,100","$39,700","$40,700","$40,100","$45,300","$47,000","$46,300","$47,100","$48,500","$48,300","$55,800","$57,700","$60,300","$61,100","$60,600","$61,700","$61,100","$60,200","$59,900","$60,900","$60,300","$60,200",-,-,-,-,-,-,-,-,-,-,-,-,-,-,-,-,-,-,-,-,-,-,-,-,-,-,-,-,-,-,-,-,-,-,-,-,-,-,-,-,-,-,-,-,-,-,-,-,-,-,-
100253,SAAS,133,CTDLR,A8201904 - Software as a Service,IBM Corporation,IBM,Mainframe software and technical support renewal,8/28/26,8/31/29,VRM200130,"$587,600","$1,328,300","$1,663,600","$1,327,100",,N,Yes,0,"zz.Brennecke, Jana",Analyst Review,Invoice schedule under review,0,,New,RTB,BC5100069,BC5100069,ATR730042,Web Server,3/25/26,7/26/26,900000253,91718098,,"$4,906,600",7800000253,,Alex Morgan,SAMP,PO SR Required,MarTech,C_Forecast,DIV_2637 - Consumer Payments,2/6/26,"Abiodun, Dare",AST0700252,,,,,,,,,"$139,400","$124,800","$114,900","$107,800","$100,700","$102,000","$103,000","$105,400","$106,400","$108,800","$107,700","$109,200","$110,200","$117,400","$120,100","$118,600","$119,500","$121,300","$118,300","$132,000","$135,000","$131,100","$131,600","$133,700","$131,700","$150,600","$154,600","$160,900","$162,800","$161,600","$164,900","$164,500","$163,300","$164,100","$168,800","$169,000","$170,900",-,-,-,-,-,-,-,-,-,-,-,-,-,-,-,-,-,-,-,-,-,-,-,-,-,-,-,-,-,-,-,-,-,-,-,-,-,-,-,-,-,-,-,-,-,-,-,-,-,-,-
100255,T&M,113,CTARCHENG,A8501906 - Outsourcing/Technical Contract,Verizon Business Network Services,Verizon,Enterprise telecommunications services,8/20/26,8/31/32,VRM200146,"$492,400","$1,078,900","$1,370,200","$1,888,700",,N,No,0,"zz.Luloff, Julie",Execution Complete,Consolidated under enterprise agreement,,,Commited,RTB,BC5100010,BC5100102,ATR730074,,4/17/26,6/20/26,900000255,27672672,,"$18,930,300",7800000255,,Riley Kim,AMT/ePIC,4398,8026,C_Forecast,DIV_2714 - Enterprise Data Platforms,6/3/26,"Abiodun, Dare",AST0700254,,,,,,,,,"$117,400","$104,800","$96,300","$90,100","$83,800","$84,600","$85,100","$86,700","$87,000","$88,600","$87,400","$88,300","$88,900","$94,500","$96,500","$95,200","$96,100","$97,600","$95,500","$106,900","$109,700","$107,000","$107,900","$110,200","$109,100","$125,300","$129,200","$134,900","$136,900","$136,100","$138,900","$138,500","$137,400","$137,700","$141,300","$140,900","$142,000","$182,200","$191,000","$198,700","$204,000","$214,000","$212,700","$213,500","$214,400","$209,700","$208,000","$210,400","$210,600","$300,600","$314,900","$352,200","$356,400","$379,700","$369,600","$371,600","$369,200","$370,600","$370,700","$373,500","$369,000","$560,200","$583,200","$624,500","$654,100","$698,900","$713,800","$709,800","$710,300","$716,400","$702,100","$718,200","$717,300",-,-,-,-,-,-,-,-,-,-,-,-,-,-,-
100256,SW,124,CTTOCIO,Fixed Assets (Peoplesoft) - SWL,Google LLC,Google Cloud,Cloud data and analytics services enterprise agreement,8/26/26,8/31/30,VRM200109,"$870,600","$1,878,900","$2,413,800","$3,325,600",,N,No,,"Eckman, Bradley T.",Execution Complete,Budget owner confirmed,,,Renewal,CTB,BC5100072,BC5100008,ATR730053,,5/11/26,5/19/26,900000256,47369245,,"$11,429,800",7800000256,,Jamie Chen,SMT#2144,836374,5464,C_Forecast,DIV_2636 - Teller,3/26/26,"K, Srikantesh",AST0700255,,,,,,,,,"$208,100","$185,700","$170,300","$158,900","$147,600","$148,600","$149,100","$151,600","$151,900","$154,400","$152,100","$153,400","$154,200","$163,900","$167,500","$165,300","$166,900","$169,800","$166,400","$186,600","$192,100","$187,800","$189,900","$194,500","$192,900","$222,000","$229,100","$239,600","$243,100","$241,800","$246,700","$245,700","$243,400","$243,600","$249,500","$248,400","$249,700","$319,800","$334,300","$347,000","$355,700","$372,500","$369,700","$370,700","$371,900","$363,800","$360,900","$365,300","$366,100",-,-,-,-,-,-,-,-,-,-,-,-,-,-,-,-,-,-,-,-,-,-,-,-,-,-,-,-,-,-,-,-,-,-,-,-,-,-,-
100257,FB,112,CTHLT,A8501945 - Outsourcing Contract - Fixed Bid,Broadcom Inc.,Broadcom,Infrastructure software maintenance renewal,8/22/26,2/29/28,VRM200174,"$520,300","$1,106,900","$198,600",-,,N,Yes,,"zz.Brennecke, Jana",Finance - Managing,Migration dependency tracked,,,New,RTB,BC5100033,BC5100033,ATR730016,,7/13/26,8/10/26,900000257,66745892,,"$1,825,800",7800000257,,Jamie Chen,AMT/ePIC,8354,MarTech,C_Forecast,DIV_1550 - Branch Operations Enablement,8/2/26,"Ashwathappa, Rakesh",,,,,,,,,,"$124,800","$111,200","$101,700","$94,800","$87,800","$88,200","$88,300","$89,600","$89,600","$90,900","$89,400","$90,100","$90,600","$96,300","$98,400","$97,200","$98,300","$100,200","$98,400",-,-,-,-,-,-,-,-,-,-,-,-,-,-,-,-,-,-,-,-,-,-,-,-,-,-,-,-,-,-,-,-,-,-,-,-,-,-,-,-,-,-,-,-,-,-,-,-,-,-,-,-,-,-,-,-,-,-,-,-,-,-,-,-,-,-,-,-,-
100258,SAAS,121,CTEDP,A8201904 - Software as a Service,FIS Global,FIS,Banking platform software and services,8/29/26,2/29/28,VRM200223,"$355,500","$747,200","$134,800",-,,N,Yes,,"zz.Luloff, Julie",Finance - Managing,Vendor onboarding completed,0,-,Commited,RTB,BC5100116,BC5100058,ATR730066,,4/25/26,5/6/26,900000258,75978964,,"$1,237,500",7800000258,TFT,Jordan Lee,Goldmine (WFF) GLDMN,856443,8926,C_Forecast,DIV_1307 - Pmts Virt Sol Innov and Cons Bkg Tech Admin,6/28/26,"zz.Luloff, Julie",,,,,,,,,,"$85,600","$76,100","$69,500","$64,600","$59,700","$59,900","$59,800","$60,600","$60,500","$61,300","$60,200","$60,700","$61,000","$64,800","$66,300","$65,600","$66,500","$67,900","$66,900",-,-,-,-,-,-,-,-,-,-,-,-,-,-,-,-,-,-,-,-,-,-,-,-,-,-,-,-,-,-,-,-,-,-,-,-,-,-,-,-,-,-,-,-,-,-,-,-,-,-,-,-,-,-,-,-,-,-,-,-,-,-,-,-,-,-,-,-,-
100260,SAAS,113,CTEDP,Fixed Assets (Peoplesoft) - SAAS,FIS Global,FIS,Banking platform software and services enterprise agreement,8/28/26,8/31/27,VRM200160,"$187,800","$272,500",-,-,,N,No,0,"K, Srikantesh",Cancelled,Pending final statement of work,,,Renewal,CTB,BC5100086,BC5100086,ATR730004,,7/17/26,8/16/26,900000260,29755521,,"$460,300",7800000260,,Priya Shah,NAHAS,7710,978,C_Forecast,DIV_2383 - Consumer Lending Technology Architecture,5/22/26,"Abiodun, Dare",AST0700259,,,,,,,,,"$44,600","$39,900","$36,700","$34,400","$32,200","$32,600","$32,900","$33,700","$34,000","$34,800","$34,400","$34,900","$35,200",-,-,-,-,-,-,-,-,-,-,-,-,-,-,-,-,-,-,-,-,-,-,-,-,-,-,-,-,-,-,-,-,-,-,-,-,-,-,-,-,-,-,-,-,-,-,-,-,-,-,-,-,-,-,-,-,-,-,-,-,-,-,-,-,-,-,-,-,-,-,-,-,-,-,-
100259,SAAS,136,CTSB,A8201904 - Software as a Service,Broadcom Inc.,Broadcom,Infrastructure software maintenance enterprise agreement,8/13/26,8/31/33,VRM200125,"$308,500","$641,200","$863,600","$1,165,200",,N,No,0,"K, Srikantesh",Execution Complete,Migration dependency tracked,,-,Renewal,RTB,BC5100112,BC5100112,ATR730002,,7/14/26,8/10/26,900000259,77613326,,"$24,038,000",7800000259,,Reese Martin,DMSBA,3710,6045,C_Forecast,"DIV_1211 - Deposits, Operations and Debit Card Tech",2/28/26,"Eckman, Bradly T.",AST0700258,,,,,,,,,"$74,600","$66,100","$60,300","$55,900","$51,600","$51,600","$51,400","$52,000","$51,800","$52,500","$51,600","$51,900","$52,200","$55,600","$56,900","$56,400","$57,300","$58,700","$57,900","$65,400","$67,900","$66,800","$68,000","$70,000","$69,800","$80,500","$83,200","$87,100","$88,300","$87,500","$89,000","$88,200","$86,900","$86,500","$88,000","$87,000","$86,900","$110,500","$114,900","$118,700","$121,100","$126,400","$125,200","$125,500","$126,000","$123,500","$123,000","$125,100","$126,100","$181,600","$192,100","$216,900","$221,700","$238,400","$234,000","$237,000","$236,800","$238,600","$239,100","$241,000","$237,700","$359,600","$372,400","$396,400","$412,100","$436,800","$442,200","$435,800","$432,400","$432,500","$420,600","$427,400","$424,500","$724,500","$760,800","$785,900","$853,600","$1,151,000","$1,143,100","$1,148,700","$1,148,100","$1,143,400","$1,156,000","$1,163,000","$1,173,000",-,-,-
100261,SW,117,CTMARTECH,Fixed Assets (Peoplesoft) - SWM,Infosys Limited,Infosys,Managed application support services enterprise agreement,8/21/26,8/31/33,VRM200223,"$262,400","$584,100","$735,400","$1,010,400",,N,Yes,,"S, Rajashekar",Finance - Managing,Renewal documentation completed,,,Renewal,CTB,BC5100018,BC5100099,ATR730014,,3/20/26,5/25/26,900000261,91298556,,"$21,296,600",7800000261,TFT,Reese Martin,CORE,4074,7468,C_Forecast,DIV_2714 - Enterprise Data Platforms,2/9/26,"zz.Luloff, Julie",,,,,,,,,,"$62,400","$55,800","$51,300","$48,100","$44,800","$45,300","$45,700","$46,700","$47,000","$47,900","$47,400","$47,900","$48,300","$51,400","$52,500","$51,800","$52,200","$53,000","$51,800","$57,900","$59,300","$57,700","$58,000","$59,100","$58,400","$66,900","$68,800","$71,800","$72,700","$72,300","$73,800","$73,600","$73,000","$73,300","$75,300","$75,300","$76,000","$97,800","$102,700","$107,100","$110,200","$115,800","$115,300","$115,900","$116,500","$114,100","$113,200","$114,400","$114,400","$163,200","$170,700","$190,500","$192,300","$204,300","$198,400","$199,000","$197,300","$197,600","$197,300","$198,600","$196,000","$297,600","$309,800","$332,000","$348,100","$372,500","$381,100","$379,700","$380,800","$384,900","$378,100","$387,600","$387,900","$666,100","$702,200","$726,600","$788,900","$1,060,800","$1,048,200","$1,045,700","$1,035,800","$1,020,700","$1,020,100","$1,013,900","$1,010,400",-,-,-
100262,DATA,119,CTPLATFORM,A8590820 - Other Outside Data Processing,"Fiserv, Inc.",Fiserv,Payments processing software and support enterprise agreement,8/14/26,8/31/30,VRM200226,"$16,900","$36,900","$47,000","$64,600",,N,Yes,,"zz.Ejiofor, Justina",Finance Review,Pricing validation in progress,,,Commited,CTB,BC5100103,BC5100103,ATR730033,,3/7/26,6/27/26,900000262,93476311,,"$223,300",7800000262,,Casey Rivera,BDCMS,7426,MarTech,C_Forecast,DIV_2842 - Digital Channel Technology,1/24/26,"Matera, Jill",AST0700261,,,,,,,,,"$4,000","$3,600","$3,300","$3,100","$2,900","$2,900","$2,900","$3,000","$3,000","$3,000","$3,000","$3,000","$3,000","$3,200","$3,300","$3,300","$3,300","$3,300","$3,300","$3,700","$3,800","$3,700","$3,700","$3,800","$3,700","$4,300","$4,400","$4,600","$4,700","$4,700","$4,800","$4,700","$4,700","$4,700","$4,800","$4,800","$4,900","$6,200","$6,500","$6,800","$7,000","$7,300","$7,300","$7,300","$7,300","$7,200","$7,100","$7,200","$7,200",-,-,-,-,-,-,-,-,-,-,-,-,-,-,-,-,-,-,-,-,-,-,-,-,-,-,-,-,-,-,-,-,-,-,-,-,-,-,-
100263,SW,128,CTEDP,A8200050 - Software License,Snowflake Inc.,Snowflake,Cloud data platform subscription renewal,8/25/26,8/31/30,VRM200182,"$161,700","$349,200","$448,500","$617,800",,N,No,,"Tadas, Deepa P.",Execution Complete,Includes affiliate services,0,,Renewal,RTB,BC5100053,BC5100053,ATR730006,Web Server,4/24/26,5/15/26,900000263,31369608,,"$2,123,600",7800000263,,Jordan Lee,NAHAS,7261,MarTech,C_Forecast,DIV_2636 - Teller,7/1/26,"Tadas, Deepa P.",AST0700262,,,,,,,,,"$38,700","$34,500","$31,600","$29,500","$27,400","$27,600","$27,700","$28,200","$28,200","$28,700","$28,300","$28,500","$28,700","$30,500","$31,100","$30,700","$31,000","$31,600","$30,900","$34,700","$35,700","$34,900","$35,300","$36,100","$35,800","$41,200","$42,600","$44,500","$45,200","$44,900","$45,800","$45,700","$45,200","$45,300","$46,300","$46,100","$46,400","$59,400","$62,100","$64,500","$66,100","$69,200","$68,700","$68,900","$69,100","$67,600","$67,000","$67,900","$68,000",-,-,-,-,-,-,-,-,-,-,-,-,-,-,-,-,-,-,-,-,-,-,-,-,-,-,-,-,-,-,-,-,-,-,-,-,-,-,-
100264,DEPR,138,CTBSTT,Fixed Assets (Peoplesoft) - DEPR,Accenture LLP,Accenture,Application development and consulting services,8/17/26,8/31/29,VRM200187,"$59,400","$126,300","$164,500","$134,300",end date with fcst,Y,Yes,0,"Kollapally, Suraj",Analyst Review,Includes affiliate services,,-,Renewal,CTB,BC5100084,BC5100004,ATR730003,,7/19/26,8/12/26,900000264,70965208,,"$484,500",7800000264,TFT,Jamie Chen,SAMP,918391,1055,C_Forecast,DIV_2636 - Teller,2/21/26,"Abiodun, Dare",AST0700263,,,,,,,,,"$14,300","$12,700","$11,600","$10,800","$10,000","$10,100","$10,100","$10,200","$10,200","$10,400","$10,200","$10,300","$10,300","$11,000","$11,200","$11,100","$11,200","$11,400","$11,200","$12,600","$13,000","$12,800","$12,900","$13,300","$13,200","$15,200","$15,700","$16,500","$16,700","$16,600","$16,900","$16,800","$16,600","$16,600","$17,000","$16,900","$16,900",-,-,-,-,-,-,-,-,-,-,-,-,-,-,-,-,-,-,-,-,-,-,-,-,-,-,-,-,-,-,-,-,-,-,-,-,-,-,-,-,-,-,-,-,-,-,-,-,-,-,-
100267,OEM,128,CTEDP,Fixed Assets (Peoplesoft) - OEM,FIS Global,FIS,Banking platform software and services renewal,8/18/26,8/31/27,VRM200131,"$78,700","$114,300",-,-,,N,No,,"K, Srikantesh",Execution Complete,Pricing validation in progress,,,New,CTB,BC5100111,BC5100111,ATR730005,Web Server,7/6/26,8/13/26,900000267,47369245,,"$193,000",7800000267,,Jordan Lee,CFSBI,5517,6528,C_Forecast,DIV_2383 - Consumer Lending Technology Architecture,1/28/26,"Abiodun, Dare",AST0700266,,,,,,,,,"$18,700","$16,700","$15,400","$14,400","$13,500","$13,700","$13,800","$14,100","$14,300","$14,600","$14,400","$14,600","$14,800",-,-,-,-,-,-,-,-,-,-,-,-,-,-,-,-,-,-,-,-,-,-,-,-,-,-,-,-,-,-,-,-,-,-,-,-,-,-,-,-,-,-,-,-,-,-,-,-,-,-,-,-,-,-,-,-,-,-,-,-,-,-,-,-,-,-,-,-,-,-,-,-,-,-,-
100265,T&M,118,CTBSTT,A8501906 - Outsourcing/Technical Contract,Tata Consultancy Services,TCS,Application maintenance and delivery services,8/22/26,8/31/29,VRM200101,"$228,500","$480,300","$635,700","$517,900",,N,Yes,,"zz.Luloff, Julie",Finance - Confirming,Invoice schedule under review,,-,New,CTB,BC5100039,BC5100039,ATR730014,,2/19/26,6/1/26,900000265,22603137,,"$1,862,400",7800000265,TFT,Taylor Brooks,DCSN,215886,6927,C_Forecast,DIV_3055 - Cybersecurity Platform Services,1/8/26,"Ashwathappa, Rakesh",AST0700264,,,,,,,,,"$55,000","$48,900","$44,700","$41,500","$38,400","$38,500","$38,500","$38,900","$38,900","$39,400","$38,700","$39,000","$39,200","$41,700","$42,600","$42,200","$42,700","$43,700","$43,000","$48,400","$50,100","$49,200","$50,000","$51,400","$51,200","$59,000","$61,000","$63,900","$64,800","$64,300","$65,500","$65,100","$64,200","$64,000","$65,300","$64,700","$64,800",-,-,-,-,-,-,-,-,-,-,-,-,-,-,-,-,-,-,-,-,-,-,-,-,-,-,-,-,-,-,-,-,-,-,-,-,-,-,-,-,-,-,-,-,-,-,-,-,-,-,-
100266,SAAS,113,CTBSTT,A8201904 - Software as a Service,"Datadog, Inc.",Datadog,Cloud monitoring and observability subscription enterprise agreement,8/19/26,8/31/31,VRM200170,"$617,000","$1,283,000","$1,727,900","$2,331,200",,N,Yes,,"zz.Ejiofor, Justina",Submitted to Sponsor,Pending final statement of work,,-,New,CTB,BC5100083,BC5100083,ATR730048,Web Server,7/29/26,8/7/26,900000266,38976378,,"$13,393,600",7800000266,,Priya Shah,GLDMN,5009,9204,C_Forecast,DIV_2637 - Consumer Payments,1/10/26,"Eckman, Bradly T.",AST0700265,,,,,,,,,"$149,200","$132,300","$120,600","$111,800","$103,100","$103,200","$102,900","$104,000","$103,700","$105,000","$103,200","$103,900","$104,500","$111,200","$113,900","$112,900","$114,600","$117,400","$115,800","$130,900","$135,800","$133,700","$136,100","$140,100","$139,600","$161,100","$166,600","$174,200","$176,600","$175,100","$178,100","$176,500","$173,900","$173,000","$176,000","$174,000","$173,800","$221,200","$229,900","$237,400","$242,300","$252,900","$250,500","$251,100","$252,100","$247,200","$246,100","$250,400","$252,400","$363,400","$384,300","$434,000","$443,500","$476,900","$468,300","$474,100","$473,800","$477,400","$478,500","$482,100","$475,500",-,-,-,-,-,-,-,-,-,-,-,-,-,-,-,-,-,-,-,-,-,-,-,-,-,-,-
100268,T&M,123,CTSB,A8501906 - Outsourcing/Technical Contract,Accenture LLP,Accenture,Application development and consulting services enterprise agreement,8/12/26,8/31/30,VRM200156,"$168,700","$375,400","$472,700","$649,500",,N,Yes,0,"Kollapally, Suraj",Finance - Confirming,Budget owner confirmed,,-,New,CTB,BC5100079,BC5100079,ATR730071,,4/21/26,6/5/26,900000268,87698809,,"$2,257,400",7800000268,TFT,Cameron Smith,ACCLQ,6188,5641,C_Forecast,DIV_1550 - Branch Operations Enablement,5/14/26,"Matera, Jill",AST0700267,,,,,,,,,"$40,100","$35,900","$33,000","$30,900","$28,800","$29,100","$29,400","$30,000","$30,200","$30,800","$30,400","$30,800","$31,000","$33,000","$33,800","$33,300","$33,600","$34,100","$33,300","$37,200","$38,100","$37,100","$37,300","$38,000","$37,500","$43,000","$44,200","$46,100","$46,800","$46,500","$47,400","$47,300","$47,000","$47,100","$48,400","$48,400","$48,900","$62,900","$66,000","$68,800","$70,800","$74,500","$74,100","$74,500","$74,900","$73,300","$72,700","$73,500","$73,600",-,-,-,-,-,-,-,-,-,-,-,-,-,-,-,-,-,-,-,-,-,-,-,-,-,-,-,-,-,-,-,-,-,-,-,-,-,-,-
100269,SW,114,CTEDP,A8200045 - Software Maintenance,"Datadog, Inc.",Datadog,Cloud monitoring and observability subscription,8/31/26,8/31/30,VRM200171,"$298,200","$653,400","$829,600","$1,143,500",end date with fcst,Y,Yes,,"zz.Brennecke, Jana",Submitted to Sponsor,Vendor onboarding completed,,,Commited,RTB,BC5100060,BC5100083,ATR730026,,1/17/26,8/16/26,900000269,42776921,,"$3,950,000",7800000269,,Reese Martin,ICEDQ,195329,9883,C_Forecast,DIV_2714 - Enterprise Data Platforms,3/8/26,System,AST0700268,,,,,,,,,"$71,100","$63,500","$58,300","$54,500","$50,800","$51,200","$51,500","$52,500","$52,700","$53,700","$52,900","$53,500","$53,800","$57,200","$58,500","$57,700","$58,200","$59,100","$57,800","$64,700","$66,400","$64,800","$65,300","$66,700","$66,100","$75,900","$78,200","$81,700","$82,900","$82,400","$84,100","$83,900","$83,200","$83,400","$85,500","$85,300","$86,000","$110,300","$115,600","$120,300","$123,500","$129,600","$128,800","$129,300","$129,800","$127,000","$125,900","$127,400","$127,500",-,-,-,-,-,-,-,-,-,-,-,-,-,-,-,-,-,-,-,-,-,-,-,-,-,-,-,-,-,-,-,-,-,-,-,-,-,-,-
100270,TEL,136,CTCCPTPYMTS,A8292080 - Telecommunication,"Oracle America, Inc.",Oracle,Database platform licensing and maintenance,8/16/26,8/31/29,VRM200236,"$139,700","$301,600","$387,500","$316,000",,N,Yes,,"zz.Brennecke, Jana",LOB Review,Legal review pending,0,-,New,RTB,BC5100004,BC5100004,ATR730072,,12/28/25,2/5/26,900000270,83062823,,"$1,144,800",7800000270,,Reese Martin,DCSN,9803,2523,C_Forecast,DIV_2636 - Teller,7/14/26,"Abiodun, Dare",AST0700269,,,,,,,,,"$33,400","$29,800","$27,300","$25,500","$23,700","$23,900","$23,900","$24,300","$24,400","$24,800","$24,400","$24,600","$24,800","$26,300","$26,900","$26,500","$26,800","$27,300","$26,700","$30,000","$30,800","$30,100","$30,500","$31,200","$31,000","$35,600","$36,800","$38,500","$39,000","$38,800","$39,600","$39,400","$39,100","$39,100","$40,000","$39,900","$40,100",-,-,-,-,-,-,-,-,-,-,-,-,-,-,-,-,-,-,-,-,-,-,-,-,-,-,-,-,-,-,-,-,-,-,-,-,-,-,-,-,-,-,-,-,-,-,-,-,-,-,-
100273,DATA,123,CTSB,A8590820 - Other Outside Data Processing,Accenture LLP,Accenture,Application development and consulting services,8/26/26,8/31/27,VRM200125,"$163,300","$219,700",-,-,,N,Yes,0,"Eckman, Bradley T.",Finance - Managing,Legal review pending,,-,Renewal,RTB,BC5100115,BC5100115,ATR730020,,3/9/26,4/28/26,900000273,25246458,,"$383,000",7800000273,,Avery Johnson,ICEDQ,PO SR Required,2783,C_Forecast,DIV_2842 - Digital Channel Technology,7/5/26,"Eckman, Bradly T.",AST0700272,,,,,,,,,"$39,500","$35,000","$31,900","$29,600","$27,300","$27,300","$27,200","$27,500","$27,500","$27,800","$27,300","$27,500","$27,600",-,-,-,-,-,-,-,-,-,-,-,-,-,-,-,-,-,-,-,-,-,-,-,-,-,-,-,-,-,-,-,-,-,-,-,-,-,-,-,-,-,-,-,-,-,-,-,-,-,-,-,-,-,-,-,-,-,-,-,-,-,-,-,-,-,-,-,-,-,-,-,-,-,-,-
100271,T&M,138,CTBSTT,A8501906 - Outsourcing/Technical Contract,Adobe Inc.,Adobe,Digital experience platform subscription enterprise agreement,8/24/26,8/31/33,VRM200215,"$700,200","$1,489,600","$1,940,600","$2,663,500",,N,Yes,,"zz.Ejiofor, Justina",Management Review,Migration dependency tracked,,,Commited,RTB,BC5100020,BC5100020,ATR730070,,12/27/25,1/25/26,900000271,58536181,,"$55,053,800",7800000271,TFT,Jordan Lee,DMSBA,PO SR Required,MarTech,C_Forecast,DIV_1548 - Pmts Virt Sol Innov Platform Management,2/16/26,"Tadas, Deepa P.",AST0700270,,,,,,,,,"$168,000","$149,600","$136,900","$127,500","$118,200","$118,700","$118,900","$120,500","$120,600","$122,300","$120,400","$121,300","$121,900","$129,500","$132,400","$130,800","$132,300","$134,900","$132,400","$148,900","$153,600","$150,500","$152,600","$156,600","$155,700","$179,400","$185,300","$193,900","$196,800","$195,600","$199,500","$198,400","$196,200","$196,000","$200,300","$199,000","$199,600","$255,100","$266,100","$275,700","$282,000","$294,900","$292,400","$293,000","$293,900","$287,600","$285,500","$289,400","$290,500","$416,200","$437,900","$492,100","$500,400","$535,900","$524,200","$529,200","$527,800","$531,300","$532,500","$537,000","$530,600","$804,800","$836,300","$893,400","$932,600","$992,800","$1,009,800","$999,600","$995,900","$1,000,000","$975,900","$994,400","$989,800","$1,691,400","$1,776,800","$1,834,000","$1,988,800","$2,675,100","$2,647,800","$2,649,700","$2,636,200","$2,612,400","$2,627,900","$2,630,800","$2,641,400",-,-,-
100272,T&M,137,CTARCHENG,A8501906 - Outsourcing/Technical Contract,AT&T Corp.,AT&T,Network and telecommunications services enterprise agreement,8/15/26,8/31/28,VRM200213,"$120,500","$253,300","$204,100",-,,N,Yes,0,"Eckman, Bradley T.",Submitted to Sponsor,Vendor onboarding completed,,,New,CTB,BC5100104,BC5100104,ATR730077,,5/22/26,7/20/26,900000272,67079258,,"$577,900",7800000272,,Jamie Chen,DMSBA,PO SR Required,3270,C_Forecast,DIV_3055 - Cybersecurity Platform Services,6/19/26,"zz.Brennecke, Jana",AST0700271,,,,,,,,,"$29,000","$25,800","$23,600","$21,900","$20,200","$20,300","$20,300","$20,500","$20,500","$20,800","$20,400","$20,600","$20,700","$22,000","$22,500","$22,200","$22,500","$23,000","$22,700","$25,500","$26,400","$26,000","$26,400","$27,100","$27,000",-,-,-,-,-,-,-,-,-,-,-,-,-,-,-,-,-,-,-,-,-,-,-,-,-,-,-,-,-,-,-,-,-,-,-,-,-,-,-,-,-,-,-,-,-,-,-,-,-,-,-,-,-,-,-,-,-,-,-,-,-,-,-
100274,SW,137,CTSB,Fixed Assets (Peoplesoft) - SWL,"ServiceNow, Inc.",ServiceNow,IT service management subscription renewal,8/24/26,8/31/31,VRM200190,"$138,500","$313,500","$392,400","$535,900",beeline#,Y,Yes,0,"Eckman, Bradley T.",Finance - Managing,Includes affiliate services,,,Renewal,CTB,BC5100047,BC5100116,ATR730032,,3/23/26,3/30/26,900000274,62258466,,"$3,105,200",7800000274,TFT,Riley Kim,DCSN,5699,115,C_Forecast,DIV_2842 - Digital Channel Technology,3/13/26,"Kollapally, Suraj",,,,,,,,,,"$32,900","$29,400","$27,100","$25,400","$23,700","$24,100","$24,300","$24,900","$25,100","$25,700","$25,400","$25,800","$26,000","$27,700","$28,300","$28,000","$28,200","$28,600","$27,900","$31,100","$31,900","$30,900","$31,000","$31,500","$31,100","$35,500","$36,500","$38,000","$38,400","$38,100","$38,900","$38,800","$38,500","$38,700","$39,800","$39,900","$40,300","$52,000","$54,700","$57,200","$59,000","$62,100","$62,000","$62,400","$62,800","$61,500","$61,100","$61,800","$61,800","$88,000","$91,900","$102,400","$103,200","$109,400","$106,000","$106,000","$104,900","$104,800","$104,400","$104,900","$103,500",-,-,-,-,-,-,-,-,-,-,-,-,-,-,-,-,-,-,-,-,-,-,-,-,-,-,-
100275,SW,123,CTEDP,Fixed Assets (Peoplesoft) - SWM,"Oracle America, Inc.",Oracle,Database platform licensing and maintenance renewal,8/10/26,2/28/27,VRM200205,"$261,500","$90,700",-,-,,N,Yes,,"zz.Ejiofor, Justina",Management Review,Includes affiliate services,0,-,Commited,RTB,BC5100089,BC5100089,ATR730015,Web Server,1/25/26,5/17/26,900000275,93861256,,"$352,200",7800000275,,Reese Martin,SAMP,495484,904,C_Forecast,DIV_2842 - Digital Channel Technology,3/20/26,System,AST0700274,,,,,,,,,"$62,200","$55,600","$51,100","$47,900","$44,700","$45,200","$45,500",-,-,-,-,-,-,-,-,-,-,-,-,-,-,-,-,-,-,-,-,-,-,-,-,-,-,-,-,-,-,-,-,-,-,-,-,-,-,-,-,-,-,-,-,-,-,-,-,-,-,-,-,-,-,-,-,-,-,-,-,-,-,-,-,-,-,-,-,-,-,-,-,-,-,-,-,-,-,-,-,-
100276,T&M,140,CTBSTT,A8501946 - Outsourcing Contract - Time & Materials,Tata Consultancy Services,TCS,Application maintenance and delivery services enterprise agreement,8/31/26,8/31/29,VRM200115,"$326,500","$715,500","$908,700","$737,900",,N,Yes,,"Tadas, Deepa P.",LOB Review,Vendor onboarding completed,,,Commited,CTB,BC5100116,BC5100116,ATR730063,,1/25/26,3/19/26,900000276,94675230,,"$2,688,600",7800000276,TFT,Jamie Chen,PWDW,PO SR Required,1725,C_Forecast,DIV_3055 - Cybersecurity Platform Services,6/24/26,"Tadas, Deepa P.",,,,,,,,,,"$77,800","$69,500","$63,900","$59,700","$55,600","$56,100","$56,400","$57,500","$57,700","$58,800","$58,000","$58,600","$58,900","$62,700","$64,000","$63,100","$63,700","$64,700","$63,300","$70,900","$72,800","$70,900","$71,600","$73,100","$72,400","$83,100","$85,600","$89,500","$90,800","$90,200","$92,100","$91,800","$91,100","$91,300","$93,700","$93,500","$94,200",-,-,-,-,-,-,-,-,-,-,-,-,-,-,-,-,-,-,-,-,-,-,-,-,-,-,-,-,-,-,-,-,-,-,-,-,-,-,-,-,-,-,-,-,-,-,-,-,-,-,-
100278,TEL,133,CTADMIN,A8292080 - Telecommunication,FIS Global,FIS,Banking platform software and services,8/24/26,2/29/28,VRM200229,"$135,000","$287,100","$51,500",-,,N,No,4933,"S, Rajashekar",Cancelled,Migration dependency tracked,,,Renewal,CTB,BC5100033,BC5100112,ATR730009,,2/27/26,8/13/26,900000278,59052659,,"$473,600",7800000278,,Avery Johnson,GLDMN,807222,3520,C_Forecast,DIV_1548 - Pmts Virt Sol Innov Platform Management,8/7/26,"zz.Brennecke, Jana",,,,,,,,,,"$32,400","$28,800","$26,400","$24,600","$22,800","$22,900","$22,900","$23,200","$23,200","$23,600","$23,200","$23,400","$23,500","$25,000","$25,500","$25,200","$25,500","$26,000","$25,500",-,-,-,-,-,-,-,-,-,-,-,-,-,-,-,-,-,-,-,-,-,-,-,-,-,-,-,-,-,-,-,-,-,-,-,-,-,-,-,-,-,-,-,-,-,-,-,-,-,-,-,-,-,-,-,-,-,-,-,-,-,-,-,-,-,-,-,-,-
100277,SAAS,112,CTPLATFORM,A8201904 - Software as a Service,Verizon Business Network Services,Verizon,Enterprise telecommunications services renewal,8/8/26,8/31/32,VRM200201,"$46,000","$99,600","$127,900","$176,100",,N,Yes,0,"zz.Brennecke, Jana",Finance Review,Migration dependency tracked,,,Commited,CTB,BC5100118,BC5100118,ATR730007,,2/16/26,4/6/26,900000277,79102292,,"$1,762,300",7800000277,TFT,Alex Morgan,RADIA,PO SR Required,9640,C_Forecast,DIV_1307 - Pmts Virt Sol Innov and Cons Bkg Tech Admin,7/7/26,"Ashwathappa, Rakesh",AST0700276,,,,,,,,,"$11,000","$9,800","$9,000","$8,400","$7,800","$7,900","$7,900","$8,000","$8,000","$8,200","$8,100","$8,100","$8,200","$8,700","$8,900","$8,800","$8,800","$9,000","$8,800","$9,900","$10,200","$9,900","$10,100","$10,300","$10,200","$11,800","$12,100","$12,700","$12,900","$12,800","$13,100","$13,000","$12,900","$12,900","$13,200","$13,200","$13,200","$16,900","$17,700","$18,400","$18,800","$19,700","$19,600","$19,600","$19,700","$19,300","$19,100","$19,300","$19,400","$27,700","$29,100","$32,600","$33,100","$35,300","$34,500","$34,800","$34,600","$34,800","$34,800","$35,100","$34,700","$52,700","$54,800","$58,600","$61,300","$65,400","$66,700","$66,200","$66,100","$66,500","$65,000","$66,400","$66,200",-,-,-,-,-,-,-,-,-,-,-,-,-,-,-
100279,SW,116,CTHLT,Fixed Assets (Peoplesoft) - SWM,Broadcom Inc.,Broadcom,Infrastructure software maintenance,8/19/26,8/31/29,VRM200146,"$261,900","$549,900","$728,100","$593,400",type/start,Y,Yes,0,"zz.Brennecke, Jana",Submitted to Sponsor,Migration dependency tracked,,-,New,RTB,BC5100066,BC5100066,ATR730001,,5/28/26,6/23/26,900000279,31289903,,"$2,133,300",7800000279,TFT,Jamie Chen,NAHAS,6512,852,C_Forecast,DIV_2842 - Digital Channel Technology,7/7/26,"Agarwal, Ushika",AST0700278,,,,,,,,,"$63,100","$56,000","$51,200","$47,600","$44,000","$44,100","$44,000","$44,600","$44,500","$45,100","$44,300","$44,700","$44,900","$47,700","$48,800","$48,300","$48,900","$50,000","$49,200","$55,500","$57,400","$56,400","$57,300","$58,900","$58,600","$67,600","$69,900","$73,100","$74,200","$73,700","$75,100","$74,500","$73,600","$73,400","$74,800","$74,100","$74,200",-,-,-,-,-,-,-,-,-,-,-,-,-,-,-,-,-,-,-,-,-,-,-,-,-,-,-,-,-,-,-,-,-,-,-,-,-,-,-,-,-,-,-,-,-,-,-,-,-,-,-
100299,SW,122,CTSB,Fixed Assets (Peoplesoft) - SWM,"ServiceNow, Inc.",ServiceNow,IT service management subscription enterprise agreement,8/25/26,2/29/28,VRM200112,"$160,000","$340,000","$61,000",-,,N,Yes,,"K, Srikantesh",Finance Review,Includes affiliate services,,,Renewal,CTB,BC5100118,BC5100118,ATR730012,,6/24/26,6/26/26,900000299,56815272,,"$561,000",7800000299,TFT,Casey Rivera,SFCOE,981852,5467,C_Forecast,DIV_2637 - Consumer Payments,2/13/26,"Matera, Jill",,,,,,,,,,"$38,400","$34,200","$31,300","$29,100","$27,000","$27,100","$27,100","$27,500","$27,500","$27,900","$27,500","$27,700","$27,800","$29,600","$30,200","$29,900","$30,200","$30,800","$30,200",-,-,-,-,-,-,-,-,-,-,-,-,-,-,-,-,-,-,-,-,-,-,-,-,-,-,-,-,-,-,-,-,-,-,-,-,-,-,-,-,-,-,-,-,-,-,-,-,-,-,-,-,-,-,-,-,-,-,-,-,-,-,-,-,-,-,-,-,-
100280,T&M,116,CTCPR,A8501906 - Outsourcing/Technical Contract,"Amazon Web Services, Inc.",AWS,Cloud infrastructure and managed services renewal,8/27/26,8/31/31,VRM200211,"$349,500","$726,900","$978,900","$1,320,800",,N,No,4933,"Eckman, Bradley T.",Execution Complete,No action required,,,New,CTB,BC5100085,BC5100085,ATR730022,,5/6/26,6/11/26,900000280,65433502,,"$7,587,700",7800000280,,Jamie Chen,ICEDQ,PO SR Required,MarTech,C_Forecast,DIV_2714 - Enterprise Data Platforms,7/17/26,"Eckman, Bradly T.",,,,,,,,,,"$84,500","$75,000","$68,300","$63,300","$58,400","$58,500","$58,300","$58,900","$58,800","$59,500","$58,400","$58,900","$59,200","$63,000","$64,500","$64,000","$64,900","$66,500","$65,600","$74,200","$76,900","$75,700","$77,100","$79,400","$79,100","$91,300","$94,400","$98,700","$100,000","$99,200","$100,900","$100,000","$98,500","$98,000","$99,700","$98,600","$98,500","$125,300","$130,300","$134,500","$137,300","$143,300","$141,900","$142,200","$142,800","$140,000","$139,400","$141,800","$143,000","$205,900","$217,700","$245,900","$251,200","$270,200","$265,300","$268,600","$268,400","$270,400","$271,100","$273,100","$269,400",-,-,-,-,-,-,-,-,-,-,-,-,-,-,-,-,-,-,-,-,-,-,-,-,-,-,-
100281,SW,140,CTCPR,Fixed Assets (Peoplesoft) - SWL,Tata Consultancy Services,TCS,Application maintenance and delivery services enterprise agreement,8/31/26,8/31/30,VRM200207,"$197,000","$445,700","$558,000","$761,900",,N,Yes,0,"Kollapally, Suraj",Finance - Managing,Renewal documentation completed,,,Renewal,CTB,BC5100048,BC5100006,ATR730042,,7/26/26,8/11/26,900000281,78503377,,"$2,666,900",7800000281,TFT,Reese Martin,ACCLQ,4070,3222,C_Forecast,DIV_2842 - Digital Channel Technology,5/17/26,System,,,,,,,,,,"$46,800","$41,800","$38,500","$36,100","$33,800","$34,200","$34,600","$35,400","$35,700","$36,500","$36,100","$36,600","$37,000","$39,400","$40,300","$39,800","$40,100","$40,700","$39,700","$44,300","$45,300","$44,000","$44,100","$44,800","$44,200","$50,500","$51,800","$54,000","$54,600","$54,200","$55,300","$55,200","$54,800","$55,000","$56,600","$56,700","$57,300","$73,900","$77,800","$81,300","$83,800","$88,300","$88,100","$88,700","$89,300","$87,500","$86,800","$87,800","$87,800",-,-,-,-,-,-,-,-,-,-,-,-,-,-,-,-,-,-,-,-,-,-,-,-,-,-,-,-,-,-,-,-,-,-,-,-,-,-,-
100284,SW,115,CTARCHENG,A8200050 - Software License,Snowflake Inc.,Snowflake,Cloud data platform subscription,8/9/26,2/28/27,VRM200214,"$288,300","$98,600",-,-,,N,Yes,,"K, Srikantesh",New,Migration dependency tracked,,,Commited,CTB,BC5100072,BC5100072,ATR730026,Web Server,3/21/26,5/20/26,900000284,40873865,,"$386,900",7800000284,TFT,Cameron Smith,HOGAN CIS,5910,6350,C_Forecast,DIV_1307 - Pmts Virt Sol Innov and Cons Bkg Tech Admin,3/25/26,"Agarwal, Ushika",AST0700283,,,,,,,,,"$68,900","$61,500","$56,400","$52,600","$48,900","$49,200","$49,400",-,-,-,-,-,-,-,-,-,-,-,-,-,-,-,-,-,-,-,-,-,-,-,-,-,-,-,-,-,-,-,-,-,-,-,-,-,-,-,-,-,-,-,-,-,-,-,-,-,-,-,-,-,-,-,-,-,-,-,-,-,-,-,-,-,-,-,-,-,-,-,-,-,-,-,-,-,-,-,-,-
100288,T&M,138,CTCPR,A8501906 - Outsourcing/Technical Contract,"Amazon Web Services, Inc.",AWS,Cloud infrastructure and managed services renewal,8/25/26,8/31/27,VRM200247,"$769,300","$1,116,800",-,-,type/start,Y,Yes,0,"zz.Luloff, Julie",Finance - Managing,Budget owner confirmed,,,Commited,CTB,BC5100064,BC5100010,ATR730056,,3/24/26,7/11/26,900000288,56815272,,"$1,886,100",7800000288,,Dana Williams,1CR5,3746,4449,C_Forecast,DIV_2842 - Digital Channel Technology,1/27/26,"zz.Brennecke, Jana",AST0700287,,,,,,,,,"$182,600","$163,400","$150,400","$141,100","$131,800","$133,600","$135,000","$138,100","$139,300","$142,400","$141,100","$143,000","$144,300",-,-,-,-,-,-,-,-,-,-,-,-,-,-,-,-,-,-,-,-,-,-,-,-,-,-,-,-,-,-,-,-,-,-,-,-,-,-,-,-,-,-,-,-,-,-,-,-,-,-,-,-,-,-,-,-,-,-,-,-,-,-,-,-,-,-,-,-,-,-,-,-,-,-,-
100282,SAAS,137,CTTOCIO,A8201904 - Software as a Service,Microsoft Corporation,Microsoft,Enterprise software subscriptions and support renewal,8/14/26,8/31/28,VRM200151,"$242,500","$540,000","$420,800",-,,N,Yes,0,"Eckman, Bradley T.",Management Review,Invoice schedule under review,,,Renewal,CTB,BC5100012,BC5100012,ATR730067,Web Server,1/16/26,3/14/26,900000282,99580243,,"$1,203,300",7800000282,TFT,Casey Rivera,SMT#2144,186181,5113,C_Forecast,DIV_1548 - Pmts Virt Sol Innov Platform Management,1/7/26,"Ashwathappa, Rakesh",AST0700281,,,,,,,,,"$57,700","$51,600","$47,400","$44,400","$41,400","$41,900","$42,300","$43,100","$43,400","$44,300","$43,800","$44,300","$44,600","$47,500","$48,600","$47,900","$48,300","$49,000","$47,900","$53,500","$54,800","$53,300","$53,600","$54,700","$54,000",-,-,-,-,-,-,-,-,-,-,-,-,-,-,-,-,-,-,-,-,-,-,-,-,-,-,-,-,-,-,-,-,-,-,-,-,-,-,-,-,-,-,-,-,-,-,-,-,-,-,-,-,-,-,-,-,-,-,-,-,-,-,-
100283,TEL,117,CTBSTT,A8292080 - Telecommunication,Google LLC,Google Cloud,Cloud data and analytics services renewal,8/29/26,8/31/29,VRM200107,"$194,500","$426,000","$541,300","$439,700",type/start,Y,No,,"Kollapally, Suraj",Execution Complete,No action required,0,-,Renewal,CTB,BC5100004,BC5100004,ATR730072,,4/6/26,8/13/26,900000283,69936307,,"$1,601,500",7800000283,,Dana Williams,AIM,961039,MarTech,C_Forecast,DIV_1307 - Pmts Virt Sol Innov and Cons Bkg Tech Admin,7/15/26,"Kollapally, Suraj",,,,,,,,,,"$46,400","$41,400","$38,000","$35,600","$33,100","$33,400","$33,600","$34,200","$34,400","$35,000","$34,500","$34,900","$35,100","$37,300","$38,100","$37,600","$37,900","$38,600","$37,700","$42,200","$43,300","$42,300","$42,600","$43,600","$43,100","$49,500","$51,000","$53,300","$54,100","$53,800","$54,900","$54,700","$54,300","$54,400","$55,800","$55,700","$56,100",-,-,-,-,-,-,-,-,-,-,-,-,-,-,-,-,-,-,-,-,-,-,-,-,-,-,-,-,-,-,-,-,-,-,-,-,-,-,-,-,-,-,-,-,-,-,-,-,-,-,-
100285,SW,130,CTBSTT,Fixed Assets (Peoplesoft) - SWM,"Datadog, Inc.",Datadog,Cloud monitoring and observability subscription renewal,8/31/26,8/31/31,VRM200238,"$152,200","$323,900","$422,100","$579,200",,N,Yes,,"S, Rajashekar",Finance Review,Migration dependency tracked,,-,New,CTB,BC5100097,BC5100097,ATR730024,,3/8/26,6/17/26,900000285,72173433,,"$3,308,800",7800000285,TFT,Dana Williams,SMT#2452 & SR#SR1994083716,8952,8082,C_Forecast,DIV_1548 - Pmts Virt Sol Innov Platform Management,5/12/26,"Ashwathappa, Rakesh",AST0700284,,,,,,,,,"$36,500","$32,500","$29,800","$27,700","$25,700","$25,800","$25,800","$26,200","$26,200","$26,600","$26,200","$26,400","$26,500","$28,200","$28,800","$28,400","$28,800","$29,300","$28,800","$32,400","$33,400","$32,700","$33,200","$34,100","$33,900","$39,000","$40,300","$42,200","$42,800","$42,500","$43,400","$43,100","$42,700","$42,600","$43,600","$43,300","$43,400","$55,500","$57,900","$59,900","$61,300","$64,100","$63,600","$63,700","$63,900","$62,500","$62,100","$62,900","$63,200","$90,500","$95,200","$107,000","$108,800","$116,500","$114,000","$115,100","$114,800","$115,500","$115,800","$116,800","$115,400",-,-,-,-,-,-,-,-,-,-,-,-,-,-,-,-,-,-,-,-,-,-,-,-,-,-,-
100286,SAAS,135,CTTOCIO,Fixed Assets (Peoplesoft) - SAAS,"Datadog, Inc.",Datadog,Cloud monitoring and observability subscription,8/8/26,8/31/28,VRM200130,"$567,500","$1,192,400","$961,000",-,,N,Yes,4933,"Tadas, Deepa P.",New,No action required,0,-,Renewal,CTB,BC5100032,BC5100032,ATR730046,,6/29/26,7/30/26,900000286,77613326,,"$2,720,900",7800000286,,Taylor Brooks,CORE,946573,6921,C_Forecast,DIV_2383 - Consumer Lending Technology Architecture,6/17/26,System,AST0700285,,,,,,,,,"$136,700","$121,500","$110,900","$103,100","$95,300","$95,500","$95,500","$96,700","$96,500","$97,800","$96,100","$96,800","$97,300","$103,500","$105,900","$104,700","$106,100","$108,400","$106,700","$120,300","$124,400","$122,200","$124,200","$127,700","$127,100",-,-,-,-,-,-,-,-,-,-,-,-,-,-,-,-,-,-,-,-,-,-,-,-,-,-,-,-,-,-,-,-,-,-,-,-,-,-,-,-,-,-,-,-,-,-,-,-,-,-,-,-,-,-,-,-,-,-,-,-,-,-,-
100287,T&M,125,CTCPR,A8501946 - Outsourcing Contract - Time & Materials,Deloitte Consulting LLP,Deloitte,Technology consulting services,8/23/26,8/31/30,VRM200153,"$503,700","$1,047,400","$1,410,800","$1,903,300",,N,No,0,"zz.Ejiofor, Justina",Execution Complete,Renewal documentation completed,0,-,Commited,CTB,BC5100092,BC5100027,ATR730045,,2/21/26,3/20/26,900000287,38393124,,"$6,500,300",7800000287,,Priya Shah,HOGAN CIS,PO SR Required,MarTech,C_Forecast,DIV_2636 - Teller,1/16/26,"Abiodun, Dare",AST0700286,,,,,,,,,"$121,800","$108,000","$98,400","$91,300","$84,200","$84,200","$84,000","$84,900","$84,700","$85,700","$84,200","$84,800","$85,300","$90,800","$93,000","$92,200","$93,600","$95,900","$94,600","$106,900","$110,800","$109,100","$111,100","$114,400","$114,000","$131,600","$136,000","$142,200","$144,200","$143,000","$145,400","$144,100","$142,000","$141,200","$143,700","$142,100","$141,900","$180,600","$187,700","$193,800","$197,800","$206,500","$204,600","$205,000","$205,800","$201,800","$200,900","$204,400","$206,100",-,-,-,-,-,-,-,-,-,-,-,-,-,-,-,-,-,-,-,-,-,-,-,-,-,-,-,-,-,-,-,-,-,-,-,-,-,-,-
100289,TEL,140,CTTOCIO,A8292080 - Telecommunication,Adobe Inc.,Adobe,Digital experience platform subscription enterprise agreement,8/31/26,8/31/31,VRM200168,"$112,400","$250,200","$315,100","$433,000",,N,Yes,0,"S, Rajashekar",Submitted to Sponsor,Pending final statement of work,0,,New,CTB,BC5100045,BC5100059,ATR730044,,8/11/26,8/14/26,900000289,44926424,,"$2,492,100",7800000289,,Casey Rivera,MOD,7111,3262,C_Forecast,DIV_2842 - Digital Channel Technology,5/24/26,"Kollapally, Suraj",AST0700288,,,,,,,,,"$26,700","$23,900","$22,000","$20,600","$19,200","$19,400","$19,600","$20,000","$20,100","$20,500","$20,300","$20,500","$20,700","$22,000","$22,500","$22,200","$22,400","$22,700","$22,200","$24,800","$25,400","$24,700","$24,900","$25,300","$25,000","$28,700","$29,500","$30,700","$31,200","$31,000","$31,600","$31,500","$31,300","$31,400","$32,300","$32,300","$32,600","$41,900","$44,000","$45,900","$47,200","$49,600","$49,400","$49,700","$49,900","$48,900","$48,500","$49,000","$49,000","$69,900","$73,100","$81,600","$82,400","$87,500","$85,000","$85,200","$84,500","$84,600","$84,500","$85,100","$84,000",-,-,-,-,-,-,-,-,-,-,-,-,-,-,-,-,-,-,-,-,-,-,-,-,-,-,-
100290,SW,132,CTHLT,A8200050 - Software License,Tata Consultancy Services,TCS,Application maintenance and delivery services,8/14/26,8/31/31,VRM200164,"$47,000","$103,100","$130,800","$180,500",check investment date,Y,Yes,,"zz.Luloff, Julie",Finance Review,Security assessment completed,0,,Renewal,CTB,BC5100027,BC5100027,ATR730040,,6/2/26,6/18/26,900000290,39539231,,"$1,033,700",7800000290,,Priya Shah,HOGAN CIS,8681,3860,C_Forecast,DIV_3055 - Cybersecurity Platform Services,7/11/26,"Abiodun, Dare",AST0700289,,,,,,,,,"$11,200","$10,000","$9,200","$8,600","$8,000","$8,100","$8,100","$8,300","$8,300","$8,500","$8,400","$8,400","$8,500","$9,000","$9,200","$9,100","$9,200","$9,300","$9,100","$10,200","$10,500","$10,200","$10,300","$10,500","$10,400","$12,000","$12,300","$12,900","$13,100","$13,000","$13,300","$13,200","$13,100","$13,200","$13,500","$13,500","$13,600","$17,400","$18,200","$19,000","$19,500","$20,400","$20,300","$20,400","$20,500","$20,000","$19,900","$20,100","$20,100","$28,700","$30,100","$33,600","$34,000","$36,300","$35,300","$35,500","$35,300","$35,400","$35,400","$35,700","$35,300",-,-,-,-,-,-,-,-,-,-,-,-,-,-,-,-,-,-,-,-,-,-,-,-,-,-,-
100291,T&M,114,CTHLT,A8501946 - Outsourcing Contract - Time & Materials,FIS Global,FIS,Banking platform software and services renewal,8/9/26,8/31/29,VRM200195,"$59,100","$127,500","$163,900","$133,600",,N,Yes,0,"S, Rajashekar",Finance - Managing,Invoice schedule under review,,,Commited,CTB,BC5100106,BC5100106,ATR730070,,5/4/26,8/2/26,900000291,37749761,,"$484,100",7800000291,,Taylor Brooks,ICEDQ,143857,6919,C_Forecast,DIV_2636 - Teller,8/7/26,"Ashwathappa, Rakesh",,,,,,,,,,"$14,100","$12,600","$11,600","$10,800","$10,000","$10,100","$10,100","$10,300","$10,300","$10,500","$10,300","$10,400","$10,500","$11,100","$11,400","$11,200","$11,300","$11,500","$11,300","$12,700","$13,000","$12,700","$12,900","$13,200","$13,100","$15,100","$15,600","$16,300","$16,500","$16,400","$16,700","$16,700","$16,500","$16,500","$16,900","$16,900","$17,000",-,-,-,-,-,-,-,-,-,-,-,-,-,-,-,-,-,-,-,-,-,-,-,-,-,-,-,-,-,-,-,-,-,-,-,-,-,-,-,-,-,-,-,-,-,-,-,-,-,-,-
100292,SW,119,CTEDP,Fixed Assets (Peoplesoft) - SWL,"Salesforce, Inc.",Salesforce,Customer relationship management platform renewal,8/17/26,8/31/32,VRM200145,"$281,300","$598,700","$779,800","$1,070,400",,N,Yes,0,"Tadas, Deepa P.",New,Vendor onboarding completed,,,New,CTB,BC5100032,BC5100032,ATR730026,,5/17/26,6/11/26,900000292,49431794,,"$10,705,900",7800000292,,Casey Rivera,Goldmine (WFF) GLDMN,PO SR Required,1074,C_Forecast,DIV_1307 - Pmts Virt Sol Innov and Cons Bkg Tech Admin,4/20/26,"Kollapally, Suraj",,,,,,,,,,"$67,500","$60,100","$55,000","$51,200","$47,500","$47,700","$47,800","$48,400","$48,500","$49,200","$48,400","$48,700","$49,000","$52,100","$53,200","$52,600","$53,100","$54,200","$53,200","$59,800","$61,700","$60,500","$61,300","$62,900","$62,600","$72,100","$74,500","$77,900","$79,100","$78,600","$80,200","$79,700","$78,900","$78,800","$80,500","$80,000","$80,200","$102,500","$106,900","$110,800","$113,300","$118,500","$117,500","$117,700","$118,100","$115,600","$114,700","$116,300","$116,700","$167,200","$176,000","$197,700","$201,100","$215,300","$210,600","$212,700","$212,100","$213,500","$214,000","$215,800","$213,200","$323,400","$336,100","$359,000","$374,800","$399,000","$405,800","$401,700","$400,200","$401,900","$392,200","$399,600","$397,700",-,-,-,-,-,-,-,-,-,-,-,-,-,-,-
100295,SW,143,CTTOCIO,Fixed Assets (Peoplesoft) - SWL,"Oracle America, Inc.",Oracle,Database platform licensing and maintenance renewal,8/10/26,8/31/27,VRM200147,"$85,500","$124,000",-,-,,N,Yes,0,"K, Srikantesh",Submitted to Sponsor,Vendor onboarding completed,0,,Renewal,RTB,BC5100006,BC5100037,ATR730033,,3/11/26,6/29/26,900000295,37749761,,"$209,500",7800000295,TFT,Jordan Lee,GLDMN,1008,5490,C_Forecast,DIV_2636 - Teller,8/7/26,"zz.Brennecke, Jana",,,,,,,,,,"$20,300","$18,200","$16,700","$15,700","$14,600","$14,800","$15,000","$15,300","$15,500","$15,800","$15,700","$15,900","$16,000",-,-,-,-,-,-,-,-,-,-,-,-,-,-,-,-,-,-,-,-,-,-,-,-,-,-,-,-,-,-,-,-,-,-,-,-,-,-,-,-,-,-,-,-,-,-,-,-,-,-,-,-,-,-,-,-,-,-,-,-,-,-,-,-,-,-,-,-,-,-,-,-,-,-,-
100293,SW,136,CTEDP,A8200050 - Software License,Snowflake Inc.,Snowflake,Cloud data platform subscription renewal,8/27/26,8/31/28,VRM200203,"$131,000","$275,400","$221,800",-,VRM status,Y,Yes,,"zz.Ejiofor, Justina",Finance - Confirming,Vendor onboarding completed,0,,Commited,CTB,BC5100075,BC5100075,ATR730063,Web Server,6/13/26,7/28/26,900000293,60597473,,"$628,200",7800000293,TFT,Reese Martin,CCS,666977,7945,C_Forecast,DIV_2637 - Consumer Payments,8/7/26,"Matera, Jill",,,,,,,,,,"$31,600","$28,000","$25,600","$23,800","$22,000","$22,100","$22,000","$22,300","$22,300","$22,600","$22,200","$22,400","$22,500","$23,900","$24,400","$24,200","$24,500","$25,000","$24,600","$27,800","$28,700","$28,200","$28,700","$29,500","$29,300",-,-,-,-,-,-,-,-,-,-,-,-,-,-,-,-,-,-,-,-,-,-,-,-,-,-,-,-,-,-,-,-,-,-,-,-,-,-,-,-,-,-,-,-,-,-,-,-,-,-,-,-,-,-,-,-,-,-,-,-,-,-,-
100294,TEL,143,CTHLT,A8292080 - Telecommunication,Snowflake Inc.,Snowflake,Cloud data platform subscription renewal,8/18/26,8/31/29,VRM200181,"$167,400","$348,000","$468,500","$379,800",,N,No,0,"Tadas, Deepa P.",Execution Complete,Renewal documentation completed,,-,Renewal,CTB,BC5100015,BC5100015,ATR730036,,4/27/26,6/4/26,900000294,17098283,,"$1,363,700",7800000294,,Riley Kim,CORE,PO SR Required,6054,C_Forecast,DIV_3055 - Cybersecurity Platform Services,4/13/26,System,AST0700293,,,,,,,,,"$40,500","$35,900","$32,700","$30,300","$28,000","$28,000","$27,900","$28,200","$28,100","$28,500","$28,000","$28,200","$28,300","$30,200","$30,900","$30,600","$31,100","$31,800","$31,400","$35,500","$36,800","$36,200","$36,900","$38,000","$37,900","$43,700","$45,200","$47,200","$47,900","$47,500","$48,300","$47,900","$47,200","$46,900","$47,700","$47,200","$47,100",-,-,-,-,-,-,-,-,-,-,-,-,-,-,-,-,-,-,-,-,-,-,-,-,-,-,-,-,-,-,-,-,-,-,-,-,-,-,-,-,-,-,-,-,-,-,-,-,-,-,-
100296,FB,140,CTTOCIO,A8501945 - Outsourcing Contract - Fixed Bid,"Amazon Web Services, Inc.",AWS,Cloud infrastructure and managed services renewal,8/19/26,8/31/29,VRM200101,"$107,000","$238,100","$300,000","$241,700",,N,Yes,0,"Eckman, Bradley T.",Analyst Review,Pending final statement of work,0,-,Commited,CTB,BC5100112,BC5100112,ATR730012,,5/17/26,6/12/26,900000296,24564257,,"$886,800",7800000296,,Dana Williams,DMSBA,747936,2804,C_Forecast,DIV_1548 - Pmts Virt Sol Innov Platform Management,5/10/26,"K, Srikantesh",AST0700295,,,,,,,,,"$25,400","$22,800","$20,900","$19,600","$18,300","$18,500","$18,600","$19,000","$19,200","$19,500","$19,300","$19,500","$19,700","$21,000","$21,400","$21,100","$21,300","$21,600","$21,100","$23,600","$24,200","$23,500","$23,700","$24,100","$23,800","$27,300","$28,100","$29,300","$29,700","$29,500","$30,100","$30,000","$29,800","$29,900","$30,700","$30,700","$31,000",-,-,-,-,-,-,-,-,-,-,-,-,-,-,-,-,-,-,-,-,-,-,-,-,-,-,-,-,-,-,-,-,-,-,-,-,-,-,-,-,-,-,-,-,-,-,-,-,-,-,-
100298,T&M,124,CTADMIN,A8501906 - Outsourcing/Technical Contract,FIS Global,FIS,Banking platform software and services,8/29/26,8/31/30,VRM200240,"$636,200","$1,373,000","$1,764,000","$2,430,300",,N,Yes,0,"zz.Brennecke, Jana",Submitted to Sponsor,Pending final statement of work,,,Commited,RTB,BC5100067,BC5100067,ATR730013,,3/22/26,4/28/26,900000298,76813834,,"$8,352,500",7800000298,,Riley Kim,SAMP,715717,4375,C_Forecast,DIV_1307 - Pmts Virt Sol Innov and Cons Bkg Tech Admin,2/8/26,System,AST0700297,,,,,,,,,"$152,100","$135,700","$124,400","$116,100","$107,900","$108,600","$109,000","$110,800","$111,000","$112,800","$111,100","$112,100","$112,700","$119,800","$122,400","$120,800","$121,900","$124,100","$121,600","$136,400","$140,400","$137,200","$138,800","$142,100","$141,000","$162,200","$167,400","$175,100","$177,700","$176,700","$180,300","$179,600","$177,900","$178,000","$182,300","$181,500","$182,500","$233,700","$244,300","$253,600","$259,900","$272,200","$270,200","$270,900","$271,800","$265,800","$263,700","$266,900","$267,500",-,-,-,-,-,-,-,-,-,-,-,-,-,-,-,-,-,-,-,-,-,-,-,-,-,-,-,-,-,-,-,-,-,-,-,-,-,-,-
100300,T&M,116,CTPLATFORM,A8501946 - Outsourcing Contract - Time & Materials,Verizon Business Network Services,Verizon,Enterprise telecommunications services,8/30/26,8/31/31,VRM200142,"$231,700","$487,300","$644,800","$879,000",,N,Yes,0,"Eckman, Bradley T.",LOB Review,Budget owner confirmed,,,New,RTB,BC5100043,BC5100018,ATR730047,,5/18/26,8/1/26,900000300,62783692,,"$5,030,000",7800000300,,Jordan Lee,HOGAN CIS,748268,MarTech,C_Forecast,"DIV_1211 - Deposits, Operations and Debit Card Tech",5/27/26,"Tadas, Deepa P.",,,,,,,,,,"$55,800","$49,600","$45,300","$42,100","$38,900","$39,000","$39,000","$39,500","$39,400","$40,000","$39,300","$39,600","$39,800","$42,300","$43,300","$42,800","$43,300","$44,300","$43,600","$49,100","$50,800","$49,900","$50,700","$52,200","$51,900","$59,900","$61,900","$64,800","$65,700","$65,300","$66,500","$66,000","$65,200","$65,000","$66,200","$65,700","$65,700","$83,800","$87,200","$90,200","$92,200","$96,300","$95,400","$95,600","$95,900","$93,900","$93,300","$94,800","$95,300","$136,900","$144,400","$162,700","$165,800","$178,000","$174,500","$176,400","$176,200","$177,400","$177,900","$179,400","$177,100",-,-,-,-,-,-,-,-,-,-,-,-,-,-,-,-,-,-,-,-,-,-,-,-,-,-,-
100301,T&M,118,CTSB,A8501946 - Outsourcing Contract - Time & Materials,Infosys Limited,Infosys,Managed application support services enterprise agreement,8/11/26,8/31/32,VRM200207,"$162,300","$337,600","$454,600","$613,200",beeline#,Y,Yes,,"zz.Ejiofor, Justina",Analyst Review,Migration dependency tracked,,-,Commited,CTB,BC5100104,BC5100000,ATR730079,,1/4/26,1/24/26,900000301,87080284,,"$6,151,400",7800000301,,Jamie Chen,ACCLQ,254682,6417,C_Forecast,DIV_2637 - Consumer Payments,7/21/26,"Agarwal, Ushika",,,,,,,,,,"$39,300","$34,800","$31,700","$29,400","$27,100","$27,100","$27,100","$27,400","$27,300","$27,600","$27,100","$27,300","$27,500","$29,300","$30,000","$29,700","$30,200","$30,900","$30,500","$34,400","$35,700","$35,200","$35,800","$36,900","$36,700","$42,400","$43,800","$45,800","$46,500","$46,100","$46,800","$46,400","$45,700","$45,500","$46,300","$45,800","$45,700","$58,200","$60,500","$62,500","$63,700","$66,500","$65,900","$66,100","$66,300","$65,000","$64,700","$65,900","$66,400","$95,600","$101,100","$114,200","$116,700","$125,500","$123,200","$124,700","$124,600","$125,600","$125,900","$126,800","$125,100","$189,300","$196,000","$208,600","$216,900","$229,900","$232,800","$229,400","$227,600","$227,600","$221,400","$225,000","$223,400",-,-,-,-,-,-,-,-,-,-,-,-,-,-,-
100302,DEPR,113,CTSB,Fixed Assets (Peoplesoft) - DEPR,Accenture LLP,Accenture,Application development and consulting services renewal,8/10/26,8/31/28,VRM200119,"$116,700","$264,100","$205,700",-,,N,No,0,"Kollapally, Suraj",Execution Complete,Consolidated under enterprise agreement,,,New,CTB,BC5100015,BC5100015,ATR730028,,6/10/26,6/27/26,900000302,46625051,,"$586,500",7800000302,,Casey Rivera,SBLO,333588,6702,C_Forecast,DIV_2637 - Consumer Payments,3/5/26,"Tadas, Deepa P.",,,,,,,,,,"$27,700","$24,800","$22,800","$21,400","$20,000","$20,300","$20,500","$21,000","$21,100","$21,600","$21,400","$21,700","$21,900","$23,300","$23,900","$23,600","$23,800","$24,100","$23,500","$26,200","$26,800","$26,100","$26,200","$26,600","$26,200",-,-,-,-,-,-,-,-,-,-,-,-,-,-,-,-,-,-,-,-,-,-,-,-,-,-,-,-,-,-,-,-,-,-,-,-,-,-,-,-,-,-,-,-,-,-,-,-,-,-,-,-,-,-,-,-,-,-,-,-,-,-,-
100303,SAAS,124,CTBSTT,A8201904 - Software as a Service,Snowflake Inc.,Snowflake,Cloud data platform subscription renewal,8/31/26,8/31/31,VRM200166,"$144,100","$320,600","$403,800","$554,900",,N,Yes,4933,"S, Rajashekar",Finance - Confirming,Pending final statement of work,0,,Renewal,RTB,BC5100046,BC5100046,ATR730044,,3/10/26,4/10/26,900000303,22603137,,"$3,194,200",7800000303,,Dana Williams,HK,2187,3567,C_Forecast,DIV_2636 - Teller,2/17/26,"zz.Luloff, Julie",AST0700302,,,,,,,,,"$34,300","$30,600","$28,200","$26,400","$24,600","$24,900","$25,100","$25,600","$25,800","$26,300","$26,000","$26,300","$26,500","$28,200","$28,800","$28,400","$28,700","$29,100","$28,400","$31,800","$32,500","$31,700","$31,900","$32,500","$32,100","$36,700","$37,800","$39,400","$39,900","$39,700","$40,500","$40,400","$40,100","$40,300","$41,400","$41,400","$41,700","$53,700","$56,400","$58,800","$60,500","$63,600","$63,300","$63,700","$64,000","$62,600","$62,100","$62,800","$62,800","$89,600","$93,700","$104,600","$105,600","$112,200","$109,000","$109,300","$108,300","$108,500","$108,400","$109,000","$107,700",-,-,-,-,-,-,-,-,-,-,-,-,-,-,-,-,-,-,-,-,-,-,-,-,-,-,-
100304,DEPR,144,CTTOCIO,Fixed Assets (Peoplesoft) - DEPR,Adobe Inc.,Adobe,Digital experience platform subscription enterprise agreement,8/16/26,8/31/28,VRM200213,"$84,200","$184,700","$144,500",-,,N,Yes,,"Tadas, Deepa P.",Finance Review,Budget owner confirmed,,,Renewal,CTB,BC5100105,BC5100012,ATR730023,,12/22/25,3/16/26,900000304,55627280,,"$413,400",7800000304,,Jamie Chen,CORE,451734,8296,C_Forecast,DIV_1307 - Pmts Virt Sol Innov and Cons Bkg Tech Admin,3/14/26,"Kollapally, Suraj",,,,,,,,,,"$20,100","$17,900","$16,500","$15,400","$14,300","$14,500","$14,600","$14,800","$14,900","$15,200","$15,000","$15,100","$15,200","$16,200","$16,500","$16,300","$16,400","$16,700","$16,300","$18,300","$18,800","$18,300","$18,500","$18,900","$18,700",-,-,-,-,-,-,-,-,-,-,-,-,-,-,-,-,-,-,-,-,-,-,-,-,-,-,-,-,-,-,-,-,-,-,-,-,-,-,-,-,-,-,-,-,-,-,-,-,-,-,-,-,-,-,-,-,-,-,-,-,-,-,-
100305,FB,131,CTHLT,A8501947 - Consulting Services - Fixed Bid,Microsoft Corporation,Microsoft,Enterprise software subscriptions and support renewal,8/31/26,8/31/28,VRM200240,"$125,100","$269,700","$212,600",-,,N,Yes,0,"zz.Luloff, Julie",LOB Execution,Budget owner confirmed,0,,Renewal,CTB,BC5100069,BC5100069,ATR730067,,4/10/26,4/24/26,900000305,19302727,,"$607,400",7800000305,,Jamie Chen,HK,883831,MarTech,C_Forecast,DIV_1307 - Pmts Virt Sol Innov and Cons Bkg Tech Admin,6/14/26,"zz.Luloff, Julie",AST0700304,,,,,,,,,"$29,900","$26,700","$24,500","$22,800","$21,200","$21,300","$21,400","$21,800","$21,800","$22,200","$21,800","$22,000","$22,100","$23,500","$24,100","$23,700","$24,000","$24,400","$23,900","$26,800","$27,600","$27,000","$27,300","$27,900","$27,700",-,-,-,-,-,-,-,-,-,-,-,-,-,-,-,-,-,-,-,-,-,-,-,-,-,-,-,-,-,-,-,-,-,-,-,-,-,-,-,-,-,-,-,-,-,-,-,-,-,-,-,-,-,-,-,-,-,-,-,-,-,-,-
100306,SW,110,CTTOCIO,Fixed Assets (Peoplesoft) - SWL,Microsoft Corporation,Microsoft,Enterprise software subscriptions and support renewal,8/16/26,8/31/29,VRM200201,"$88,100","$187,700","$244,300","$199,500",,N,Yes,,"K, Srikantesh",New,Pricing validation in progress,,-,Renewal,CTB,BC5100096,BC5100096,ATR730079,Web Server,7/27/26,8/16/26,900000306,96829501,,"$719,600",7800000306,TFT,Reese Martin,WFIG,6340,8662,C_Forecast,DIV_2637 - Consumer Payments,2/26/26,"Tadas, Deepa P.",AST0700305,,,,,,,,,"$21,100","$18,800","$17,200","$16,100","$14,900","$14,900","$15,000","$15,200","$15,200","$15,400","$15,200","$15,300","$15,300","$16,300","$16,700","$16,500","$16,700","$17,000","$16,700","$18,700","$19,300","$19,000","$19,200","$19,700","$19,600","$22,600","$23,300","$24,400","$24,800","$24,600","$25,100","$25,000","$24,700","$24,700","$25,200","$25,100","$25,100",-,-,-,-,-,-,-,-,-,-,-,-,-,-,-,-,-,-,-,-,-,-,-,-,-,-,-,-,-,-,-,-,-,-,-,-,-,-,-,-,-,-,-,-,-,-,-,-,-,-,-
100307,DATA,113,CTHLT,A8590820 - Other Outside Data Processing,Microsoft Corporation,Microsoft,Enterprise software subscriptions and support renewal,8/27/26,8/31/33,VRM200166,"$86,400","$181,200","$239,900","$326,700",check investment date,Y,Yes,4933,"Kollapally, Suraj",Management Review,Pending final statement of work,,,Renewal,CTB,BC5100074,BC5100077,ATR730075,,3/11/26,5/17/26,900000307,55722352,,"$6,740,500",7800000307,TFT,Taylor Brooks,NAHAS,PO SR Required,MarTech,C_Forecast,DIV_2636 - Teller,6/3/26,"Agarwal, Ushika",,,,,,,,,,"$20,800","$18,500","$16,900","$15,700","$14,500","$14,500","$14,500","$14,700","$14,700","$14,900","$14,600","$14,700","$14,800","$15,700","$16,100","$15,900","$16,100","$16,500","$16,200","$18,300","$18,900","$18,600","$18,900","$19,400","$19,300","$22,300","$23,000","$24,100","$24,400","$24,300","$24,700","$24,500","$24,200","$24,200","$24,600","$24,400","$24,400","$31,200","$32,400","$33,500","$34,300","$35,800","$35,500","$35,500","$35,700","$34,900","$34,700","$35,200","$35,400","$50,900","$53,700","$60,500","$61,700","$66,200","$64,900","$65,600","$65,500","$66,000","$66,100","$66,700","$65,900","$99,800","$103,500","$110,400","$115,000","$122,200","$124,000","$122,500","$121,700","$122,000","$118,800","$120,900","$120,200","$205,200","$215,500","$222,400","$241,400","$325,000","$322,100","$323,000","$322,100","$319,900","$322,600","$323,800","$325,900",-,-,-
100308,SAAS,113,CTTOCIO,Fixed Assets (Peoplesoft) - SAAS,Verizon Business Network Services,Verizon,Enterprise telecommunications services,8/13/26,8/31/32,VRM200194,"$570,200","$1,186,200","$1,596,900","$2,154,800",,N,No,4933,"Kollapally, Suraj",Execution Complete,Budget owner confirmed,,,Renewal,CTB,BC5100115,BC5100104,ATR730078,Web Server,7/25/26,8/7/26,900000308,38976378,,"$21,612,600",7800000308,TFT,Taylor Brooks,CDP2C,594296,355,C_Forecast,DIV_2637 - Consumer Payments,5/22/26,"K, Srikantesh",,,,,,,,,,"$137,900","$122,300","$111,400","$103,300","$95,300","$95,400","$95,100","$96,100","$95,900","$97,100","$95,400","$96,100","$96,600","$102,800","$105,300","$104,400","$106,000","$108,500","$107,100","$121,000","$125,500","$123,500","$125,800","$129,500","$129,000","$148,900","$153,900","$161,000","$163,200","$161,900","$164,600","$163,200","$160,700","$159,900","$162,700","$160,900","$160,700","$204,400","$212,500","$219,400","$223,900","$233,800","$231,600","$232,100","$233,000","$228,500","$227,500","$231,400","$233,300","$335,900","$355,200","$401,100","$409,900","$440,800","$432,800","$438,200","$437,900","$441,200","$442,200","$445,600","$439,500","$665,000","$688,800","$733,000","$762,100","$807,700","$817,800","$806,000","$799,600","$799,800","$777,800","$790,400","$785,000",-,-,-,-,-,-,-,-,-,-,-,-,-,-,-
100309,FB,138,CTPLATFORM,A8501945 - Outsourcing Contract - Fixed Bid,AT&T Corp.,AT&T,Network and telecommunications services enterprise agreement,8/18/26,8/31/31,VRM200126,"$606,900","$1,372,500","$1,718,800","$2,346,800",,N,Yes,,"zz.Luloff, Julie",Finance - Managing,Budget owner confirmed,,,Renewal,CTB,BC5100049,BC5100049,ATR730051,,2/9/26,3/5/26,900000309,87698809,,"$13,599,700",7800000309,TFT,Casey Rivera,NAHAS,558048,1361,C_Forecast,DIV_1307 - Pmts Virt Sol Innov and Cons Bkg Tech Admin,2/12/26,"Matera, Jill",AST0700308,,,,,,,,,"$144,000","$128,900","$118,700","$111,300","$104,000","$105,400","$106,500","$108,900","$109,900","$112,400","$111,300","$112,800","$113,900","$121,300","$124,100","$122,500","$123,500","$125,300","$122,300","$136,400","$139,500","$135,400","$135,900","$138,200","$136,100","$155,600","$159,700","$166,200","$168,200","$167,000","$170,400","$169,900","$168,700","$169,500","$174,400","$174,600","$176,600","$227,600","$239,600","$250,300","$258,200","$272,000","$271,400","$273,300","$275,000","$269,500","$267,600","$270,600","$270,600","$385,500","$402,700","$448,600","$452,000","$479,300","$464,200","$464,300","$459,200","$458,900","$457,400","$459,500","$453,100",-,-,-,-,-,-,-,-,-,-,-,-,-,-,-,-,-,-,-,-,-,-,-,-,-,-,-
100310,DATA,131,CTPLATFORM,A8590820 - Other Outside Data Processing,Infosys Limited,Infosys,Managed application support services enterprise agreement,8/16/26,8/31/29,VRM200137,"$449,600","$1,000,700","$1,259,900","$1,015,600",,N,Yes,0,"Eckman, Bradley T.",LOB Review,No action required,0,,Commited,CTB,BC5100079,BC5100079,ATR730061,,12/29/25,7/15/26,900000310,59052659,,"$3,725,800",7800000310,TFT,Riley Kim,SBLO,5292,5051,C_Forecast,DIV_2637 - Consumer Payments,2/11/26,"Tadas, Deepa P.",,,,,,,,,,"$106,900","$95,600","$87,900","$82,400","$76,800","$77,700","$78,300","$79,900","$80,500","$82,100","$81,100","$82,100","$82,700","$88,000","$90,000","$88,800","$89,500","$90,900","$88,700","$99,100","$101,600","$98,800","$99,400","$101,300","$100,000","$114,600","$117,900","$123,000","$124,600","$123,900","$126,400","$126,100","$125,200","$125,600","$129,100","$129,000","$130,300",-,-,-,-,-,-,-,-,-,-,-,-,-,-,-,-,-,-,-,-,-,-,-,-,-,-,-,-,-,-,-,-,-,-,-,-,-,-,-,-,-,-,-,-,-,-,-,-,-,-,-
100315,SW,143,CTTOCIO,A8200050 - Software License,Infosys Limited,Infosys,Managed application support services enterprise agreement,8/31/26,2/29/28,VRM200121,"$146,400","$304,500","$55,400",-,beeline#,Y,Yes,,"Eckman, Bradley T.",New,Migration dependency tracked,,,Commited,CTB,BC5100076,BC5100076,ATR730067,Web Server,3/28/26,4/3/26,900000315,19838691,,"$506,300",7800000315,,Jamie Chen,AMT/ePIC,278315,8499,C_Forecast,DIV_1548 - Pmts Virt Sol Innov Platform Management,5/3/26,"Eckman, Bradly T.",AST0700314,,,,,,,,,"$35,400","$31,400","$28,600","$26,500","$24,500","$24,500","$24,400","$24,700","$24,600","$24,900","$24,500","$24,700","$24,800","$26,400","$27,000","$26,800","$27,200","$27,900","$27,500",-,-,-,-,-,-,-,-,-,-,-,-,-,-,-,-,-,-,-,-,-,-,-,-,-,-,-,-,-,-,-,-,-,-,-,-,-,-,-,-,-,-,-,-,-,-,-,-,-,-,-,-,-,-,-,-,-,-,-,-,-,-,-,-,-,-,-,-,-
100320,DATA,123,CTSB,A8590820 - Other Outside Data Processing,Broadcom Inc.,Broadcom,Infrastructure software maintenance renewal,8/25/26,8/31/27,VRM200112,"$178,900","$246,600",-,-,,N,Yes,,"Kollapally, Suraj",Management Review,Budget owner confirmed,0,,Renewal,CTB,BC5100041,BC5100041,ATR730044,,3/20/26,4/18/26,900000320,55957750,,"$425,500",7800000320,,Alex Morgan,QLTRCS,8305,9052,C_Forecast,DIV_1550 - Branch Operations Enablement,3/6/26,System,AST0700319,,,,,,,,,"$42,900","$38,200","$35,000","$32,600","$30,200","$30,300","$30,400","$30,800","$30,800","$31,300","$30,800","$31,000","$31,200",-,-,-,-,-,-,-,-,-,-,-,-,-,-,-,-,-,-,-,-,-,-,-,-,-,-,-,-,-,-,-,-,-,-,-,-,-,-,-,-,-,-,-,-,-,-,-,-,-,-,-,-,-,-,-,-,-,-,-,-,-,-,-,-,-,-,-,-,-,-,-,-,-,-,-
100311,FB,138,CTBSTT,A8501945 - Outsourcing Contract - Fixed Bid,"Salesforce, Inc.",Salesforce,Customer relationship management platform enterprise agreement,8/14/26,8/31/28,VRM200169,"$183,300","$401,900","$314,000",-,,N,Yes,4933,"zz.Brennecke, Jana",LOB Execution,Vendor onboarding completed,,,Commited,RTB,BC5100077,BC5100077,ATR730019,,5/23/26,6/10/26,900000311,29755521,,"$899,200",7800000311,,Morgan Patel,RADIA,1592,5252,C_Forecast,DIV_3055 - Cybersecurity Platform Services,3/14/26,"Agarwal, Ushika",AST0700310,,,,,,,,,"$43,700","$39,000","$35,900","$33,500","$31,200","$31,500","$31,700","$32,300","$32,400","$33,000","$32,600","$32,900","$33,100","$35,200","$35,900","$35,500","$35,800","$36,300","$35,500","$39,800","$40,800","$39,800","$40,200","$41,000","$40,600",-,-,-,-,-,-,-,-,-,-,-,-,-,-,-,-,-,-,-,-,-,-,-,-,-,-,-,-,-,-,-,-,-,-,-,-,-,-,-,-,-,-,-,-,-,-,-,-,-,-,-,-,-,-,-,-,-,-,-,-,-,-,-
100312,SAAS,117,CTCPR,Fixed Assets (Peoplesoft) - SAAS,Deloitte Consulting LLP,Deloitte,Technology consulting services renewal,8/29/26,8/31/29,VRM200178,"$323,800","$698,800","$897,600","$732,200",VRM Status/beeline#,Y,Yes,0,"Tadas, Deepa P.",Submitted to Sponsor,Security assessment completed,,,Commited,RTB,BC5100013,BC5100013,ATR730013,,8/2/26,8/29/26,900000312,54212544,,"$2,652,400",7800000312,,Morgan Patel,CCS,4445,6452,C_Forecast,DIV_2637 - Consumer Payments,3/24/26,"Matera, Jill",,,,,,,,,,"$77,400","$69,100","$63,300","$59,100","$54,900","$55,300","$55,500","$56,400","$56,500","$57,400","$56,500","$57,000","$57,300","$61,000","$62,300","$61,500","$62,100","$63,200","$61,900","$69,400","$71,400","$69,800","$70,600","$72,300","$71,700","$82,600","$85,200","$89,100","$90,400","$89,900","$91,700","$91,400","$90,500","$90,600","$92,800","$92,400","$92,900",-,-,-,-,-,-,-,-,-,-,-,-,-,-,-,-,-,-,-,-,-,-,-,-,-,-,-,-,-,-,-,-,-,-,-,-,-,-,-,-,-,-,-,-,-,-,-,-,-,-,-
100313,SW,112,CTDLR,Fixed Assets (Peoplesoft) - SWL,FIS Global,FIS,Banking platform software and services,8/17/26,8/31/29,VRM200140,"$420,200","$894,000","$1,164,700","$951,000",check investment date,Y,Yes,,"Kollapally, Suraj",Analyst Review,Security assessment completed,,,New,CTB,BC5100057,BC5100057,ATR730024,Web Server,1/21/26,3/18/26,900000313,75471773,,"$3,429,900",7800000313,TFT,Morgan Patel,CCS,459933,1522,C_Forecast,DIV_1550 - Branch Operations Enablement,4/21/26,"Abiodun, Dare",AST0700312,,,,,,,,,"$100,800","$89,800","$82,200","$76,500","$70,900","$71,200","$71,300","$72,300","$72,400","$73,400","$72,200","$72,800","$73,200","$77,800","$79,500","$78,500","$79,400","$80,900","$79,500","$89,400","$92,200","$90,300","$91,600","$94,000","$93,400","$107,700","$111,200","$116,400","$118,100","$117,400","$119,700","$119,100","$117,800","$117,600","$120,200","$119,400","$119,800",-,-,-,-,-,-,-,-,-,-,-,-,-,-,-,-,-,-,-,-,-,-,-,-,-,-,-,-,-,-,-,-,-,-,-,-,-,-,-,-,-,-,-,-,-,-,-,-,-,-,-
100314,SAAS,133,CTHLT,Fixed Assets (Peoplesoft) - SAAS,Snowflake Inc.,Snowflake,Cloud data platform subscription enterprise agreement,8/10/26,8/31/32,VRM200218,"$176,000","$369,700","$489,400","$666,800",,N,Yes,,"Eckman, Bradley T.",LOB Execution,Legal review pending,,,Commited,RTB,BC5100043,BC5100043,ATR730064,,5/23/26,6/22/26,900000314,92039990,,"$6,675,100",7800000314,,Cameron Smith,LO - SHAW-APP,PO SR Required,172,C_Forecast,DIV_1307 - Pmts Virt Sol Innov and Cons Bkg Tech Admin,1/15/26,"K, Srikantesh",,,,,,,,,,"$42,400","$37,700","$34,400","$32,000","$29,500","$29,600","$29,600","$30,000","$29,900","$30,300","$29,800","$30,000","$30,200","$32,100","$32,800","$32,500","$32,900","$33,600","$33,100","$37,300","$38,600","$37,900","$38,500","$39,600","$39,400","$45,400","$47,000","$49,100","$49,900","$49,500","$50,400","$50,100","$49,400","$49,300","$50,300","$49,800","$49,900","$63,600","$66,200","$68,400","$69,900","$73,000","$72,400","$72,500","$72,800","$71,200","$70,800","$71,900","$72,300","$103,800","$109,500","$123,400","$125,800","$135,000","$132,400","$133,800","$133,700","$134,600","$135,000","$136,100","$134,400","$203,600","$211,300","$225,300","$234,700","$249,300","$253,000","$249,900","$248,400","$248,900","$242,500","$246,700","$245,200",-,-,-,-,-,-,-,-,-,-,-,-,-,-,-
100316,SW,141,CTCPR,A8200045 - Software Maintenance,IBM Corporation,IBM,Mainframe software and technical support,8/16/26,8/31/30,VRM200234,"$346,200","$782,700","$980,200","$1,338,600",,N,Yes,,"Tadas, Deepa P.",Finance - Managing,Pending final statement of work,,,New,CTB,BC5100051,BC5100051,ATR730006,,2/4/26,8/11/26,900000316,13455451,,"$4,685,300",7800000316,,Priya Shah,SMT#2452 & SR#SR1994083716,5766,7551,C_Forecast,DIV_1548 - Pmts Virt Sol Innov Platform Management,6/25/26,System,AST0700315,,,,,,,,,"$82,200","$73,500","$67,700","$63,500","$59,300","$60,100","$60,700","$62,100","$62,700","$64,100","$63,500","$64,300","$64,900","$69,200","$70,800","$69,900","$70,400","$71,500","$69,700","$77,800","$79,600","$77,200","$77,500","$78,800","$77,600","$88,700","$91,100","$94,800","$95,900","$95,200","$97,200","$96,900","$96,200","$96,700","$99,500","$99,600","$100,700","$129,800","$136,700","$142,800","$147,300","$155,100","$154,800","$155,900","$156,900","$153,700","$152,600","$154,300","$154,300",-,-,-,-,-,-,-,-,-,-,-,-,-,-,-,-,-,-,-,-,-,-,-,-,-,-,-,-,-,-,-,-,-,-,-,-,-,-,-
100317,SAAS,125,CTTOCIO,Fixed Assets (Peoplesoft) - SAAS,"Amazon Web Services, Inc.",AWS,Cloud infrastructure and managed services renewal,8/26/26,8/31/31,VRM200135,"$96,700","$215,600","$271,400","$373,100",,N,Yes,0,"Eckman, Bradley T.",Analyst Review,Security assessment completed,0,,Commited,RTB,BC5100013,BC5100013,ATR730079,Web Server,7/3/26,7/23/26,900000317,70942408,,"$2,147,000",7800000317,,Riley Kim,CDP2C,959295,7605,C_Forecast,DIV_2714 - Enterprise Data Platforms,7/8/26,"Agarwal, Ushika",,,,,,,,,,"$23,000","$20,600","$18,900","$17,700","$16,500","$16,700","$16,900","$17,200","$17,300","$17,700","$17,500","$17,700","$17,800","$19,000","$19,400","$19,100","$19,300","$19,600","$19,100","$21,400","$21,900","$21,300","$21,400","$21,800","$21,500","$24,700","$25,400","$26,500","$26,800","$26,700","$27,200","$27,200","$27,000","$27,100","$27,800","$27,800","$28,100","$36,100","$37,900","$39,500","$40,700","$42,800","$42,600","$42,800","$43,000","$42,100","$41,800","$42,200","$42,200","$60,200","$63,000","$70,300","$71,000","$75,400","$73,200","$73,400","$72,800","$72,900","$72,800","$73,300","$72,400",-,-,-,-,-,-,-,-,-,-,-,-,-,-,-,-,-,-,-,-,-,-,-,-,-,-,-
100318,FB,127,CTSB,A8501945 - Outsourcing Contract - Fixed Bid,Snowflake Inc.,Snowflake,Cloud data platform subscription,8/18/26,8/31/28,VRM200224,"$282,700","$619,300","$484,300",-,,N,Yes,,"Tadas, Deepa P.",Analyst Review,Vendor onboarding completed,0,,Renewal,CTB,BC5100092,BC5100092,ATR730062,,4/10/26,6/2/26,900000318,62962370,,"$1,386,300",7800000318,,Jordan Lee,HK,9459,MarTech,C_Forecast,DIV_2921 - Cloud Infrastructure Engineering,5/14/26,"Ashwathappa, Rakesh",AST0700317,,,,,,,,,"$67,400","$60,200","$55,300","$51,700","$48,100","$48,600","$48,800","$49,700","$50,000","$50,900","$50,200","$50,700","$51,000","$54,200","$55,400","$54,700","$55,100","$56,000","$54,800","$61,300","$63,000","$61,400","$61,900","$63,300","$62,600",-,-,-,-,-,-,-,-,-,-,-,-,-,-,-,-,-,-,-,-,-,-,-,-,-,-,-,-,-,-,-,-,-,-,-,-,-,-,-,-,-,-,-,-,-,-,-,-,-,-,-,-,-,-,-,-,-,-,-,-,-,-,-
100319,SW,141,CTEDP,A8200045 - Software Maintenance,Microsoft Corporation,Microsoft,Enterprise software subscriptions and support renewal,8/26/26,8/31/32,VRM200166,"$247,600","$534,400","$686,800","$946,200",,N,Yes,0,"zz.Ejiofor, Justina",New,Budget owner confirmed,,,Renewal,CTB,BC5100116,BC5100116,ATR730079,,8/9/26,8/20/26,900000319,44410312,,"$9,468,500",7800000319,,Dana Williams,LVRMP,524360,7557,C_Forecast,DIV_1307 - Pmts Virt Sol Innov and Cons Bkg Tech Admin,2/5/26,"Eckman, Bradly T.",AST0700318,,,,,,,,,"$59,200","$52,800","$48,400","$45,200","$42,000","$42,300","$42,400","$43,100","$43,200","$43,900","$43,300","$43,600","$43,900","$46,600","$47,600","$47,000","$47,500","$48,300","$47,300","$53,100","$54,700","$53,400","$54,000","$55,300","$54,900","$63,200","$65,200","$68,200","$69,200","$68,800","$70,200","$69,900","$69,300","$69,300","$71,000","$70,700","$71,000","$91,000","$95,100","$98,700","$101,200","$106,000","$105,200","$105,500","$105,800","$103,500","$102,700","$103,900","$104,200","$149,000","$156,400","$175,300","$177,800","$189,900","$185,300","$186,700","$185,900","$186,900","$187,200","$188,800","$186,500","$283,100","$294,500","$315,100","$329,500","$351,500","$358,300","$355,500","$354,900","$357,200","$349,300","$356,600","$355,500",-,-,-,-,-,-,-,-,-,-,-,-,-,-,-
100348,SW,139,CTTOCIO,Fixed Assets (Peoplesoft) - SWL,Snowflake Inc.,Snowflake,Cloud data platform subscription,8/23/26,8/31/27,VRM200174,"$237,300","$327,000",-,-,VRM status,Y,Yes,,"Eckman, Bradley T.",LOB Review,Security assessment completed,,-,New,CTB,BC5100102,BC5100088,ATR730072,,1/2/26,4/10/26,900000348,30120510,,"$564,300",7800000348,,Casey Rivera,BDCMS,PO SR Required,5665,C_Forecast,DIV_2714 - Enterprise Data Platforms,2/26/26,"Matera, Jill",AST0700347,,,,,,,,,"$56,900","$50,700","$46,400","$43,200","$40,100","$40,200","$40,300","$40,900","$40,900","$41,500","$40,800","$41,100","$41,300",-,-,-,-,-,-,-,-,-,-,-,-,-,-,-,-,-,-,-,-,-,-,-,-,-,-,-,-,-,-,-,-,-,-,-,-,-,-,-,-,-,-,-,-,-,-,-,-,-,-,-,-,-,-,-,-,-,-,-,-,-,-,-,-,-,-,-,-,-,-,-,-,-,-,-
100321,DATA,123,CTDLR,A8590820 - Other Outside Data Processing,"Datadog, Inc.",Datadog,Cloud monitoring and observability subscription,8/21/26,8/31/29,VRM200191,"$221,200","$464,600","$615,300","$501,400",type/start,Y,Yes,,"Eckman, Bradley T.",Finance - Managing,Legal review pending,,,New,RTB,BC5100115,BC5100020,ATR730039,,3/10/26,7/5/26,900000321,65298643,,"$1,802,500",7800000321,,Morgan Patel,NAHAS,9142,3493,C_Forecast,"DIV_1211 - Deposits, Operations and Debit Card Tech",2/19/26,"Kollapally, Suraj",AST0700320,,,,,,,,,"$53,300","$47,300","$43,200","$40,200","$37,200","$37,200","$37,200","$37,700","$37,600","$38,100","$37,500","$37,700","$37,900","$40,300","$41,300","$40,800","$41,300","$42,300","$41,600","$46,900","$48,500","$47,600","$48,400","$49,800","$49,500","$57,100","$59,100","$61,800","$62,700","$62,300","$63,400","$63,000","$62,200","$62,000","$63,200","$62,600","$62,700",-,-,-,-,-,-,-,-,-,-,-,-,-,-,-,-,-,-,-,-,-,-,-,-,-,-,-,-,-,-,-,-,-,-,-,-,-,-,-,-,-,-,-,-,-,-,-,-,-,-,-
100322,SW,112,CTCCPTPYMTS,A8200045 - Software Maintenance,Infosys Limited,Infosys,Managed application support services enterprise agreement,8/20/26,8/31/29,VRM200234,"$443,800","$922,900","$1,242,900","$1,007,400",,N,Yes,0,"zz.Brennecke, Jana",Management Review,Security assessment completed,,,Commited,RTB,BC5100111,BC5100111,ATR730075,,1/13/26,7/23/26,900000322,87801648,,"$3,617,000",7800000322,TFT,Priya Shah,LO - SHAW-APP,1592,MarTech,C_Forecast,DIV_2383 - Consumer Lending Technology Architecture,1/11/26,"K, Srikantesh",,,,,,,,,,"$107,300","$95,200","$86,700","$80,400","$74,200","$74,200","$74,000","$74,800","$74,600","$75,500","$74,200","$74,700","$75,200","$80,000","$82,000","$81,200","$82,500","$84,500","$83,300","$94,200","$97,700","$96,100","$97,900","$100,800","$100,400","$115,900","$119,800","$125,300","$127,000","$126,000","$128,100","$127,000","$125,100","$124,400","$126,600","$125,200","$125,000",-,-,-,-,-,-,-,-,-,-,-,-,-,-,-,-,-,-,-,-,-,-,-,-,-,-,-,-,-,-,-,-,-,-,-,-,-,-,-,-,-,-,-,-,-,-,-,-,-,-,-
100323,SW,129,CTPLATFORM,A8200045 - Software Maintenance,Microsoft Corporation,Microsoft,Enterprise software subscriptions and support enterprise agreement,8/21/26,8/31/32,VRM200208,"$124,800","$282,300","$353,800","$482,900",,N,Yes,,"Kollapally, Suraj",Submitted to Sponsor,Legal review pending,,,Renewal,CTB,BC5100035,BC5100035,ATR730010,Web Server,4/16/26,5/16/26,900000323,65298643,,"$4,872,400",7800000323,TFT,Cameron Smith,ACCLQ,423601,2900,C_Forecast,DIV_2636 - Teller,8/7/26,"Tadas, Deepa P.",AST0700322,,,,,,,,,"$29,600","$26,500","$24,400","$22,900","$21,400","$21,700","$21,900","$22,400","$22,600","$23,100","$22,900","$23,200","$23,400","$25,000","$25,500","$25,200","$25,400","$25,800","$25,200","$28,100","$28,700","$27,900","$28,000","$28,400","$28,000","$32,000","$32,900","$34,200","$34,600","$34,400","$35,100","$35,000","$34,700","$34,900","$35,900","$35,900","$36,300","$46,800","$49,300","$51,500","$53,100","$56,000","$55,800","$56,200","$56,600","$55,500","$55,000","$55,700","$55,700","$79,300","$82,800","$92,300","$93,000","$98,600","$95,500","$95,500","$94,500","$94,400","$94,100","$94,500","$93,200","$141,400","$147,200","$157,700","$165,500","$177,300","$181,600","$181,300","$182,200","$184,600","$181,700","$186,700","$187,200",-,-,-,-,-,-,-,-,-,-,-,-,-,-,-
100330,FB,124,CTSB,A8501947 - Consulting Services - Fixed Bid,Snowflake Inc.,Snowflake,Cloud data platform subscription enterprise agreement,8/12/26,8/31/27,VRM200209,"$356,500","$517,500",-,-,,N,Yes,,"K, Srikantesh",LOB Execution,No action required,,,Renewal,RTB,BC5100100,BC5100100,ATR730048,,7/25/26,7/30/26,900000330,56815272,,"$874,000",7800000330,,Casey Rivera,ICEDQ,862055,6522,C_Forecast,DIV_1550 - Branch Operations Enablement,8/7/26,"Matera, Jill",,,,,,,,,,"$84,600","$75,700","$69,700","$65,400","$61,100","$61,900","$62,500","$64,000","$64,500","$66,000","$65,400","$66,300","$66,900",-,-,-,-,-,-,-,-,-,-,-,-,-,-,-,-,-,-,-,-,-,-,-,-,-,-,-,-,-,-,-,-,-,-,-,-,-,-,-,-,-,-,-,-,-,-,-,-,-,-,-,-,-,-,-,-,-,-,-,-,-,-,-,-,-,-,-,-,-,-,-,-,-,-,-
100324,OEM,126,CTPLATFORM,Fixed Assets (Peoplesoft) - OEM,"Oracle America, Inc.",Oracle,Database platform licensing and maintenance,8/10/26,8/31/30,VRM200229,"$47,500","$105,700","$132,900","$182,600",,N,Yes,,"zz.Brennecke, Jana",Finance Review,Budget owner confirmed,,-,New,CTB,BC5100087,BC5100087,ATR730061,Web Server,1/12/26,4/4/26,900000324,46466960,,"$634,900",7800000324,TFT,Riley Kim,LO - SHAW-APP,PO SR Required,1863,C_Forecast,DIV_2714 - Enterprise Data Platforms,2/19/26,"Tadas, Deepa P.",,,,,,,,,,"$11,300","$10,100","$9,300","$8,700","$8,100","$8,200","$8,300","$8,400","$8,500","$8,700","$8,600","$8,700","$8,700","$9,300","$9,500","$9,400","$9,400","$9,600","$9,400","$10,500","$10,700","$10,400","$10,500","$10,700","$10,500","$12,100","$12,400","$13,000","$13,100","$13,100","$13,300","$13,300","$13,200","$13,200","$13,600","$13,600","$13,700","$17,700","$18,600","$19,400","$19,900","$20,900","$20,800","$21,000","$21,100","$20,600","$20,400","$20,700","$20,700",-,-,-,-,-,-,-,-,-,-,-,-,-,-,-,-,-,-,-,-,-,-,-,-,-,-,-,-,-,-,-,-,-,-,-,-,-,-,-
100325,DEPR,142,CTDLR,Fixed Assets (Peoplesoft) - DEPR,IBM Corporation,IBM,Mainframe software and technical support,8/30/26,8/31/30,VRM200110,"$27,600","$60,300","$76,500","$105,600",,N,Yes,,"zz.Brennecke, Jana",New,Pending final statement of work,,,New,RTB,BC5100063,BC5100063,ATR730003,,1/25/26,3/28/26,900000325,31359861,,"$364,600",7800000325,,Priya Shah,AIM,496199,MarTech,C_Forecast,DIV_1550 - Branch Operations Enablement,4/9/26,"Matera, Jill",,,,,,,,,,"$6,600","$5,900","$5,400","$5,000","$4,700","$4,700","$4,800","$4,800","$4,900","$4,900","$4,900","$4,900","$5,000","$5,300","$5,400","$5,300","$5,400","$5,500","$5,300","$6,000","$6,100","$6,000","$6,000","$6,200","$6,100","$7,000","$7,200","$7,500","$7,600","$7,600","$7,800","$7,700","$7,700","$7,700","$7,900","$7,900","$7,900","$10,200","$10,700","$11,100","$11,400","$12,000","$11,900","$11,900","$12,000","$11,700","$11,600","$11,700","$11,800",-,-,-,-,-,-,-,-,-,-,-,-,-,-,-,-,-,-,-,-,-,-,-,-,-,-,-,-,-,-,-,-,-,-,-,-,-,-,-
100326,SAAS,131,CTCCPTPYMTS,A8201904 - Software as a Service,"ServiceNow, Inc.",ServiceNow,IT service management subscription enterprise agreement,8/19/26,8/31/33,VRM200206,"$36,100","$78,100","$100,300","$138,100",,N,Yes,4933,"Kollapally, Suraj",LOB Execution,Legal review pending,,,Renewal,RTB,BC5100083,BC5100083,ATR730038,,7/8/26,7/9/26,900000326,25246458,,"$2,867,300",7800000326,,Alex Morgan,WFIG,983806,MarTech,C_Forecast,DIV_3188 - Marketing Technology Enablement,4/8/26,"Kollapally, Suraj",AST0700325,,,,,,,,,"$8,600","$7,700","$7,100","$6,600","$6,100","$6,200","$6,200","$6,300","$6,300","$6,400","$6,300","$6,400","$6,400","$6,800","$7,000","$6,900","$6,900","$7,100","$6,900","$7,800","$8,000","$7,800","$7,900","$8,100","$8,000","$9,200","$9,500","$9,900","$10,100","$10,000","$10,200","$10,200","$10,100","$10,100","$10,400","$10,300","$10,400","$13,300","$13,900","$14,400","$14,800","$15,500","$15,400","$15,400","$15,400","$15,100","$15,000","$15,200","$15,200","$21,700","$22,800","$25,600","$25,900","$27,700","$27,000","$27,300","$27,100","$27,300","$27,300","$27,500","$27,200","$41,300","$43,000","$46,000","$48,100","$51,300","$52,300","$51,900","$51,800","$52,100","$51,000","$52,000","$51,900","$88,800","$93,300","$96,400","$104,500","$140,500","$138,900","$138,800","$137,800","$136,300","$136,700","$136,600","$136,800",-,-,-
100362,FB,111,CTBSTT,A8501945 - Outsourcing Contract - Fixed Bid,"Cisco Systems, Inc.",Cisco,Network hardware maintenance and support,8/9/26,2/29/28,VRM200167,"$506,100","$1,077,000","$193,200",-,,N,Yes,0,"Eckman, Bradley T.",Management Review,Migration dependency tracked,,-,New,RTB,BC5100108,BC5100108,ATR730000,,1/11/26,5/3/26,900000362,25246458,,"$1,776,300",7800000362,,Dana Williams,DCSN,207707,4512,C_Forecast,DIV_1548 - Pmts Virt Sol Innov Platform Management,2/20/26,"Abiodun, Dare",AST0700361,,,,,,,,,"$121,400","$108,100","$99,000","$92,200","$85,400","$85,800","$85,900","$87,200","$87,200","$88,500","$87,000","$87,700","$88,100","$93,700","$95,700","$94,600","$95,600","$97,500","$95,700",-,-,-,-,-,-,-,-,-,-,-,-,-,-,-,-,-,-,-,-,-,-,-,-,-,-,-,-,-,-,-,-,-,-,-,-,-,-,-,-,-,-,-,-,-,-,-,-,-,-,-,-,-,-,-,-,-,-,-,-,-,-,-,-,-,-,-,-,-
100327,T&M,137,CTADMIN,A8501946 - Outsourcing Contract - Time & Materials,"ServiceNow, Inc.",ServiceNow,IT service management subscription,8/23/26,8/31/29,VRM200131,"$43,400","$92,500","$120,300","$98,300",,N,Yes,0,"K, Srikantesh",Finance Review,Budget owner confirmed,,-,New,RTB,BC5100041,BC5100041,ATR730025,,3/31/26,4/27/26,900000327,10982877,,"$354,500",7800000327,TFT,Reese Martin,PWDW,5368,MarTech,C_Forecast,DIV_2921 - Cloud Infrastructure Engineering,5/27/26,"Ashwathappa, Rakesh",AST0700326,,,,,,,,,"$10,400","$9,300","$8,500","$7,900","$7,300","$7,400","$7,400","$7,500","$7,500","$7,600","$7,500","$7,500","$7,600","$8,000","$8,200","$8,100","$8,200","$8,400","$8,200","$9,200","$9,500","$9,300","$9,500","$9,700","$9,700","$11,100","$11,500","$12,000","$12,200","$12,100","$12,400","$12,300","$12,200","$12,200","$12,400","$12,300","$12,400",-,-,-,-,-,-,-,-,-,-,-,-,-,-,-,-,-,-,-,-,-,-,-,-,-,-,-,-,-,-,-,-,-,-,-,-,-,-,-,-,-,-,-,-,-,-,-,-,-,-,-
100328,SAAS,120,CTSB,A8201904 - Software as a Service,Tata Consultancy Services,TCS,Application maintenance and delivery services renewal,8/15/26,8/31/30,VRM200134,"$270,100","$567,300","$751,200","$1,023,600",,N,No,,"zz.Ejiofor, Justina",Execution Complete,Renewal documentation completed,0,,New,RTB,BC5100032,BC5100032,ATR730047,Web Server,7/28/26,7/31/26,900000328,46343223,,"$3,497,900",7800000328,TFT,Jordan Lee,CFMS,111783,4026,C_Forecast,DIV_2714 - Enterprise Data Platforms,1/13/26,"Kollapally, Suraj",AST0700327,,,,,,,,,"$65,000","$57,800","$52,800","$49,100","$45,400","$45,500","$45,400","$46,000","$45,900","$46,500","$45,700","$46,100","$46,300","$49,200","$50,400","$49,800","$50,500","$51,600","$50,800","$57,200","$59,200","$58,200","$59,100","$60,800","$60,500","$69,800","$72,100","$75,400","$76,500","$76,000","$77,400","$76,900","$75,900","$75,700","$77,100","$76,500","$76,500","$97,600","$101,600","$105,100","$107,300","$112,100","$111,100","$111,300","$111,700","$109,400","$108,700","$110,400","$111,000",-,-,-,-,-,-,-,-,-,-,-,-,-,-,-,-,-,-,-,-,-,-,-,-,-,-,-,-,-,-,-,-,-,-,-,-,-,-,-
100329,SAAS,115,CTEDP,A8201904 - Software as a Service,"Salesforce, Inc.",Salesforce,Customer relationship management platform renewal,8/23/26,8/31/33,VRM200170,"$617,600","$1,284,300","$1,729,500","$2,333,500",,N,Yes,0,"S, Rajashekar",Finance - Managing,Security assessment completed,,,Commited,RTB,BC5100098,BC5100098,ATR730032,,5/29/26,6/19/26,900000329,78936751,,"$48,141,600",7800000329,,Reese Martin,MOD,PO SR Required,3339,C_Forecast,DIV_2636 - Teller,2/15/26,System,,,,,,,,,,"$149,300","$132,500","$120,700","$111,900","$103,200","$103,300","$103,000","$104,100","$103,800","$105,100","$103,300","$104,000","$104,600","$111,300","$114,100","$113,000","$114,700","$117,500","$115,900","$131,100","$135,900","$133,800","$136,200","$140,200","$139,700","$161,300","$166,700","$174,400","$176,800","$175,300","$178,300","$176,700","$174,100","$173,100","$176,200","$174,200","$174,000","$221,400","$230,100","$237,600","$242,500","$253,200","$250,800","$251,300","$252,400","$247,400","$246,400","$250,600","$252,600","$363,800","$384,700","$434,400","$443,900","$477,400","$468,700","$474,600","$474,300","$477,800","$478,900","$482,600","$476,000","$720,100","$745,900","$793,800","$825,300","$874,700","$885,600","$872,900","$865,900","$866,100","$842,300","$855,900","$850,100","$1,451,000","$1,523,800","$1,573,900","$1,709,500","$2,305,200","$2,289,400","$2,300,500","$2,299,400","$2,290,000","$2,315,200","$2,329,200","$2,349,200",-,-,-
100357,OEM,138,CTBSTT,Fixed Assets (Peoplesoft) - OEM,FIS Global,FIS,Banking platform software and services,8/25/26,2/29/28,VRM200116,"$107,800","$224,000","$40,700",-,,N,Yes,,"K, Srikantesh",Finance Review,Invoice schedule under review,0,-,Renewal,CTB,BC5100022,BC5100029,ATR730013,,8/7/26,8/7/26,900000357,98972153,,"$372,500",7800000357,,Dana Williams,AMT/ePIC,PO SR Required,MarTech,C_Forecast,DIV_2714 - Enterprise Data Platforms,8/7/26,"Eckman, Bradly T.",AST0700356,,,,,,,,,"$26,100","$23,100","$21,100","$19,500","$18,000","$18,000","$18,000","$18,200","$18,100","$18,300","$18,000","$18,200","$18,200","$19,400","$19,900","$19,700","$20,000","$20,500","$20,200",-,-,-,-,-,-,-,-,-,-,-,-,-,-,-,-,-,-,-,-,-,-,-,-,-,-,-,-,-,-,-,-,-,-,-,-,-,-,-,-,-,-,-,-,-,-,-,-,-,-,-,-,-,-,-,-,-,-,-,-,-,-,-,-,-,-,-,-,-
100331,DATA,116,CTCPR,A8590820 - Other Outside Data Processing,Verizon Business Network Services,Verizon,Enterprise telecommunications services renewal,8/16/26,2/29/28,VRM200229,"$89,600","$199,500","$35,800",-,,N,Yes,0,"zz.Brennecke, Jana",Analyst Review,Pricing validation in progress,,-,Renewal,RTB,BC5100016,BC5100016,ATR730008,,4/7/26,6/21/26,900000331,51060710,,"$324,900",7800000331,,Alex Morgan,SMT#2452 & SR#SR1994083716,812475,8966,C_Forecast,DIV_1548 - Pmts Virt Sol Innov Platform Management,8/7/26,"Agarwal, Ushika",,,,,,,,,,"$21,300","$19,100","$17,500","$16,400","$15,300","$15,500","$15,600","$15,900","$16,000","$16,400","$16,200","$16,400","$16,500","$17,600","$17,900","$17,700","$17,800","$18,100","$17,700",-,-,-,-,-,-,-,-,-,-,-,-,-,-,-,-,-,-,-,-,-,-,-,-,-,-,-,-,-,-,-,-,-,-,-,-,-,-,-,-,-,-,-,-,-,-,-,-,-,-,-,-,-,-,-,-,-,-,-,-,-,-,-,-,-,-,-,-,-
100332,DEPR,124,CTARCHENG,Fixed Assets (Peoplesoft) - DEPR,Infosys Limited,Infosys,Managed application support services renewal,8/29/26,8/31/29,VRM200136,"$59,200","$129,900","$165,000","$134,000",,N,Yes,0,"K, Srikantesh",LOB Review,Pending final statement of work,0,-,Renewal,RTB,BC5100094,BC5100073,ATR730048,,8/8/26,8/11/26,900000332,93476311,,"$488,100",7800000332,TFT,Alex Morgan,GLDMN,6365,MarTech,C_Forecast,"DIV_1211 - Deposits, Operations and Debit Card Tech",3/15/26,"Kollapally, Suraj",AST0700331,,,,,,,,,"$14,100","$12,600","$11,600","$10,800","$10,100","$10,200","$10,200","$10,400","$10,500","$10,700","$10,500","$10,600","$10,700","$11,400","$11,600","$11,500","$11,600","$11,800","$11,500","$12,900","$13,200","$12,900","$13,000","$13,300","$13,100","$15,100","$15,500","$16,200","$16,500","$16,400","$16,700","$16,700","$16,500","$16,600","$17,000","$17,000","$17,100",-,-,-,-,-,-,-,-,-,-,-,-,-,-,-,-,-,-,-,-,-,-,-,-,-,-,-,-,-,-,-,-,-,-,-,-,-,-,-,-,-,-,-,-,-,-,-,-,-,-,-
100333,SW,140,CTCCPTPYMTS,Fixed Assets (Peoplesoft) - SWM,"Salesforce, Inc.",Salesforce,Customer relationship management platform,8/13/26,8/31/30,VRM200172,"$146,800","$316,300","$406,700","$560,200",,N,Yes,,"zz.Ejiofor, Justina",LOB Execution,Renewal documentation completed,,,Renewal,CTB,BC5100073,BC5100073,ATR730055,,7/27/26,8/1/26,900000333,77364024,,"$1,925,300",7800000333,TFT,Cameron Smith,AIM,9955,7118,C_Forecast,DIV_1550 - Branch Operations Enablement,1/11/26,"Abiodun, Dare",AST0700332,,,,,,,,,"$35,100","$31,300","$28,700","$26,800","$24,900","$25,000","$25,100","$25,500","$25,600","$26,000","$25,600","$25,800","$26,000","$27,600","$28,200","$27,800","$28,100","$28,600","$28,000","$31,400","$32,400","$31,600","$32,000","$32,800","$32,500","$37,400","$38,600","$40,400","$41,000","$40,700","$41,600","$41,400","$41,000","$41,000","$42,000","$41,800","$42,100","$53,900","$56,300","$58,500","$59,900","$62,700","$62,300","$62,400","$62,600","$61,300","$60,800","$61,500","$61,700",-,-,-,-,-,-,-,-,-,-,-,-,-,-,-,-,-,-,-,-,-,-,-,-,-,-,-,-,-,-,-,-,-,-,-,-,-,-,-
100339,SW,130,CTHLT,A8200045 - Software Maintenance,Broadcom Inc.,Broadcom,Infrastructure software maintenance,8/30/26,2/29/28,VRM200176,"$788,900","$1,728,800","$309,300",-,,N,Yes,0,"Eckman, Bradley T.",Finance - Confirming,Migration dependency tracked,0,,New,RTB,BC5100033,BC5100033,ATR730069,Web Server,6/26/26,8/24/26,900000339,93476311,,"$2,827,000",7800000339,TFT,Cameron Smith,SBLO,1191,1368,C_Forecast,DIV_3188 - Marketing Technology Enablement,2/1/26,"zz.Brennecke, Jana",,,,,,,,,,"$188,000","$168,000","$154,300","$144,300","$134,300","$135,500","$136,300","$138,900","$139,500","$142,000","$140,100","$141,500","$142,400","$151,400","$154,700","$152,600","$153,900","$156,400","$152,900",-,-,-,-,-,-,-,-,-,-,-,-,-,-,-,-,-,-,-,-,-,-,-,-,-,-,-,-,-,-,-,-,-,-,-,-,-,-,-,-,-,-,-,-,-,-,-,-,-,-,-,-,-,-,-,-,-,-,-,-,-,-,-,-,-,-,-,-,-
100334,SW,137,CTDLR,A8200045 - Software Maintenance,"Salesforce, Inc.",Salesforce,Customer relationship management platform,8/30/26,8/31/29,VRM200228,"$140,800","$299,600","$390,300","$318,600",,N,No,,"K, Srikantesh",Execution Complete,Renewal documentation completed,,,New,CTB,BC5100004,BC5100041,ATR730079,,2/21/26,3/28/26,900000334,34668383,,"$1,149,300",7800000334,,Riley Kim,ATMP,PO SR Required,4216,C_Forecast,DIV_1307 - Pmts Virt Sol Innov and Cons Bkg Tech Admin,6/7/26,"K, Srikantesh",,,,,,,,,,"$33,800","$30,100","$27,500","$25,600","$23,800","$23,900","$23,900","$24,200","$24,300","$24,600","$24,200","$24,400","$24,500","$26,100","$26,600","$26,300","$26,600","$27,100","$26,600","$29,900","$30,900","$30,300","$30,700","$31,500","$31,300","$36,100","$37,300","$39,000","$39,600","$39,300","$40,100","$39,900","$39,500","$39,400","$40,300","$40,000","$40,100",-,-,-,-,-,-,-,-,-,-,-,-,-,-,-,-,-,-,-,-,-,-,-,-,-,-,-,-,-,-,-,-,-,-,-,-,-,-,-,-,-,-,-,-,-,-,-,-,-,-,-
100335,SAAS,139,CTARCHENG,Fixed Assets (Peoplesoft) - SAAS,"Cisco Systems, Inc.",Cisco,Network hardware maintenance and support enterprise agreement,8/31/26,8/31/29,VRM200229,"$125,100","$263,200","$348,100","$283,700",VRM Status/beeline#,Y,Yes,,"Tadas, Deepa P.",Finance - Confirming,Legal review pending,0,,New,CTB,BC5100034,BC5100034,ATR730038,Web Server,5/22/26,5/27/26,900000335,29429547,,"$1,020,100",7800000335,TFT,Priya Shah,WFIG,452541,7352,C_Forecast,"DIV_1211 - Deposits, Operations and Debit Card Tech",4/7/26,"Matera, Jill",,,,,,,,,,"$30,100","$26,800","$24,500","$22,700","$21,000","$21,100","$21,100","$21,300","$21,300","$21,600","$21,200","$21,400","$21,500","$22,800","$23,400","$23,100","$23,400","$23,900","$23,500","$26,500","$27,400","$27,000","$27,400","$28,200","$28,000","$32,300","$33,400","$35,000","$35,500","$35,200","$35,900","$35,600","$35,200","$35,100","$35,800","$35,400","$35,500",-,-,-,-,-,-,-,-,-,-,-,-,-,-,-,-,-,-,-,-,-,-,-,-,-,-,-,-,-,-,-,-,-,-,-,-,-,-,-,-,-,-,-,-,-,-,-,-,-,-,-
100336,T&M,120,CTPLATFORM,A8501946 - Outsourcing Contract - Time & Materials,Infosys Limited,Infosys,Managed application support services renewal,8/23/26,8/31/28,VRM200243,"$333,100","$692,700","$566,500",-,,N,Yes,,"Kollapally, Suraj",Management Review,Pending final statement of work,,,Renewal,RTB,BC5100067,BC5100067,ATR730038,,1/20/26,5/20/26,900000336,10781378,,"$1,592,300",7800000336,,Jordan Lee,BDCMS,4474,MarTech,C_Forecast,DIV_2842 - Digital Channel Technology,1/24/26,System,,,,,,,,,,"$80,500","$71,400","$65,100","$60,400","$55,700","$55,700","$55,600","$56,100","$56,000","$56,700","$55,700","$56,100","$56,400","$60,000","$61,500","$61,000","$61,900","$63,400","$62,500","$70,700","$73,300","$72,200","$73,400","$75,600","$75,400",-,-,-,-,-,-,-,-,-,-,-,-,-,-,-,-,-,-,-,-,-,-,-,-,-,-,-,-,-,-,-,-,-,-,-,-,-,-,-,-,-,-,-,-,-,-,-,-,-,-,-,-,-,-,-,-,-,-,-,-,-,-,-
100337,FB,130,CTEDP,A8501947 - Consulting Services - Fixed Bid,Microsoft Corporation,Microsoft,Enterprise software subscriptions and support enterprise agreement,8/31/26,8/31/33,VRM200147,"$246,600","$557,800","$698,400","$953,700",,N,Yes,,"zz.Ejiofor, Justina",Finance - Confirming,No action required,,-,Commited,CTB,BC5100106,BC5100106,ATR730052,,7/13/26,8/16/26,900000337,91511360,,"$20,301,100",7800000337,TFT,Cameron Smith,TTMS,3201,147,C_Forecast,DIV_1550 - Branch Operations Enablement,7/22/26,"K, Srikantesh",,,,,,,,,,"$58,500","$52,400","$48,200","$45,200","$42,300","$42,800","$43,300","$44,300","$44,700","$45,700","$45,200","$45,800","$46,300","$49,300","$50,400","$49,800","$50,200","$50,900","$49,700","$55,400","$56,700","$55,000","$55,200","$56,100","$55,300","$63,200","$64,900","$67,600","$68,400","$67,900","$69,200","$69,000","$68,600","$68,900","$70,900","$70,900","$71,800","$92,500","$97,400","$101,700","$104,900","$110,500","$110,300","$111,000","$111,800","$109,500","$108,700","$110,000","$109,900","$156,600","$163,600","$182,300","$183,700","$194,700","$188,700","$188,700","$186,600","$186,500","$185,900","$186,700","$184,100","$279,200","$290,700","$311,600","$326,900","$350,200","$358,800","$358,100","$359,800","$364,500","$358,900","$368,700","$369,900","$636,300","$672,100","$696,500","$757,100","$1,019,000","$1,007,300","$1,004,800","$994,700","$979,200","$977,200","$969,400","$963,900",-,-,-
100338,SW,137,CTCPR,Fixed Assets (Peoplesoft) - SWL,FIS Global,FIS,Banking platform software and services renewal,8/19/26,8/31/29,VRM200111,"$115,800","$258,000","$324,700","$261,900",,N,Yes,0,"Tadas, Deepa P.",Finance - Managing,Budget owner confirmed,0,-,Renewal,RTB,BC5100074,BC5100038,ATR730051,,3/6/26,7/24/26,900000338,29523442,,"$960,400",7800000338,,Jamie Chen,DMSBA,PO SR Required,1713,C_Forecast,DIV_1550 - Branch Operations Enablement,4/15/26,"zz.Brennecke, Jana",AST0700337,,,,,,,,,"$27,500","$24,600","$22,700","$21,200","$19,800","$20,000","$20,200","$20,600","$20,700","$21,200","$20,900","$21,200","$21,300","$22,700","$23,200","$22,900","$23,100","$23,400","$22,900","$25,500","$26,200","$25,500","$25,600","$26,100","$25,800","$29,500","$30,400","$31,700","$32,100","$31,900","$32,600","$32,500","$32,300","$32,400","$33,300","$33,300","$33,600",-,-,-,-,-,-,-,-,-,-,-,-,-,-,-,-,-,-,-,-,-,-,-,-,-,-,-,-,-,-,-,-,-,-,-,-,-,-,-,-,-,-,-,-,-,-,-,-,-,-,-
100394,SW,119,CTBSTT,A8200045 - Software Maintenance,IBM Corporation,IBM,Mainframe software and technical support renewal,8/15/26,8/31/27,VRM200133,"$328,200","$470,400",-,-,,N,Yes,0,"zz.Luloff, Julie",Management Review,Vendor onboarding completed,,,Renewal,RTB,BC5100086,BC5100086,ATR730045,Web Server,2/1/26,4/3/26,900000394,22603137,,"$798,600",7800000394,TFT,Riley Kim,CFMS,3676,9590,C_Forecast,DIV_3055 - Cybersecurity Platform Services,1/1/26,"zz.Luloff, Julie",AST0700393,,,,,,,,,"$78,000","$69,800","$64,200","$60,100","$56,100","$56,700","$57,200","$58,400","$58,700","$59,900","$59,200","$59,900","$60,400",-,-,-,-,-,-,-,-,-,-,-,-,-,-,-,-,-,-,-,-,-,-,-,-,-,-,-,-,-,-,-,-,-,-,-,-,-,-,-,-,-,-,-,-,-,-,-,-,-,-,-,-,-,-,-,-,-,-,-,-,-,-,-,-,-,-,-,-,-,-,-,-,-,-,-
100396,SAAS,110,CTSB,A8201904 - Software as a Service,Broadcom Inc.,Broadcom,Infrastructure software maintenance,8/28/26,2/29/28,VRM200170,"$339,000","$731,400","$130,900",-,,N,Yes,0,"Tadas, Deepa P.",Finance Review,Pending final statement of work,,,New,RTB,BC5100060,BC5100085,ATR730076,,4/29/26,6/20/26,900000396,67174430,,"$1,201,300",7800000396,,Alex Morgan,MOD,599740,5021,C_Forecast,DIV_2637 - Consumer Payments,7/21/26,"Eckman, Bradly T.",AST0700395,,,,,,,,,"$81,000","$72,300","$66,300","$61,900","$57,500","$57,900","$58,100","$59,000","$59,100","$60,100","$59,200","$59,700","$60,000","$63,800","$65,200","$64,300","$65,000","$66,100","$64,800",-,-,-,-,-,-,-,-,-,-,-,-,-,-,-,-,-,-,-,-,-,-,-,-,-,-,-,-,-,-,-,-,-,-,-,-,-,-,-,-,-,-,-,-,-,-,-,-,-,-,-,-,-,-,-,-,-,-,-,-,-,-,-,-,-,-,-,-,-
100340,OEM,129,CTBSTT,Fixed Assets (Peoplesoft) - OEM,"Oracle America, Inc.",Oracle,Database platform licensing and maintenance,8/8/26,8/31/30,VRM200113,"$72,500","$156,300","$200,800","$276,900",,N,Yes,,"Eckman, Bradley T.",Finance - Confirming,Migration dependency tracked,0,,Commited,RTB,BC5100088,BC5100088,ATR730010,,5/28/26,6/30/26,900000340,31834659,,"$951,200",7800000340,,Dana Williams,ATMP,4492,2441,C_Forecast,DIV_2636 - Teller,4/5/26,"Tadas, Deepa P.",AST0700339,,,,,,,,,"$17,300","$15,500","$14,200","$13,200","$12,300","$12,400","$12,400","$12,600","$12,600","$12,800","$12,700","$12,800","$12,800","$13,600","$13,900","$13,800","$13,900","$14,100","$13,800","$15,500","$16,000","$15,600","$15,800","$16,200","$16,100","$18,500","$19,100","$19,900","$20,200","$20,100","$20,500","$20,500","$20,300","$20,300","$20,800","$20,700","$20,800","$26,600","$27,800","$28,900","$29,600","$31,000","$30,800","$30,800","$30,900","$30,300","$30,000","$30,400","$30,500",-,-,-,-,-,-,-,-,-,-,-,-,-,-,-,-,-,-,-,-,-,-,-,-,-,-,-,-,-,-,-,-,-,-,-,-,-,-,-
100341,SW,130,CTPLATFORM,Fixed Assets (Peoplesoft) - SWM,"Oracle America, Inc.",Oracle,Database platform licensing and maintenance,8/9/26,2/29/28,VRM200178,"$166,000","$353,300","$63,400",-,beeline#,Y,Yes,,"zz.Luloff, Julie",Finance Review,Consolidated under enterprise agreement,,,Renewal,CTB,BC5100034,BC5100034,ATR730005,Web Server,4/26/26,7/15/26,900000341,29235769,,"$582,700",7800000341,TFT,Reese Martin,ATMP,8498,7165,C_Forecast,DIV_2714 - Enterprise Data Platforms,2/27/26,"Matera, Jill",,,,,,,,,,"$39,800","$35,500","$32,500","$30,200","$28,000","$28,200","$28,200","$28,600","$28,600","$29,000","$28,500","$28,800","$28,900","$30,700","$31,400","$31,000","$31,400","$32,000","$31,400",-,-,-,-,-,-,-,-,-,-,-,-,-,-,-,-,-,-,-,-,-,-,-,-,-,-,-,-,-,-,-,-,-,-,-,-,-,-,-,-,-,-,-,-,-,-,-,-,-,-,-,-,-,-,-,-,-,-,-,-,-,-,-,-,-,-,-,-,-
100342,SW,141,CTHLT,A8200045 - Software Maintenance,"Oracle America, Inc.",Oracle,Database platform licensing and maintenance enterprise agreement,8/14/26,8/31/28,VRM200147,"$149,000","$313,400","$252,400",-,,N,Yes,,"Tadas, Deepa P.",Finance - Managing,Consolidated under enterprise agreement,0,,New,RTB,BC5100102,BC5100102,ATR730031,,12/22/25,8/8/26,900000342,10781378,,"$714,800",7800000342,TFT,Priya Shah,SBLO,624141,3425,C_Forecast,DIV_2637 - Consumer Payments,8/7/26,"K, Srikantesh",,,,,,,,,,"$35,900","$31,900","$29,100","$27,100","$25,000","$25,100","$25,100","$25,400","$25,400","$25,700","$25,300","$25,400","$25,600","$27,200","$27,800","$27,500","$27,900","$28,500","$28,000","$31,600","$32,700","$32,100","$32,600","$33,500","$33,400",-,-,-,-,-,-,-,-,-,-,-,-,-,-,-,-,-,-,-,-,-,-,-,-,-,-,-,-,-,-,-,-,-,-,-,-,-,-,-,-,-,-,-,-,-,-,-,-,-,-,-,-,-,-,-,-,-,-,-,-,-,-,-
100345,DATA,125,CTTOCIO,A8590820 - Other Outside Data Processing,Verizon Business Network Services,Verizon,Enterprise telecommunications services enterprise agreement,8/26/26,2/28/27,VRM200119,"$273,400","$94,800",-,-,,N,Yes,,"Eckman, Bradley T.",Management Review,Includes affiliate services,,-,New,CTB,BC5100119,BC5100093,ATR730010,,4/6/26,7/4/26,900000345,87698809,,"$368,200",7800000345,TFT,Reese Martin,MOD,415029,8230,C_Forecast,DIV_2921 - Cloud Infrastructure Engineering,2/18/26,"Abiodun, Dare",AST0700344,,,,,,,,,"$65,000","$58,100","$53,500","$50,100","$46,700","$47,200","$47,600",-,-,-,-,-,-,-,-,-,-,-,-,-,-,-,-,-,-,-,-,-,-,-,-,-,-,-,-,-,-,-,-,-,-,-,-,-,-,-,-,-,-,-,-,-,-,-,-,-,-,-,-,-,-,-,-,-,-,-,-,-,-,-,-,-,-,-,-,-,-,-,-,-,-,-,-,-,-,-,-,-
100343,DEPR,131,CTMARTECH,Fixed Assets (Peoplesoft) - DEPR,"Amazon Web Services, Inc.",AWS,Cloud infrastructure and managed services renewal,8/19/26,8/31/29,VRM200198,"$13,200","$27,200","$36,800","$29,900",,N,Yes,,"Kollapally, Suraj",LOB Execution,Budget owner confirmed,0,-,Commited,RTB,BC5100103,BC5100103,ATR730008,,4/14/26,4/17/26,900000343,77364024,,"$107,100",7800000343,,Alex Morgan,SMT#2452 & SR#SR1994083716,599381,8329,C_Forecast,DIV_2921 - Cloud Infrastructure Engineering,8/7/26,"Ashwathappa, Rakesh",AST0700342,,,,,,,,,"$3,200","$2,800","$2,600","$2,400","$2,200","$2,200","$2,200","$2,200","$2,200","$2,200","$2,200","$2,200","$2,200","$2,400","$2,400","$2,400","$2,400","$2,500","$2,500","$2,800","$2,900","$2,800","$2,900","$3,000","$3,000","$3,400","$3,500","$3,700","$3,800","$3,700","$3,800","$3,800","$3,700","$3,700","$3,800","$3,700","$3,700",-,-,-,-,-,-,-,-,-,-,-,-,-,-,-,-,-,-,-,-,-,-,-,-,-,-,-,-,-,-,-,-,-,-,-,-,-,-,-,-,-,-,-,-,-,-,-,-,-,-,-
100344,T&M,135,CTPLATFORM,A8501946 - Outsourcing Contract - Time & Materials,Microsoft Corporation,Microsoft,Enterprise software subscriptions and support renewal,8/23/26,8/31/31,VRM200191,"$108,700","$245,700","$308,000","$420,300",,N,Yes,,"zz.Ejiofor, Justina",Finance - Managing,Consolidated under enterprise agreement,,-,New,RTB,BC5100018,BC5100043,ATR730020,,6/15/26,6/25/26,900000344,27672672,,"$2,436,000",7800000344,,Casey Rivera,DMSBA,PO SR Required,1893,C_Forecast,DIV_2636 - Teller,3/28/26,System,AST0700343,,,,,,,,,"$25,800","$23,100","$21,300","$19,900","$18,600","$18,900","$19,100","$19,500","$19,700","$20,100","$19,900","$20,200","$20,400","$21,700","$22,200","$21,900","$22,100","$22,500","$21,900","$24,400","$25,000","$24,300","$24,400","$24,700","$24,400","$27,900","$28,600","$29,800","$30,100","$29,900","$30,500","$30,400","$30,200","$30,400","$31,200","$31,300","$31,600","$40,800","$42,900","$44,800","$46,300","$48,700","$48,600","$48,900","$49,300","$48,300","$47,900","$48,500","$48,500","$69,000","$72,100","$80,400","$81,000","$85,800","$83,200","$83,200","$82,300","$82,200","$81,900","$82,300","$81,200",-,-,-,-,-,-,-,-,-,-,-,-,-,-,-,-,-,-,-,-,-,-,-,-,-,-,-
100347,SAAS,143,CTEDP,Fixed Assets (Peoplesoft) - SAAS,Microsoft Corporation,Microsoft,Enterprise software subscriptions and support,8/18/26,8/31/29,VRM200127,"$37,300","$80,600","$103,900","$84,700",,N,Yes,4933,"Kollapally, Suraj",LOB Execution,Renewal documentation completed,,,Renewal,CTB,BC5100069,BC5100069,ATR730024,,2/19/26,7/23/26,900000347,92039990,,"$306,500",7800000347,TFT,Avery Johnson,CDP2C,487605,1687,C_Forecast,DIV_3188 - Marketing Technology Enablement,7/25/26,System,AST0700346,,,,,,,,,"$8,900","$8,000","$7,300","$6,800","$6,300","$6,400","$6,400","$6,500","$6,500","$6,600","$6,500","$6,600","$6,600","$7,000","$7,200","$7,100","$7,200","$7,300","$7,200","$8,000","$8,300","$8,100","$8,200","$8,400","$8,300","$9,500","$9,800","$10,300","$10,500","$10,400","$10,600","$10,600","$10,500","$10,500","$10,700","$10,700","$10,700",-,-,-,-,-,-,-,-,-,-,-,-,-,-,-,-,-,-,-,-,-,-,-,-,-,-,-,-,-,-,-,-,-,-,-,-,-,-,-,-,-,-,-,-,-,-,-,-,-,-,-
100388,T&M,123,CTHLT,A8501946 - Outsourcing Contract - Time & Materials,"Datadog, Inc.",Datadog,Cloud monitoring and observability subscription enterprise agreement,8/8/26,8/31/27,VRM200220,"$419,700","$593,700",-,-,,N,Yes,0,"Eckman, Bradley T.",Finance Review,Pricing validation in progress,,,New,RTB,BC5100027,BC5100062,ATR730057,,2/21/26,5/27/26,900000388,58920832,,"$1,013,400",7800000388,,Alex Morgan,CFSBI,PO SR Required,3007,C_Forecast,DIV_2637 - Consumer Payments,4/11/26,System,AST0700387,,,,,,,,,"$100,000","$89,400","$82,100","$76,800","$71,400","$72,100","$72,500","$73,900","$74,200","$75,500","$74,500","$75,300","$75,700",-,-,-,-,-,-,-,-,-,-,-,-,-,-,-,-,-,-,-,-,-,-,-,-,-,-,-,-,-,-,-,-,-,-,-,-,-,-,-,-,-,-,-,-,-,-,-,-,-,-,-,-,-,-,-,-,-,-,-,-,-,-,-,-,-,-,-,-,-,-,-,-,-,-,-
100349,SAAS,139,CTBSTT,A8201904 - Software as a Service,Verizon Business Network Services,Verizon,Enterprise telecommunications services,8/25/26,8/31/31,VRM200151,"$67,300","$141,500","$187,400","$255,300",,N,Yes,0,"zz.Brennecke, Jana",Finance - Managing,Invoice schedule under review,,,Commited,RTB,BC5100118,BC5100091,ATR730047,,7/7/26,7/18/26,900000349,67174430,,"$1,461,000",7800000349,TFT,Jordan Lee,SBLO,648235,2979,C_Forecast,DIV_1550 - Branch Operations Enablement,8/7/26,"Kollapally, Suraj",AST0700348,,,,,,,,,"$16,200","$14,400","$13,200","$12,200","$11,300","$11,300","$11,300","$11,500","$11,500","$11,600","$11,400","$11,500","$11,500","$12,300","$12,600","$12,400","$12,600","$12,900","$12,700","$14,300","$14,800","$14,500","$14,700","$15,100","$15,100","$17,400","$18,000","$18,800","$19,100","$19,000","$19,300","$19,200","$18,900","$18,900","$19,200","$19,100","$19,100","$24,300","$25,300","$26,200","$26,800","$28,000","$27,700","$27,800","$27,800","$27,300","$27,100","$27,500","$27,700","$39,800","$41,900","$47,200","$48,200","$51,700","$50,700","$51,200","$51,200","$51,500","$51,700","$52,100","$51,400",-,-,-,-,-,-,-,-,-,-,-,-,-,-,-,-,-,-,-,-,-,-,-,-,-,-,-
100350,T&M,131,CTCPR,A8501906 - Outsourcing/Technical Contract,FIS Global,FIS,Banking platform software and services,8/30/26,2/29/28,VRM200100,"$46,000","$95,800","$17,400",-,,N,Yes,0,"Eckman, Bradley T.",Analyst Review,Pending final statement of work,,,Renewal,RTB,BC5100034,BC5100034,ATR730052,,6/12/26,7/9/26,900000350,28535918,,"$159,200",7800000350,TFT,Cameron Smith,SFCOE,7321,1147,C_Forecast,DIV_2383 - Consumer Lending Technology Architecture,5/20/26,"K, Srikantesh",,,,,,,,,,"$11,100","$9,900","$9,000","$8,300","$7,700","$7,700","$7,700","$7,800","$7,700","$7,800","$7,700","$7,800","$7,800","$8,300","$8,500","$8,400","$8,600","$8,800","$8,600",-,-,-,-,-,-,-,-,-,-,-,-,-,-,-,-,-,-,-,-,-,-,-,-,-,-,-,-,-,-,-,-,-,-,-,-,-,-,-,-,-,-,-,-,-,-,-,-,-,-,-,-,-,-,-,-,-,-,-,-,-,-,-,-,-,-,-,-,-
100351,DATA,132,CTARCHENG,A8590820 - Other Outside Data Processing,"Cisco Systems, Inc.",Cisco,Network hardware maintenance and support,8/29/26,8/31/30,VRM200205,"$312,300","$706,600","$884,700","$1,208,100",,N,Yes,0,"zz.Brennecke, Jana",LOB Review,Migration dependency tracked,,,Commited,CTB,BC5100035,BC5100035,ATR730054,,4/17/26,4/25/26,900000351,22153861,,"$4,228,700",7800000351,TFT,Jordan Lee,SMT#2452 & SR#SR1994083716,8442,MarTech,C_Forecast,DIV_3055 - Cybersecurity Platform Services,6/2/26,"Ashwathappa, Rakesh",AST0700350,,,,,,,,,"$74,100","$66,300","$61,100","$57,300","$53,500","$54,200","$54,800","$56,100","$56,600","$57,800","$57,300","$58,100","$58,600","$62,500","$63,900","$63,100","$63,600","$64,500","$62,900","$70,200","$71,800","$69,700","$70,000","$71,100","$70,000","$80,100","$82,200","$85,600","$86,600","$86,000","$87,700","$87,500","$86,800","$87,200","$89,800","$89,900","$90,900","$117,200","$123,300","$128,900","$132,900","$140,000","$139,700","$140,700","$141,600","$138,700","$137,700","$139,300","$139,300",-,-,-,-,-,-,-,-,-,-,-,-,-,-,-,-,-,-,-,-,-,-,-,-,-,-,-,-,-,-,-,-,-,-,-,-,-,-,-
100354,T&M,125,CTCPR,A8501946 - Outsourcing Contract - Time & Materials,"Datadog, Inc.",Datadog,Cloud monitoring and observability subscription enterprise agreement,8/30/26,8/31/27,VRM200199,"$303,200","$423,300",-,-,VRM,Y,Yes,,"zz.Ejiofor, Justina",Analyst Review,Invoice schedule under review,,-,Commited,CTB,BC5100118,BC5100118,ATR730049,,4/3/26,4/21/26,900000354,15162594,,"$726,500",7800000354,,Dana Williams,PWDW,PO SR Required,931,C_Forecast,DIV_3188 - Marketing Technology Enablement,1/10/26,"zz.Luloff, Julie",AST0700353,,,,,,,,,"$72,500","$64,700","$59,300","$55,300","$51,400","$51,800","$51,900","$52,800","$52,900","$53,800","$53,000","$53,400","$53,700",-,-,-,-,-,-,-,-,-,-,-,-,-,-,-,-,-,-,-,-,-,-,-,-,-,-,-,-,-,-,-,-,-,-,-,-,-,-,-,-,-,-,-,-,-,-,-,-,-,-,-,-,-,-,-,-,-,-,-,-,-,-,-,-,-,-,-,-,-,-,-,-,-,-,-
100352,T&M,116,CTCPR,A8501946 - Outsourcing Contract - Time & Materials,Google LLC,Google Cloud,Cloud data and analytics services,8/29/26,8/31/31,VRM200224,"$99,200","$220,500","$277,700","$381,500",,N,Yes,0,"K, Srikantesh",LOB Review,Includes affiliate services,,,Commited,CTB,BC5100066,BC5100011,ATR730037,,8/14/26,8/26/26,900000352,73905445,,"$2,196,400",7800000352,,Casey Rivera,HOGAN CIS,801313,5199,C_Forecast,"DIV_1211 - Deposits, Operations and Debit Card Tech",6/22/26,"Ashwathappa, Rakesh",,,,,,,,,,"$23,600","$21,100","$19,400","$18,200","$16,900","$17,100","$17,300","$17,600","$17,700","$18,100","$17,900","$18,100","$18,200","$19,400","$19,800","$19,600","$19,700","$20,000","$19,600","$21,800","$22,400","$21,800","$21,900","$22,300","$22,000","$25,300","$26,000","$27,100","$27,500","$27,300","$27,900","$27,800","$27,600","$27,700","$28,400","$28,400","$28,700","$36,900","$38,800","$40,400","$41,600","$43,700","$43,500","$43,800","$44,000","$43,100","$42,700","$43,200","$43,200","$61,600","$64,400","$71,900","$72,600","$77,200","$74,900","$75,100","$74,500","$74,600","$74,500","$75,000","$74,000",-,-,-,-,-,-,-,-,-,-,-,-,-,-,-,-,-,-,-,-,-,-,-,-,-,-,-
100353,SW,133,CTCPR,A8200050 - Software License,Adobe Inc.,Adobe,Digital experience platform subscription enterprise agreement,8/9/26,8/31/28,VRM200238,"$66,200","$145,000","$113,400",-,,N,Yes,,"K, Srikantesh",Finance - Managing,Pricing validation in progress,0,,New,CTB,BC5100047,BC5100088,ATR730039,Web Server,6/10/26,6/25/26,900000353,35602228,,"$324,600",7800000353,TFT,Alex Morgan,CORE,1080,9586,C_Forecast,DIV_2842 - Digital Channel Technology,5/4/26,"Kollapally, Suraj",,,,,,,,,,"$15,800","$14,100","$12,900","$12,100","$11,300","$11,400","$11,400","$11,600","$11,700","$11,900","$11,800","$11,900","$11,900","$12,700","$13,000","$12,800","$12,900","$13,100","$12,800","$14,400","$14,700","$14,400","$14,500","$14,800","$14,700",-,-,-,-,-,-,-,-,-,-,-,-,-,-,-,-,-,-,-,-,-,-,-,-,-,-,-,-,-,-,-,-,-,-,-,-,-,-,-,-,-,-,-,-,-,-,-,-,-,-,-,-,-,-,-,-,-,-,-,-,-,-,-
100356,TEL,135,CTCCPTPYMTS,A8292080 - Telecommunication,Deloitte Consulting LLP,Deloitte,Technology consulting services enterprise agreement,8/11/26,8/31/30,VRM200173,"$322,900","$678,600","$898,000","$1,224,100",,N,No,,"zz.Ejiofor, Justina",Execution Complete,Pending final statement of work,0,,New,CTB,BC5100018,BC5100040,ATR730027,,5/19/26,6/28/26,900000356,82246365,,"$4,182,700",7800000356,,Taylor Brooks,CCS,892776,2529,C_Forecast,DIV_1550 - Branch Operations Enablement,7/13/26,"K, Srikantesh",,,,,,,,,,"$77,800","$69,100","$63,100","$58,700","$54,200","$54,400","$54,300","$55,000","$54,900","$55,700","$54,700","$55,100","$55,400","$58,900","$60,200","$59,600","$60,400","$61,700","$60,700","$68,400","$70,800","$69,500","$70,700","$72,600","$72,300","$83,400","$86,200","$90,200","$91,500","$90,900","$92,600","$91,900","$90,800","$90,500","$92,300","$91,400","$91,500","$116,700","$121,500","$125,600","$128,400","$134,100","$132,900","$133,100","$133,500","$130,800","$130,000","$132,000","$132,700",-,-,-,-,-,-,-,-,-,-,-,-,-,-,-,-,-,-,-,-,-,-,-,-,-,-,-,-,-,-,-,-,-,-,-,-,-,-,-
100359,DEPR,140,CTEDP,Fixed Assets (Peoplesoft) - DEPR,IBM Corporation,IBM,Mainframe software and technical support enterprise agreement,8/28/26,8/31/29,VRM200169,"$57,500","$128,100","$161,300","$130,000",,N,Yes,,"K, Srikantesh",LOB Review,Invoice schedule under review,,,New,CTB,BC5100108,BC5100108,ATR730020,,4/3/26,4/11/26,900000359,12604042,,"$476,900",7800000359,,Avery Johnson,LO - SHAW-APP,4043,6838,C_Forecast,DIV_2637 - Consumer Payments,4/1/26,"Ashwathappa, Rakesh",,,,,,,,,,"$13,700","$12,200","$11,300","$10,500","$9,800","$9,900","$10,000","$10,200","$10,300","$10,500","$10,400","$10,500","$10,600","$11,300","$11,500","$11,400","$11,500","$11,600","$11,400","$12,700","$13,000","$12,600","$12,700","$13,000","$12,800","$14,700","$15,100","$15,700","$16,000","$15,900","$16,200","$16,100","$16,000","$16,100","$16,500","$16,500","$16,700",-,-,-,-,-,-,-,-,-,-,-,-,-,-,-,-,-,-,-,-,-,-,-,-,-,-,-,-,-,-,-,-,-,-,-,-,-,-,-,-,-,-,-,-,-,-,-,-,-,-,-
100360,SAAS,126,CTCPR,A8201904 - Software as a Service,IBM Corporation,IBM,Mainframe software and technical support enterprise agreement,8/31/26,8/31/31,VRM200209,"$285,400","$625,400","$794,100","$1,094,600",,N,Yes,,"K, Srikantesh",Management Review,Budget owner confirmed,,,New,RTB,BC5100116,BC5100037,ATR730073,Web Server,7/24/26,7/26/26,900000360,13455451,,"$6,272,000",7800000360,,Dana Williams,SMT#2452 & SR#SR1994083716,362042,8746,C_Forecast,"DIV_1211 - Deposits, Operations and Debit Card Tech",7/17/26,"zz.Brennecke, Jana",,,,,,,,,,"$68,000","$60,800","$55,800","$52,200","$48,600","$49,000","$49,300","$50,200","$50,400","$51,400","$50,700","$51,200","$51,500","$54,800","$56,000","$55,200","$55,700","$56,600","$55,300","$61,900","$63,600","$62,000","$62,600","$63,900","$63,200","$72,600","$74,900","$78,200","$79,300","$78,900","$80,500","$80,300","$79,600","$79,800","$81,900","$81,700","$82,300","$105,600","$110,700","$115,100","$118,200","$124,000","$123,300","$123,800","$124,200","$121,600","$120,600","$121,900","$122,000","$174,200","$182,500","$204,100","$206,500","$220,100","$214,200","$215,400","$214,000","$214,800","$214,900","$216,500","$213,900",-,-,-,-,-,-,-,-,-,-,-,-,-,-,-,-,-,-,-,-,-,-,-,-,-,-,-
100361,DATA,141,CTSB,A8590820 - Other Outside Data Processing,"Fiserv, Inc.",Fiserv,Payments processing software and support,8/27/26,8/31/28,VRM200209,"$99,600","$214,600","$169,000",-,,N,Yes,0,"zz.Brennecke, Jana",Management Review,Legal review pending,,,New,RTB,BC5100080,BC5100080,ATR730065,,4/17/26,7/24/26,900000361,41005711,,"$483,200",7800000361,,Taylor Brooks,Goldmine (WFF) GLDMN,PO SR Required,MarTech,C_Forecast,DIV_3188 - Marketing Technology Enablement,5/24/26,"zz.Brennecke, Jana",AST0700360,,,,,,,,,"$23,800","$21,200","$19,500","$18,200","$16,900","$17,000","$17,000","$17,300","$17,400","$17,600","$17,400","$17,500","$17,600","$18,700","$19,100","$18,900","$19,100","$19,400","$19,000","$21,300","$21,900","$21,500","$21,700","$22,200","$22,000",-,-,-,-,-,-,-,-,-,-,-,-,-,-,-,-,-,-,-,-,-,-,-,-,-,-,-,-,-,-,-,-,-,-,-,-,-,-,-,-,-,-,-,-,-,-,-,-,-,-,-,-,-,-,-,-,-,-,-,-,-,-,-
100363,SW,112,CTADMIN,A8200050 - Software License,Accenture LLP,Accenture,Application development and consulting services,8/21/26,8/31/29,VRM200107,"$351,800","$739,000","$978,500","$797,400",,N,No,0,"Tadas, Deepa P.",Execution Complete,Migration dependency tracked,,,New,CTB,BC5100046,BC5100093,ATR730063,Web Server,3/1/26,3/26/26,900000363,89176144,,"$2,866,700",7800000363,TFT,Jamie Chen,WFIG,6848,6919,C_Forecast,DIV_1550 - Branch Operations Enablement,4/25/26,"Kollapally, Suraj",,,,,,,,,,"$84,700","$75,300","$68,800","$63,900","$59,100","$59,200","$59,200","$59,900","$59,800","$60,600","$59,600","$60,000","$60,300","$64,100","$65,600","$64,900","$65,800","$67,200","$66,100","$74,600","$77,100","$75,800","$77,000","$79,100","$78,800","$90,900","$93,900","$98,300","$99,700","$99,000","$100,900","$100,200","$98,900","$98,600","$100,500","$99,600","$99,700",-,-,-,-,-,-,-,-,-,-,-,-,-,-,-,-,-,-,-,-,-,-,-,-,-,-,-,-,-,-,-,-,-,-,-,-,-,-,-,-,-,-,-,-,-,-,-,-,-,-,-
100364,DATA,122,CTBSTT,A8590820 - Other Outside Data Processing,Verizon Business Network Services,Verizon,Enterprise telecommunications services renewal,8/30/26,8/31/30,VRM200197,"$195,700","$406,900","$547,800","$739,200",,N,Yes,0,"zz.Luloff, Julie",Submitted to Sponsor,Invoice schedule under review,,,New,CTB,BC5100108,BC5100108,ATR730020,,1/4/26,5/9/26,900000364,69382946,,"$2,524,600",7800000364,TFT,Morgan Patel,ACCLQ,7385,1591,C_Forecast,DIV_2636 - Teller,1/7/26,"Abiodun, Dare",,,,,,,,,,"$47,300","$42,000","$38,200","$35,500","$32,700","$32,700","$32,600","$33,000","$32,900","$33,300","$32,700","$33,000","$33,100","$35,300","$36,100","$35,800","$36,400","$37,200","$36,700","$41,500","$43,100","$42,400","$43,100","$44,400","$44,300","$51,100","$52,800","$55,200","$56,000","$55,500","$56,500","$56,000","$55,100","$54,900","$55,800","$55,200","$55,100","$70,100","$72,900","$75,300","$76,800","$80,200","$79,500","$79,600","$79,900","$78,400","$78,000","$79,400","$80,000",-,-,-,-,-,-,-,-,-,-,-,-,-,-,-,-,-,-,-,-,-,-,-,-,-,-,-,-,-,-,-,-,-,-,-,-,-,-,-
100365,SAAS,114,CTARCHENG,A8201904 - Software as a Service,Verizon Business Network Services,Verizon,Enterprise telecommunications services enterprise agreement,8/22/26,8/31/28,VRM200102,"$107,300","$242,100","$188,700",-,,N,Yes,,"S, Rajashekar",Finance Review,Renewal documentation completed,0,-,Commited,CTB,BC5100088,BC5100088,ATR730062,,6/16/26,6/20/26,900000365,13455451,,"$538,100",7800000365,,Alex Morgan,AIM,523527,6208,C_Forecast,DIV_2921 - Cloud Infrastructure Engineering,5/3/26,System,AST0700364,,,,,,,,,"$25,400","$22,800","$21,000","$19,700","$18,400","$18,600","$18,800","$19,200","$19,400","$19,800","$19,600","$19,900","$20,100","$21,400","$21,900","$21,600","$21,800","$22,100","$21,600","$24,100","$24,600","$23,900","$24,000","$24,400","$24,000",-,-,-,-,-,-,-,-,-,-,-,-,-,-,-,-,-,-,-,-,-,-,-,-,-,-,-,-,-,-,-,-,-,-,-,-,-,-,-,-,-,-,-,-,-,-,-,-,-,-,-,-,-,-,-,-,-,-,-,-,-,-,-
100366,DEPR,115,CTSB,Fixed Assets (Peoplesoft) - DEPR,"Datadog, Inc.",Datadog,Cloud monitoring and observability subscription enterprise agreement,8/14/26,2/29/28,VRM200143,"$35,700","$79,400","$14,200",-,end date with fcst,Y,Yes,0,"Tadas, Deepa P.",LOB Review,Security assessment completed,,,Commited,CTB,BC5100007,BC5100007,ATR730046,,12/22/25,6/13/26,900000366,94675230,,"$129,300",7800000366,,Taylor Brooks,GLDMN,1004,2550,C_Forecast,DIV_1548 - Pmts Virt Sol Innov Platform Management,7/26/26,"Kollapally, Suraj",,,,,,,,,,"$8,500","$7,600","$7,000","$6,500","$6,100","$6,200","$6,200","$6,300","$6,400","$6,500","$6,400","$6,500","$6,600","$7,000","$7,100","$7,100","$7,100","$7,200","$7,000",-,-,-,-,-,-,-,-,-,-,-,-,-,-,-,-,-,-,-,-,-,-,-,-,-,-,-,-,-,-,-,-,-,-,-,-,-,-,-,-,-,-,-,-,-,-,-,-,-,-,-,-,-,-,-,-,-,-,-,-,-,-,-,-,-,-,-,-,-
100367,SW,144,CTDLR,A8200045 - Software Maintenance,"Datadog, Inc.",Datadog,Cloud monitoring and observability subscription enterprise agreement,8/15/26,8/31/29,VRM200142,"$200,100","$438,400","$557,000","$452,300",,N,No,4933,"zz.Ejiofor, Justina",Cancelled,Renewal documentation completed,0,-,Commited,RTB,BC5100072,BC5100022,ATR730032,,5/16/26,5/19/26,900000367,67978097,,"$1,647,800",7800000367,,Riley Kim,PWDW,PO SR Required,8667,C_Forecast,DIV_1548 - Pmts Virt Sol Innov Platform Management,5/13/26,"Kollapally, Suraj",AST0700366,,,,,,,,,"$47,700","$42,600","$39,100","$36,600","$34,100","$34,400","$34,600","$35,200","$35,400","$36,000","$35,500","$35,900","$36,100","$38,400","$39,200","$38,700","$39,000","$39,700","$38,800","$43,400","$44,600","$43,500","$43,900","$44,800","$44,400","$51,000","$52,500","$54,800","$55,600","$55,300","$56,500","$56,300","$55,800","$56,000","$57,400","$57,300","$57,700",-,-,-,-,-,-,-,-,-,-,-,-,-,-,-,-,-,-,-,-,-,-,-,-,-,-,-,-,-,-,-,-,-,-,-,-,-,-,-,-,-,-,-,-,-,-,-,-,-,-,-
100368,T&M,112,CTDLR,A8501946 - Outsourcing Contract - Time & Materials,AT&T Corp.,AT&T,Network and telecommunications services enterprise agreement,8/28/26,8/31/28,VRM200215,"$467,100","$1,007,800","$793,800",-,,N,Yes,0,"Kollapally, Suraj",Submitted to Sponsor,Invoice schedule under review,,,Renewal,CTB,BC5100005,BC5100005,ATR730030,,3/28/26,8/14/26,900000368,59052659,,"$2,268,700",7800000368,,Priya Shah,1DBI,891545,1869,C_Forecast,DIV_2636 - Teller,5/11/26,"Ashwathappa, Rakesh",,,,,,,,,,"$111,700","$99,600","$91,300","$85,300","$79,200","$79,700","$80,000","$81,300","$81,500","$82,800","$81,600","$82,300","$82,700","$87,900","$89,800","$88,700","$89,500","$91,100","$89,200","$100,100","$103,000","$100,700","$101,900","$104,300","$103,500",-,-,-,-,-,-,-,-,-,-,-,-,-,-,-,-,-,-,-,-,-,-,-,-,-,-,-,-,-,-,-,-,-,-,-,-,-,-,-,-,-,-,-,-,-,-,-,-,-,-,-,-,-,-,-,-,-,-,-,-,-,-,-
100369,T&M,142,CTHLT,A8501946 - Outsourcing Contract - Time & Materials,Infosys Limited,Infosys,Managed application support services enterprise agreement,8/11/26,8/31/30,VRM200213,"$227,100","$483,400","$629,600","$864,500",,N,Yes,0,"zz.Luloff, Julie",New,Security assessment completed,,-,Renewal,CTB,BC5100072,BC5100072,ATR730000,,3/3/26,4/5/26,900000369,44410312,,"$2,959,800",7800000369,TFT,Cameron Smith,TTMS,PO SR Required,5226,C_Forecast,DIV_2714 - Enterprise Data Platforms,3/12/26,"zz.Brennecke, Jana",,,,,,,,,,"$54,500","$48,500","$44,400","$41,400","$38,300","$38,500","$38,600","$39,100","$39,100","$39,700","$39,100","$39,400","$39,600","$42,000","$43,000","$42,400","$42,900","$43,800","$43,000","$48,300","$49,800","$48,800","$49,500","$50,800","$50,500","$58,200","$60,100","$62,900","$63,900","$63,500","$64,700","$64,400","$63,700","$63,600","$65,000","$64,600","$64,800","$82,800","$86,400","$89,500","$91,500","$95,700","$94,900","$95,100","$95,400","$93,300","$92,600","$93,900","$94,300",-,-,-,-,-,-,-,-,-,-,-,-,-,-,-,-,-,-,-,-,-,-,-,-,-,-,-,-,-,-,-,-,-,-,-,-,-,-,-
100373,T&M,134,CTEDP,A8501946 - Outsourcing Contract - Time & Materials,"ServiceNow, Inc.",ServiceNow,IT service management subscription enterprise agreement,8/22/26,8/31/27,VRM200224,"$292,000","$418,600",-,-,,N,Yes,0,"zz.Brennecke, Jana",New,Pricing validation in progress,0,,New,RTB,BC5100004,BC5100004,ATR730022,,2/4/26,2/11/26,900000373,60597473,,"$710,600",7800000373,,Priya Shah,ICEDQ,630205,4796,C_Forecast,DIV_1307 - Pmts Virt Sol Innov and Cons Bkg Tech Admin,4/22/26,"Abiodun, Dare",AST0700372,,,,,,,,,"$69,400","$62,100","$57,100","$53,500","$49,900","$50,500","$50,900","$51,900","$52,300","$53,300","$52,700","$53,300","$53,700",-,-,-,-,-,-,-,-,-,-,-,-,-,-,-,-,-,-,-,-,-,-,-,-,-,-,-,-,-,-,-,-,-,-,-,-,-,-,-,-,-,-,-,-,-,-,-,-,-,-,-,-,-,-,-,-,-,-,-,-,-,-,-,-,-,-,-,-,-,-,-,-,-,-,-
100370,T&M,128,CTBSTT,A8501946 - Outsourcing Contract - Time & Materials,Accenture LLP,Accenture,Application development and consulting services renewal,8/27/26,2/29/28,VRM200232,"$113,200","$238,100","$42,900",-,,N,Yes,0,"zz.Ejiofor, Justina",Finance Review,Renewal documentation completed,,,Commited,CTB,BC5100077,BC5100077,ATR730033,,2/11/26,5/25/26,900000370,70844641,,"$394,200",7800000370,,Reese Martin,CDP2C,413020,4566,C_Forecast,DIV_1548 - Pmts Virt Sol Innov Platform Management,2/24/26,"K, Srikantesh",AST0700369,,,,,,,,,"$27,300","$24,200","$22,100","$20,600","$19,000","$19,100","$19,100","$19,300","$19,300","$19,500","$19,200","$19,300","$19,400","$20,700","$21,100","$20,900","$21,200","$21,600","$21,300",-,-,-,-,-,-,-,-,-,-,-,-,-,-,-,-,-,-,-,-,-,-,-,-,-,-,-,-,-,-,-,-,-,-,-,-,-,-,-,-,-,-,-,-,-,-,-,-,-,-,-,-,-,-,-,-,-,-,-,-,-,-,-,-,-,-,-,-,-
100371,OEM,144,CTCPR,Fixed Assets (Peoplesoft) - OEM,IBM Corporation,IBM,Mainframe software and technical support enterprise agreement,8/27/26,8/31/33,VRM200107,"$153,900","$319,700","$430,600","$581,100",,N,No,,"Kollapally, Suraj",Execution Complete,Pending final statement of work,,,Commited,RTB,BC5100068,BC5100068,ATR730027,,6/1/26,8/1/26,900000371,89176144,,"$11,987,700",7800000371,,Casey Rivera,QLTRCS,259129,5140,C_Forecast,DIV_2842 - Digital Channel Technology,6/1/26,"Abiodun, Dare",,,,,,,,,,"$37,200","$33,000","$30,100","$27,900","$25,700","$25,700","$25,600","$25,900","$25,900","$26,200","$25,700","$25,900","$26,000","$27,700","$28,400","$28,100","$28,600","$29,300","$28,900","$32,600","$33,800","$33,300","$33,900","$34,900","$34,800","$40,200","$41,500","$43,400","$44,000","$43,700","$44,400","$44,000","$43,300","$43,100","$43,900","$43,400","$43,300","$55,100","$57,300","$59,200","$60,400","$63,000","$62,500","$62,600","$62,800","$61,600","$61,300","$62,400","$62,900","$90,600","$95,800","$108,200","$110,500","$118,900","$116,700","$118,200","$118,100","$119,000","$119,300","$120,200","$118,500","$179,300","$185,700","$197,700","$205,500","$217,800","$220,500","$217,400","$215,600","$215,700","$209,800","$213,100","$211,700","$361,300","$379,400","$391,900","$425,700","$574,000","$570,100","$572,800","$572,600","$570,200","$576,500","$580,000","$585,000",-,-,-
100372,T&M,119,CTADMIN,A8501906 - Outsourcing/Technical Contract,Accenture LLP,Accenture,Application development and consulting services enterprise agreement,8/20/26,8/31/31,VRM200246,"$294,400","$665,500","$833,700","$1,138,100",beeline#,Y,No,4933,"Kollapally, Suraj",Cancelled,Pricing validation in progress,,,New,RTB,BC5100033,BC5100033,ATR730034,,2/2/26,7/25/26,900000372,87801648,,"$6,595,200",7800000372,,Casey Rivera,CCS,6279,1126,C_Forecast,DIV_2921 - Cloud Infrastructure Engineering,4/19/26,"Kollapally, Suraj",AST0700371,,,,,,,,,"$69,900","$62,500","$57,600","$54,000","$50,400","$51,100","$51,600","$52,800","$53,300","$54,500","$54,000","$54,700","$55,200","$58,800","$60,200","$59,400","$59,900","$60,800","$59,300","$66,200","$67,700","$65,700","$65,900","$67,000","$66,000","$75,500","$77,400","$80,600","$81,600","$81,000","$82,600","$82,400","$81,800","$82,200","$84,600","$84,700","$85,600","$110,400","$116,200","$121,400","$125,200","$131,900","$131,600","$132,500","$133,400","$130,700","$129,800","$131,200","$131,200","$186,900","$195,300","$217,600","$219,200","$232,400","$225,100","$225,200","$222,700","$222,500","$221,800","$222,800","$219,700",-,-,-,-,-,-,-,-,-,-,-,-,-,-,-,-,-,-,-,-,-,-,-,-,-,-,-
100374,SAAS,126,CTBSTT,Fixed Assets (Peoplesoft) - SAAS,"Amazon Web Services, Inc.",AWS,Cloud infrastructure and managed services enterprise agreement,8/31/26,8/31/28,VRM200110,"$538,600","$1,180,200","$923,200",-,VRM Status/beeline#,Y,No,0,"Kollapally, Suraj",Execution Complete,Invoice schedule under review,,,Renewal,CTB,BC5100098,BC5100114,ATR730009,,5/23/26,7/23/26,900000374,34668383,,"$2,642,000",7800000374,,Riley Kim,SFCOE,8506,MarTech,C_Forecast,DIV_2921 - Cloud Infrastructure Engineering,3/2/26,"zz.Luloff, Julie",AST0700373,,,,,,,,,"$128,400","$114,700","$105,300","$98,500","$91,700","$92,500","$93,100","$94,800","$95,200","$96,900","$95,600","$96,600","$97,200","$103,400","$105,600","$104,200","$105,100","$106,800","$104,400","$116,900","$120,000","$117,000","$118,100","$120,600","$119,400",-,-,-,-,-,-,-,-,-,-,-,-,-,-,-,-,-,-,-,-,-,-,-,-,-,-,-,-,-,-,-,-,-,-,-,-,-,-,-,-,-,-,-,-,-,-,-,-,-,-,-,-,-,-,-,-,-,-,-,-,-,-,-
100375,SAAS,122,CTDLR,A8201904 - Software as a Service,Verizon Business Network Services,Verizon,Enterprise telecommunications services,8/23/26,8/31/29,VRM200165,"$171,100","$369,300","$474,400","$386,900",,N,Yes,,"zz.Luloff, Julie",LOB Execution,Vendor onboarding completed,,,Commited,RTB,BC5100055,BC5100010,ATR730010,,4/11/26,7/9/26,900000375,21170057,,"$1,401,700",7800000375,TFT,Reese Martin,RADIA,7850,MarTech,C_Forecast,DIV_2383 - Consumer Lending Technology Architecture,4/27/26,"Matera, Jill",AST0700374,,,,,,,,,"$40,900","$36,500","$33,500","$31,200","$29,000","$29,200","$29,300","$29,800","$29,900","$30,300","$29,900","$30,200","$30,300","$32,200","$32,900","$32,500","$32,800","$33,400","$32,700","$36,700","$37,800","$36,900","$37,300","$38,200","$37,900","$43,600","$45,000","$47,100","$47,800","$47,500","$48,500","$48,300","$47,800","$47,900","$49,000","$48,800","$49,100",-,-,-,-,-,-,-,-,-,-,-,-,-,-,-,-,-,-,-,-,-,-,-,-,-,-,-,-,-,-,-,-,-,-,-,-,-,-,-,-,-,-,-,-,-,-,-,-,-,-,-
100376,SW,123,CTHLT,A8200050 - Software License,Accenture LLP,Accenture,Application development and consulting services enterprise agreement,8/19/26,8/31/29,VRM200241,"$90,800","$193,200","$251,700","$205,600",,N,No,4933,"K, Srikantesh",Execution Complete,Invoice schedule under review,,,Renewal,CTB,BC5100043,BC5100043,ATR730046,,12/30/25,2/7/26,900000376,41324766,,"$741,300",7800000376,,Priya Shah,LVRMP,2167,8729,C_Forecast,"DIV_1211 - Deposits, Operations and Debit Card Tech",2/21/26,"Matera, Jill",,,,,,,,,,"$21,800","$19,400","$17,800","$16,500","$15,300","$15,400","$15,400","$15,600","$15,600","$15,900","$15,600","$15,700","$15,800","$16,800","$17,200","$17,000","$17,200","$17,500","$17,200","$19,300","$19,900","$19,500","$19,800","$20,300","$20,200","$23,300","$24,000","$25,200","$25,500","$25,400","$25,900","$25,700","$25,500","$25,400","$26,000","$25,800","$25,900",-,-,-,-,-,-,-,-,-,-,-,-,-,-,-,-,-,-,-,-,-,-,-,-,-,-,-,-,-,-,-,-,-,-,-,-,-,-,-,-,-,-,-,-,-,-,-,-,-,-,-
100377,DEPR,117,CTTOCIO,Fixed Assets (Peoplesoft) - DEPR,"Cisco Systems, Inc.",Cisco,Network hardware maintenance and support renewal,8/20/26,8/31/28,VRM200105,"$45,700","$96,100","$77,400",-,,N,Yes,0,"zz.Luloff, Julie",Analyst Review,Security assessment completed,0,,New,RTB,BC5100041,BC5100041,ATR730029,,7/16/26,7/22/26,900000377,17985831,,"$219,200",7800000377,,Taylor Brooks,HOGAN CIS,9546,7643,C_Forecast,DIV_3055 - Cybersecurity Platform Services,4/11/26,"Eckman, Bradly T.",AST0700376,,,,,,,,,"$11,000","$9,800","$8,900","$8,300","$7,700","$7,700","$7,700","$7,800","$7,800","$7,900","$7,800","$7,800","$7,800","$8,300","$8,500","$8,400","$8,600","$8,700","$8,600","$9,700","$10,000","$9,900","$10,000","$10,300","$10,200",-,-,-,-,-,-,-,-,-,-,-,-,-,-,-,-,-,-,-,-,-,-,-,-,-,-,-,-,-,-,-,-,-,-,-,-,-,-,-,-,-,-,-,-,-,-,-,-,-,-,-,-,-,-,-,-,-,-,-,-,-,-,-
100378,SAAS,134,CTPLATFORM,A8201904 - Software as a Service,"Datadog, Inc.",Datadog,Cloud monitoring and observability subscription,8/18/26,8/31/29,VRM200124,"$59,300","$123,400","$166,200","$134,500",,N,Yes,,"Tadas, Deepa P.",Finance Review,Includes affiliate services,,,Commited,RTB,BC5100067,BC5100067,ATR730057,Web Server,5/25/26,7/14/26,900000378,92795115,,"$483,400",7800000378,,Jamie Chen,AMT/ePIC,4596,890,C_Forecast,DIV_1550 - Branch Operations Enablement,8/7/26,"Kollapally, Suraj",,,,,,,,,,"$14,300","$12,700","$11,600","$10,800","$9,900","$9,900","$9,900","$10,000","$10,000","$10,100","$9,900","$10,000","$10,000","$10,700","$11,000","$10,900","$11,000","$11,300","$11,100","$12,600","$13,100","$12,900","$13,100","$13,500","$13,400","$15,500","$16,000","$16,700","$17,000","$16,800","$17,100","$17,000","$16,700","$16,600","$16,900","$16,700","$16,700",-,-,-,-,-,-,-,-,-,-,-,-,-,-,-,-,-,-,-,-,-,-,-,-,-,-,-,-,-,-,-,-,-,-,-,-,-,-,-,-,-,-,-,-,-,-,-,-,-,-,-
100379,SW,132,CTEDP,A8200050 - Software License,Microsoft Corporation,Microsoft,Enterprise software subscriptions and support renewal,8/8/26,8/31/27,VRM200172,"$107,400","$155,800",-,-,VRM status,Y,No,0,"zz.Luloff, Julie",Execution Complete,No action required,,,New,CTB,BC5100037,BC5100037,ATR730075,,2/24/26,5/20/26,900000379,52036181,,"$263,200",7800000379,,Jordan Lee,BDCMS,1609,5789,C_Forecast,DIV_2921 - Cloud Infrastructure Engineering,6/14/26,"zz.Luloff, Julie",AST0700378,,,,,,,,,"$25,500","$22,800","$21,000","$19,700","$18,400","$18,600","$18,800","$19,300","$19,400","$19,900","$19,700","$20,000","$20,100",-,-,-,-,-,-,-,-,-,-,-,-,-,-,-,-,-,-,-,-,-,-,-,-,-,-,-,-,-,-,-,-,-,-,-,-,-,-,-,-,-,-,-,-,-,-,-,-,-,-,-,-,-,-,-,-,-,-,-,-,-,-,-,-,-,-,-,-,-,-,-,-,-,-,-
100380,DEPR,138,CTHLT,Fixed Assets (Peoplesoft) - DEPR,Infosys Limited,Infosys,Managed application support services,8/12/26,8/31/29,VRM200239,"$21,500","$47,700","$60,200","$48,500",,N,Yes,,"Kollapally, Suraj",LOB Review,Pricing validation in progress,0,,New,RTB,BC5100028,BC5100028,ATR730064,,6/4/26,7/4/26,900000380,70965208,,"$177,900",7800000380,,Jamie Chen,BREF,8229,404,C_Forecast,DIV_1307 - Pmts Virt Sol Innov and Cons Bkg Tech Admin,7/17/26,"Tadas, Deepa P.",,,,,,,,,,"$5,100","$4,600","$4,200","$3,900","$3,700","$3,700","$3,700","$3,800","$3,800","$3,900","$3,900","$3,900","$4,000","$4,200","$4,300","$4,200","$4,300","$4,300","$4,200","$4,700","$4,900","$4,700","$4,800","$4,800","$4,800","$5,500","$5,600","$5,900","$6,000","$5,900","$6,000","$6,000","$6,000","$6,000","$6,200","$6,200","$6,200",-,-,-,-,-,-,-,-,-,-,-,-,-,-,-,-,-,-,-,-,-,-,-,-,-,-,-,-,-,-,-,-,-,-,-,-,-,-,-,-,-,-,-,-,-,-,-,-,-,-,-
100381,SW,120,CTCCPTPYMTS,A8200050 - Software License,Microsoft Corporation,Microsoft,Enterprise software subscriptions and support,8/27/26,8/31/29,VRM200187,"$26,700","$58,400","$74,200","$60,300",,N,Yes,,"S, Rajashekar",Management Review,Pricing validation in progress,,-,New,CTB,BC5100099,BC5100099,ATR730016,Web Server,4/5/26,7/11/26,900000381,78936751,,"$219,600",7800000381,TFT,Casey Rivera,LVRMP,8432,MarTech,C_Forecast,DIV_3055 - Cybersecurity Platform Services,2/2/26,"Abiodun, Dare",,,,,,,,,,"$6,400","$5,700","$5,200","$4,900","$4,500","$4,600","$4,600","$4,700","$4,700","$4,800","$4,700","$4,800","$4,800","$5,100","$5,200","$5,200","$5,200","$5,300","$5,200","$5,800","$5,900","$5,800","$5,800","$6,000","$5,900","$6,800","$7,000","$7,300","$7,400","$7,400","$7,500","$7,500","$7,400","$7,500","$7,700","$7,600","$7,700",-,-,-,-,-,-,-,-,-,-,-,-,-,-,-,-,-,-,-,-,-,-,-,-,-,-,-,-,-,-,-,-,-,-,-,-,-,-,-,-,-,-,-,-,-,-,-,-,-,-,-
100382,T&M,119,CTDLR,A8501946 - Outsourcing Contract - Time & Materials,"Datadog, Inc.",Datadog,Cloud monitoring and observability subscription,8/25/26,8/31/31,VRM200219,"$416,900","$899,900","$1,156,000","$1,592,800",,N,Yes,0,"Eckman, Bradley T.",LOB Execution,Budget owner confirmed,,,New,CTB,BC5100053,BC5100053,ATR730034,,1/25/26,1/28/26,900000382,39539231,,"$9,102,600",7800000382,,Jamie Chen,MOD,1476,1187,C_Forecast,DIV_3055 - Cybersecurity Platform Services,2/28/26,"zz.Luloff, Julie",,,,,,,,,,"$99,700","$88,900","$81,500","$76,100","$70,700","$71,200","$71,400","$72,600","$72,800","$73,900","$72,800","$73,500","$73,900","$78,500","$80,200","$79,200","$79,900","$81,300","$79,700","$89,400","$92,000","$89,900","$91,000","$93,100","$92,400","$106,300","$109,700","$114,700","$116,500","$115,800","$118,200","$117,700","$116,600","$116,700","$119,500","$119,000","$119,600","$153,100","$160,100","$166,200","$170,300","$178,400","$177,100","$177,500","$178,100","$174,200","$172,800","$175,000","$175,300","$250,700","$263,200","$295,000","$299,300","$319,700","$312,000","$314,300","$313,000","$314,600","$315,100","$317,700","$314,000",-,-,-,-,-,-,-,-,-,-,-,-,-,-,-,-,-,-,-,-,-,-,-,-,-,-,-
100384,SW,134,CTSB,Fixed Assets (Peoplesoft) - SWM,AT&T Corp.,AT&T,Network and telecommunications services renewal,8/17/26,8/31/27,VRM200180,"$212,200","$288,700",-,-,VRM status,Y,Yes,0,"Eckman, Bradley T.",Analyst Review,Renewal documentation completed,,,Renewal,RTB,BC5100061,BC5100061,ATR730074,,3/15/26,7/8/26,900000384,72931216,,"$500,900",7800000384,TFT,Morgan Patel,TTMS,707468,9806,C_Forecast,DIV_3055 - Cybersecurity Platform Services,5/16/26,"Agarwal, Ushika",,,,,,,,,,"$51,100","$45,400","$41,500","$38,600","$35,600","$35,700","$35,700","$36,100","$36,100","$36,600","$35,900","$36,200","$36,400",-,-,-,-,-,-,-,-,-,-,-,-,-,-,-,-,-,-,-,-,-,-,-,-,-,-,-,-,-,-,-,-,-,-,-,-,-,-,-,-,-,-,-,-,-,-,-,-,-,-,-,-,-,-,-,-,-,-,-,-,-,-,-,-,-,-,-,-,-,-,-,-,-,-,-
100383,SAAS,114,CTBSTT,Fixed Assets (Peoplesoft) - SAAS,"Cisco Systems, Inc.",Cisco,Network hardware maintenance and support,8/15/26,8/31/28,VRM200164,"$217,500","$462,900","$368,300",-,VRM Status/beeline#,Y,Yes,,"Eckman, Bradley T.",Submitted to Sponsor,Includes affiliate services,,,New,RTB,BC5100067,BC5100067,ATR730006,,6/24/26,8/7/26,900000383,41324766,,"$1,048,700",7800000383,,Reese Martin,SMT#2452 & SR#SR1994083716,664514,MarTech,C_Forecast,DIV_2383 - Consumer Lending Technology Architecture,6/20/26,"zz.Luloff, Julie",AST0700382,,,,,,,,,"$52,200","$46,500","$42,500","$39,600","$36,700","$36,900","$36,900","$37,500","$37,500","$38,000","$37,400","$37,700","$37,900","$40,300","$41,100","$40,600","$41,100","$41,900","$41,100","$46,300","$47,700","$46,800","$47,400","$48,700","$48,400",-,-,-,-,-,-,-,-,-,-,-,-,-,-,-,-,-,-,-,-,-,-,-,-,-,-,-,-,-,-,-,-,-,-,-,-,-,-,-,-,-,-,-,-,-,-,-,-,-,-,-,-,-,-,-,-,-,-,-,-,-,-,-
100386,T&M,127,CTEDP,A8501946 - Outsourcing Contract - Time & Materials,Snowflake Inc.,Snowflake,Cloud data platform subscription renewal,8/24/26,8/31/28,VRM200123,"$142,300","$321,700","$250,700",-,,N,Yes,,"Kollapally, Suraj",Submitted to Sponsor,Invoice schedule under review,0,,Commited,RTB,BC5100047,BC5100017,ATR730046,,7/2/26,7/3/26,900000386,36298788,,"$714,700",7800000386,,Riley Kim,TTMS,2717,526,C_Forecast,DIV_2383 - Consumer Lending Technology Architecture,1/4/26,"Tadas, Deepa P.",AST0700385,,,,,,,,,"$33,800","$30,200","$27,800","$26,100","$24,400","$24,700","$25,000","$25,500","$25,800","$26,300","$26,100","$26,400","$26,700","$28,400","$29,100","$28,700","$29,000","$29,400","$28,700","$32,000","$32,700","$31,700","$31,900","$32,400","$31,900",-,-,-,-,-,-,-,-,-,-,-,-,-,-,-,-,-,-,-,-,-,-,-,-,-,-,-,-,-,-,-,-,-,-,-,-,-,-,-,-,-,-,-,-,-,-,-,-,-,-,-,-,-,-,-,-,-,-,-,-,-,-,-
100387,DEPR,113,CTMARTECH,Fixed Assets (Peoplesoft) - DEPR,Tata Consultancy Services,TCS,Application maintenance and delivery services,8/26/26,8/31/30,VRM200248,"$63,000","$140,200","$176,400","$242,800",,N,No,,"zz.Brennecke, Jana",Execution Complete,Includes affiliate services,,-,New,CTB,BC5100052,BC5100052,ATR730053,,5/12/26,7/21/26,900000387,21452537,,"$843,300",7800000387,,Casey Rivera,HOGAN CIS,3236,6032,C_Forecast,DIV_3188 - Marketing Technology Enablement,5/21/26,System,AST0700386,,,,,,,,,"$15,000","$13,400","$12,300","$11,500","$10,800","$10,900","$11,000","$11,200","$11,300","$11,500","$11,400","$11,500","$11,600","$12,300","$12,600","$12,400","$12,500","$12,700","$12,400","$13,900","$14,200","$13,800","$13,900","$14,200","$14,000","$16,100","$16,500","$17,200","$17,500","$17,400","$17,700","$17,700","$17,500","$17,600","$18,100","$18,100","$18,300","$23,500","$24,700","$25,700","$26,500","$27,800","$27,700","$27,800","$28,000","$27,400","$27,200","$27,500","$27,500",-,-,-,-,-,-,-,-,-,-,-,-,-,-,-,-,-,-,-,-,-,-,-,-,-,-,-,-,-,-,-,-,-,-,-,-,-,-,-
100389,SAAS,135,CTPLATFORM,A8201904 - Software as a Service,AT&T Corp.,AT&T,Network and telecommunications services enterprise agreement,8/16/26,8/31/30,VRM200230,"$150,500","$325,000","$417,400","$575,100",,N,No,,"K, Srikantesh",Execution Complete,No action required,,,New,CTB,BC5100110,BC5100110,ATR730021,,2/13/26,7/4/26,900000389,34362370,,"$1,976,500",7800000389,,Riley Kim,CFSBI,5137,3149,C_Forecast,DIV_3188 - Marketing Technology Enablement,7/4/26,"zz.Brennecke, Jana",,,,,,,,,,"$36,000","$32,100","$29,400","$27,500","$25,500","$25,700","$25,800","$26,200","$26,300","$26,700","$26,300","$26,500","$26,700","$28,300","$29,000","$28,600","$28,900","$29,400","$28,800","$32,300","$33,200","$32,500","$32,800","$33,600","$33,400","$38,400","$39,600","$41,400","$42,000","$41,800","$42,700","$42,500","$42,100","$42,100","$43,100","$43,000","$43,200","$55,300","$57,800","$60,000","$61,500","$64,400","$63,900","$64,100","$64,300","$62,900","$62,400","$63,200","$63,300",-,-,-,-,-,-,-,-,-,-,-,-,-,-,-,-,-,-,-,-,-,-,-,-,-,-,-,-,-,-,-,-,-,-,-,-,-,-,-
100390,OEM,143,CTDLR,Fixed Assets (Peoplesoft) - OEM,"Datadog, Inc.",Datadog,Cloud monitoring and observability subscription renewal,8/30/26,8/31/31,VRM200155,"$155,400","$330,300","$430,600","$591,000",,N,Yes,0,"zz.Ejiofor, Justina",Finance Review,Budget owner confirmed,,,Renewal,CTB,BC5100088,BC5100088,ATR730014,,7/9/26,8/26/26,900000390,34303218,,"$3,375,700",7800000390,,Dana Williams,Goldmine (WFF) GLDMN,5564,2511,C_Forecast,DIV_1307 - Pmts Virt Sol Innov and Cons Bkg Tech Admin,1/2/26,"Ashwathappa, Rakesh",AST0700389,,,,,,,,,"$37,300","$33,200","$30,400","$28,300","$26,200","$26,300","$26,400","$26,700","$26,800","$27,100","$26,700","$26,900","$27,000","$28,700","$29,400","$29,000","$29,300","$29,900","$29,400","$33,000","$34,100","$33,400","$33,900","$34,800","$34,500","$39,800","$41,100","$43,000","$43,700","$43,400","$44,300","$44,000","$43,500","$43,500","$44,400","$44,200","$44,300","$56,600","$59,000","$61,200","$62,600","$65,400","$64,900","$65,000","$65,200","$63,800","$63,300","$64,200","$64,400","$92,300","$97,200","$109,200","$111,000","$118,900","$116,300","$117,400","$117,100","$117,900","$118,100","$119,100","$117,700",-,-,-,-,-,-,-,-,-,-,-,-,-,-,-,-,-,-,-,-,-,-,-,-,-,-,-
100391,SAAS,120,CTTOCIO,Fixed Assets (Peoplesoft) - SAAS,Adobe Inc.,Adobe,Digital experience platform subscription,8/24/26,8/31/27,VRM200182,"$224,100","$304,900",-,-,VRM status,Y,Yes,0,"zz.Luloff, Julie",Analyst Review,Migration dependency tracked,0,-,Renewal,CTB,BC5100054,BC5100054,ATR730012,,7/5/26,7/22/26,900000391,62962370,,"$529,000",7800000391,,Alex Morgan,HOGAN CIS,PO SR Required,MarTech,C_Forecast,DIV_2842 - Digital Channel Technology,3/23/26,"zz.Brennecke, Jana",AST0700390,,,,,,,,,"$54,000","$48,000","$43,800","$40,700","$37,600","$37,700","$37,700","$38,200","$38,100","$38,600","$38,000","$38,200","$38,400",-,-,-,-,-,-,-,-,-,-,-,-,-,-,-,-,-,-,-,-,-,-,-,-,-,-,-,-,-,-,-,-,-,-,-,-,-,-,-,-,-,-,-,-,-,-,-,-,-,-,-,-,-,-,-,-,-,-,-,-,-,-,-,-,-,-,-,-,-,-,-,-,-,-,-
100392,OEM,139,CTEDP,Fixed Assets (Peoplesoft) - OEM,Verizon Business Network Services,Verizon,Enterprise telecommunications services renewal,8/29/26,2/29/28,VRM200150,"$330,600","$687,500","$125,000",-,,N,Yes,4933,"Tadas, Deepa P.",Management Review,Vendor onboarding completed,,-,New,CTB,BC5100041,BC5100041,ATR730021,,8/9/26,8/22/26,900000392,46554731,,"$1,143,100",7800000392,,Priya Shah,LVRMP,3264,117,C_Forecast,DIV_2842 - Digital Channel Technology,7/3/26,System,AST0700391,,,,,,,,,"$79,900","$70,900","$64,600","$59,900","$55,300","$55,300","$55,100","$55,700","$55,600","$56,300","$55,300","$55,700","$56,000","$59,600","$61,000","$60,500","$61,400","$62,900","$62,100",-,-,-,-,-,-,-,-,-,-,-,-,-,-,-,-,-,-,-,-,-,-,-,-,-,-,-,-,-,-,-,-,-,-,-,-,-,-,-,-,-,-,-,-,-,-,-,-,-,-,-,-,-,-,-,-,-,-,-,-,-,-,-,-,-,-,-,-,-
100395,TEL,141,CTSB,A8292080 - Telecommunication,Broadcom Inc.,Broadcom,Infrastructure software maintenance,8/31/26,8/31/32,VRM200204,"$175,200","$383,900","$487,500","$672,100",,N,Yes,0,"Tadas, Deepa P.",Finance - Managing,Vendor onboarding completed,0,,Commited,RTB,BC5100056,BC5100056,ATR730023,,6/10/26,7/14/26,900000395,75978964,,"$6,736,300",7800000395,,Avery Johnson,CFSBI,618207,8059,C_Forecast,DIV_1307 - Pmts Virt Sol Innov and Cons Bkg Tech Admin,2/21/26,"Kollapally, Suraj",AST0700394,,,,,,,,,"$41,800","$37,300","$34,300","$32,000","$29,800","$30,100","$30,300","$30,800","$31,000","$31,500","$31,100","$31,400","$31,600","$33,600","$34,400","$33,900","$34,200","$34,700","$34,000","$38,000","$39,000","$38,100","$38,400","$39,200","$38,800","$44,600","$46,000","$48,000","$48,700","$48,400","$49,400","$49,300","$48,900","$49,000","$50,300","$50,100","$50,500","$64,900","$68,000","$70,700","$72,600","$76,200","$75,700","$76,000","$76,300","$74,600","$74,000","$74,900","$74,900","$107,000","$112,100","$125,300","$126,800","$135,100","$131,500","$132,200","$131,400","$131,900","$131,900","$132,900","$131,300","$199,400","$207,500","$222,200","$232,800","$248,700","$254,000","$252,600","$252,800","$254,900","$249,800","$255,600","$255,300",-,-,-,-,-,-,-,-,-,-,-,-,-,-,-
100397,TEL,133,CTARCHENG,A8292080 - Telecommunication,Google LLC,Google Cloud,Cloud data and analytics services renewal,8/25/26,8/31/29,VRM200130,"$85,600","$182,000","$237,400","$193,800",,N,Yes,,"Kollapally, Suraj",Finance Review,Pricing validation in progress,,-,New,CTB,BC5100095,BC5100095,ATR730055,,1/7/26,1/27/26,900000397,20398145,,"$698,800",7800000397,,Cameron Smith,1DBI,896017,5457,C_Forecast,DIV_2637 - Consumer Payments,8/7/26,"K, Srikantesh",AST0700396,,,,,,,,,"$20,500","$18,300","$16,700","$15,600","$14,500","$14,500","$14,500","$14,700","$14,700","$15,000","$14,700","$14,800","$14,900","$15,800","$16,200","$16,000","$16,200","$16,500","$16,200","$18,200","$18,800","$18,400","$18,700","$19,200","$19,000","$21,900","$22,700","$23,700","$24,100","$23,900","$24,400","$24,300","$24,000","$24,000","$24,500","$24,300","$24,400",-,-,-,-,-,-,-,-,-,-,-,-,-,-,-,-,-,-,-,-,-,-,-,-,-,-,-,-,-,-,-,-,-,-,-,-,-,-,-,-,-,-,-,-,-,-,-,-,-,-,-
100398,SW,129,CTHLT,A8200050 - Software License,Google LLC,Google Cloud,Cloud data and analytics services,8/24/26,8/31/32,VRM200193,"$82,400","$173,200","$229,300","$312,600",,N,No,,"zz.Luloff, Julie",Execution Complete,Legal review pending,,,Commited,CTB,BC5100068,BC5100068,ATR730007,,4/14/26,7/7/26,900000398,24564257,,"$3,128,400",7800000398,,Jordan Lee,MOD,1143,7356,C_Forecast,DIV_1548 - Pmts Virt Sol Innov Platform Management,8/7/26,"K, Srikantesh",AST0700397,,,,,,,,,"$19,900","$17,600","$16,100","$15,000","$13,800","$13,900","$13,900","$14,000","$14,000","$14,200","$14,000","$14,100","$14,100","$15,000","$15,400","$15,200","$15,400","$15,700","$15,500","$17,500","$18,100","$17,800","$18,000","$18,500","$18,500","$21,300","$22,000","$23,000","$23,400","$23,200","$23,600","$23,500","$23,200","$23,100","$23,600","$23,300","$23,400","$29,800","$31,000","$32,100","$32,800","$34,200","$33,900","$34,000","$34,100","$33,400","$33,200","$33,700","$33,900","$48,700","$51,300","$57,800","$59,000","$63,300","$62,000","$62,700","$62,600","$63,100","$63,300","$63,800","$63,000","$95,400","$99,000","$105,600","$110,000","$116,900","$118,600","$117,100","$116,400","$116,700","$113,700","$115,600","$114,900",-,-,-,-,-,-,-,-,-,-,-,-,-,-,-
100399,SAAS,137,CTHLT,A8201904 - Software as a Service,Adobe Inc.,Adobe,Digital experience platform subscription enterprise agreement,8/30/26,8/31/29,VRM200211,"$80,700","$167,900","$225,900","$183,100",,N,No,,"Tadas, Deepa P.",Execution Complete,Vendor onboarding completed,,-,New,RTB,BC5100084,BC5100084,ATR730040,,5/1/26,6/4/26,900000399,41005711,,"$657,600",7800000399,,Alex Morgan,WFIG,PO SR Required,5060,C_Forecast,DIV_2714 - Enterprise Data Platforms,7/18/26,"Tadas, Deepa P.",AST0700398,,,,,,,,,"$19,500","$17,300","$15,800","$14,600","$13,500","$13,500","$13,500","$13,600","$13,600","$13,700","$13,500","$13,600","$13,700","$14,500","$14,900","$14,800","$15,000","$15,400","$15,100","$17,100","$17,700","$17,500","$17,800","$18,300","$18,200","$21,100","$21,800","$22,800","$23,100","$22,900","$23,300","$23,100","$22,700","$22,600","$23,000","$22,800","$22,700",-,-,-,-,-,-,-,-,-,-,-,-,-,-,-,-,-,-,-,-,-,-,-,-,-,-,-,-,-,-,-,-,-,-,-,-,-,-,-,-,-,-,-,-,-,-,-,-,-,-,-
100400,SW,132,CTBSTT,A8200050 - Software License,Broadcom Inc.,Broadcom,Infrastructure software maintenance,8/24/26,2/29/28,VRM200241,"$239,300","$541,300","$97,600",-,,N,No,0,"S, Rajashekar",Execution Complete,Vendor onboarding completed,,,Commited,CTB,BC5100077,BC5100077,ATR730070,,7/22/26,8/6/26,900000400,39539231,,"$878,200",7800000400,,Avery Johnson,QLTRCS,925386,3035,C_Forecast,DIV_1307 - Pmts Virt Sol Innov and Cons Bkg Tech Admin,1/21/26,"Agarwal, Ushika",AST0700399,,,,,,,,,"$56,800","$50,800","$46,800","$43,900","$41,000","$41,600","$42,000","$43,000","$43,300","$44,300","$43,900","$44,500","$44,900","$47,800","$49,000","$48,300","$48,700","$49,400","$48,200",-,-,-,-,-,-,-,-,-,-,-,-,-,-,-,-,-,-,-,-,-,-,-,-,-,-,-,-,-,-,-,-,-,-,-,-,-,-,-,-,-,-,-,-,-,-,-,-,-,-,-,-,-,-,-,-,-,-,-,-,-,-,-,-,-,-,-,-,-
100401,SAAS,127,CTSB,A8201904 - Software as a Service,"Datadog, Inc.",Datadog,Cloud monitoring and observability subscription enterprise agreement,8/9/26,8/31/32,VRM200195,"$101,100","$225,200","$283,400","$389,600",,N,No,0,"K, Srikantesh",Execution Complete,Invoice schedule under review,,-,New,CTB,BC5100112,BC5100112,ATR730022,,2/20/26,3/1/26,900000401,78503377,,"$3,915,300",7800000401,TFT,Riley Kim,HOGAN CIS,4349,MarTech,C_Forecast,DIV_1550 - Branch Operations Enablement,4/25/26,"Abiodun, Dare",AST0700400,,,,,,,,,"$24,000","$21,500","$19,800","$18,500","$17,300","$17,500","$17,600","$18,000","$18,100","$18,500","$18,300","$18,500","$18,600","$19,800","$20,200","$20,000","$20,100","$20,400","$20,000","$22,300","$22,800","$22,200","$22,400","$22,800","$22,500","$25,800","$26,500","$27,700","$28,000","$27,900","$28,400","$28,400","$28,200","$28,300","$29,000","$29,000","$29,300","$37,700","$39,600","$41,300","$42,500","$44,600","$44,500","$44,700","$44,900","$44,000","$43,600","$44,100","$44,100","$62,900","$65,800","$73,400","$74,100","$78,800","$76,500","$76,700","$76,000","$76,200","$76,100","$76,500","$75,600","$114,700","$119,400","$128,000","$134,200","$143,600","$146,900","$146,300","$146,800","$148,400","$145,700","$149,400","$149,500",-,-,-,-,-,-,-,-,-,-,-,-,-,-,-
100403,SW,127,CTBSTT,Fixed Assets (Peoplesoft) - SWM,Verizon Business Network Services,Verizon,Enterprise telecommunications services,8/18/26,8/31/27,VRM200126,"$87,700","$122,300",-,-,,N,Yes,0,"Tadas, Deepa P.",Finance Review,Security assessment completed,,-,Renewal,CTB,BC5100093,BC5100093,ATR730039,,2/8/26,7/7/26,900000403,59661767,,"$210,000",7800000403,TFT,Priya Shah,QLTRCS,5292,5431,C_Forecast,DIV_1550 - Branch Operations Enablement,1/21/26,"Ashwathappa, Rakesh",,,,,,,,,,"$21,000","$18,700","$17,100","$16,000","$14,900","$15,000","$15,000","$15,300","$15,300","$15,500","$15,300","$15,400","$15,500",-,-,-,-,-,-,-,-,-,-,-,-,-,-,-,-,-,-,-,-,-,-,-,-,-,-,-,-,-,-,-,-,-,-,-,-,-,-,-,-,-,-,-,-,-,-,-,-,-,-,-,-,-,-,-,-,-,-,-,-,-,-,-,-,-,-,-,-,-,-,-,-,-,-,-
100402,T&M,120,CTHLT,A8501906 - Outsourcing/Technical Contract,Tata Consultancy Services,TCS,Application maintenance and delivery services enterprise agreement,8/13/26,8/31/32,VRM200151,"$247,500","$542,300","$688,600","$949,100",,N,No,0,"Eckman, Bradley T.",Execution Complete,No action required,,-,Renewal,RTB,BC5100070,BC5100050,ATR730053,,1/20/26,3/14/26,900000402,89176144,,"$9,513,900",7800000402,,Reese Martin,GLDMN,6708,6848,C_Forecast,"DIV_1211 - Deposits, Operations and Debit Card Tech",3/1/26,"zz.Brennecke, Jana",AST0700401,,,,,,,,,"$59,000","$52,700","$48,400","$45,300","$42,100","$42,500","$42,800","$43,600","$43,700","$44,500","$43,900","$44,400","$44,700","$47,500","$48,500","$47,900","$48,300","$49,100","$48,000","$53,700","$55,100","$53,800","$54,200","$55,400","$54,800","$63,000","$64,900","$67,800","$68,800","$68,400","$69,800","$69,600","$69,000","$69,200","$71,000","$70,800","$71,400","$91,600","$96,000","$99,800","$102,500","$107,600","$106,900","$107,300","$107,700","$105,400","$104,500","$105,700","$105,800","$151,100","$158,300","$177,000","$179,100","$190,800","$185,800","$186,700","$185,600","$186,200","$186,300","$187,700","$185,500","$281,600","$293,100","$313,900","$328,700","$351,300","$358,700","$356,700","$357,000","$360,000","$352,900","$361,000","$360,500",-,-,-,-,-,-,-,-,-,-,-,-,-,-,-
100404,FB,118,CTBSTT,A8501945 - Outsourcing Contract - Fixed Bid,FIS Global,FIS,Banking platform software and services renewal,8/28/26,8/31/30,VRM200136,"$563,100","$1,198,200","$1,561,200","$2,142,600",,N,No,0,"zz.Ejiofor, Justina",Execution Complete,Renewal documentation completed,,-,Commited,CTB,BC5100053,BC5100053,ATR730060,,2/23/26,7/2/26,900000404,54546544,,"$7,337,000",7800000404,,Cameron Smith,AMT/ePIC,6435,85,C_Forecast,DIV_2636 - Teller,8/2/26,"Eckman, Bradly T.",AST0700403,,,,,,,,,"$135,100","$120,300","$110,100","$102,600","$95,000","$95,500","$95,600","$97,000","$97,000","$98,400","$96,800","$97,600","$98,000","$104,200","$106,500","$105,200","$106,400","$108,500","$106,500","$119,800","$123,600","$121,100","$122,800","$126,000","$125,200","$144,300","$149,100","$156,000","$158,300","$157,400","$160,400","$159,600","$157,800","$157,700","$161,100","$160,100","$160,600","$205,200","$214,100","$221,700","$226,900","$237,200","$235,200","$235,700","$236,400","$231,300","$229,700","$232,800","$233,600",-,-,-,-,-,-,-,-,-,-,-,-,-,-,-,-,-,-,-,-,-,-,-,-,-,-,-,-,-,-,-,-,-,-,-,-,-,-,-
100405,SW,122,CTBSTT,Fixed Assets (Peoplesoft) - SWM,Deloitte Consulting LLP,Deloitte,Technology consulting services,8/26/26,8/31/30,VRM200173,"$675,900","$1,420,400","$1,880,300","$2,562,500",,N,No,,"zz.Luloff, Julie",Execution Complete,Invoice schedule under review,,,New,RTB,BC5100060,BC5100060,ATR730013,Web Server,5/24/26,8/4/26,900000405,85122507,,"$8,756,100",7800000405,,Reese Martin,RADIA,787087,4319,C_Forecast,DIV_1550 - Branch Operations Enablement,7/2/26,"K, Srikantesh",AST0700404,,,,,,,,,"$162,800","$144,700","$132,100","$122,800","$113,500","$113,800","$113,700","$115,100","$115,000","$116,500","$114,500","$115,300","$115,900","$123,300","$126,100","$124,800","$126,400","$129,100","$127,100","$143,300","$148,200","$145,600","$147,900","$152,100","$151,400","$174,600","$180,500","$188,900","$191,600","$190,300","$193,800","$192,500","$190,000","$189,400","$193,100","$191,400","$191,600","$244,300","$254,400","$263,000","$268,700","$280,700","$278,100","$278,600","$279,600","$273,800","$272,100","$276,200","$277,900",-,-,-,-,-,-,-,-,-,-,-,-,-,-,-,-,-,-,-,-,-,-,-,-,-,-,-,-,-,-,-,-,-,-,-,-,-,-,-
100406,OEM,111,CTSB,Fixed Assets (Peoplesoft) - OEM,"Fiserv, Inc.",Fiserv,Payments processing software and support enterprise agreement,8/16/26,8/31/27,VRM200152,"$46,000","$62,000",-,-,,N,Yes,,"Tadas, Deepa P.",Submitted to Sponsor,Pending final statement of work,,,Renewal,RTB,BC5100050,BC5100050,ATR730051,,3/8/26,3/26/26,900000406,67079258,,"$108,000",7800000406,,Reese Martin,1CR5,3067,1608,C_Forecast,DIV_2921 - Cloud Infrastructure Engineering,6/8/26,"Matera, Jill",AST0700405,,,,,,,,,"$11,100","$9,900","$9,000","$8,300","$7,700","$7,700","$7,700","$7,800","$7,700","$7,800","$7,700","$7,800","$7,800",-,-,-,-,-,-,-,-,-,-,-,-,-,-,-,-,-,-,-,-,-,-,-,-,-,-,-,-,-,-,-,-,-,-,-,-,-,-,-,-,-,-,-,-,-,-,-,-,-,-,-,-,-,-,-,-,-,-,-,-,-,-,-,-,-,-,-,-,-,-,-,-,-,-,-
100407,SAAS,138,CTADMIN,A8201904 - Software as a Service,Infosys Limited,Infosys,Managed application support services enterprise agreement,8/11/26,8/31/28,VRM200110,"$162,300","$366,900","$285,800",-,,N,Yes,,"zz.Ejiofor, Justina",Finance - Managing,No action required,0,-,Commited,CTB,BC5100077,BC5100077,ATR730049,Web Server,6/10/26,6/19/26,900000407,73685254,,"$815,000",7800000407,,Morgan Patel,ATMP,917818,MarTech,C_Forecast,DIV_2636 - Teller,3/4/26,"zz.Luloff, Julie",,,,,,,,,,"$38,500","$34,500","$31,700","$29,800","$27,800","$28,200","$28,500","$29,100","$29,400","$30,000","$29,800","$30,200","$30,400","$32,400","$33,200","$32,700","$33,000","$33,500","$32,700","$36,500","$37,300","$36,200","$36,300","$36,900","$36,400",-,-,-,-,-,-,-,-,-,-,-,-,-,-,-,-,-,-,-,-,-,-,-,-,-,-,-,-,-,-,-,-,-,-,-,-,-,-,-,-,-,-,-,-,-,-,-,-,-,-,-,-,-,-,-,-,-,-,-,-,-,-,-
100408,SAAS,113,CTCPR,A8201904 - Software as a Service,"ServiceNow, Inc.",ServiceNow,IT service management subscription,8/31/26,2/29/28,VRM200210,"$459,100","$1,022,000","$183,400",-,beeline#,Y,Yes,4933,"S, Rajashekar",LOB Review,No action required,,-,Renewal,CTB,BC5100099,BC5100099,ATR730020,Web Server,4/16/26,8/28/26,900000408,62258466,,"$1,664,500",7800000408,,Dana Williams,SMT#2452 & SR#SR1994083716,124343,8946,C_Forecast,DIV_1550 - Branch Operations Enablement,8/3/26,"zz.Brennecke, Jana",,,,,,,,,,"$109,200","$97,600","$89,800","$84,100","$78,400","$79,300","$80,000","$81,600","$82,200","$83,800","$82,900","$83,800","$84,500","$89,900","$91,900","$90,700","$91,400","$92,800","$90,600",-,-,-,-,-,-,-,-,-,-,-,-,-,-,-,-,-,-,-,-,-,-,-,-,-,-,-,-,-,-,-,-,-,-,-,-,-,-,-,-,-,-,-,-,-,-,-,-,-,-,-,-,-,-,-,-,-,-,-,-,-,-,-,-,-,-,-,-,-
100409,SAAS,139,CTTOCIO,A8201904 - Software as a Service,"ServiceNow, Inc.",ServiceNow,IT service management subscription enterprise agreement,8/19/26,8/31/33,VRM200186,"$92,000","$201,700","$256,100","$352,900",,N,Yes,,"K, Srikantesh",Finance - Managing,Vendor onboarding completed,,-,New,CTB,BC5100099,BC5100099,ATR730028,Web Server,5/14/26,7/5/26,900000409,60597473,,"$7,378,400",7800000409,,Jordan Lee,LO - SHAW-APP,3393,1724,C_Forecast,DIV_2842 - Digital Channel Technology,8/7/26,"Tadas, Deepa P.",,,,,,,,,,"$21,900","$19,600","$18,000","$16,800","$15,700","$15,800","$15,900","$16,200","$16,300","$16,600","$16,300","$16,500","$16,600","$17,700","$18,000","$17,800","$18,000","$18,300","$17,800","$20,000","$20,500","$20,000","$20,200","$20,600","$20,400","$23,400","$24,100","$25,200","$25,600","$25,400","$26,000","$25,900","$25,700","$25,700","$26,400","$26,300","$26,500","$34,100","$35,700","$37,100","$38,100","$40,000","$39,800","$39,900","$40,100","$39,200","$38,900","$39,300","$39,400","$56,200","$58,900","$65,800","$66,600","$71,000","$69,100","$69,500","$69,000","$69,300","$69,300","$69,800","$69,000","$104,700","$109,000","$116,800","$122,300","$130,700","$133,400","$132,700","$132,800","$133,900","$131,300","$134,300","$134,100","$229,800","$241,900","$250,000","$271,200","$364,500","$360,200","$359,600","$356,600","$351,900","$352,300","$351,000","$350,600",-,-,-
100410,SW,130,CTADMIN,Fixed Assets (Peoplesoft) - SWM,Verizon Business Network Services,Verizon,Enterprise telecommunications services enterprise agreement,8/9/26,8/31/32,VRM200175,"$148,500","$320,500","$411,900","$567,300",,N,No,,"zz.Brennecke, Jana",Cancelled,Legal review pending,,-,New,CTB,BC5100057,BC5100057,ATR730062,Web Server,3/8/26,4/11/26,900000410,99826360,,"$5,676,500",7800000410,TFT,Priya Shah,HOGAN CIS,764532,8228,C_Forecast,DIV_2921 - Cloud Infrastructure Engineering,2/14/26,"K, Srikantesh",,,,,,,,,,"$35,500","$31,700","$29,000","$27,100","$25,200","$25,300","$25,400","$25,900","$25,900","$26,300","$25,900","$26,200","$26,300","$28,000","$28,600","$28,200","$28,500","$29,000","$28,400","$31,800","$32,800","$32,000","$32,400","$33,200","$32,900","$37,900","$39,100","$40,900","$41,500","$41,200","$42,100","$41,900","$41,500","$41,600","$42,600","$42,400","$42,600","$54,500","$57,000","$59,200","$60,700","$63,500","$63,100","$63,200","$63,400","$62,100","$61,600","$62,300","$62,400","$89,300","$93,700","$105,100","$106,600","$113,800","$111,100","$111,900","$111,500","$112,100","$112,200","$113,100","$111,800","$169,700","$176,600","$188,900","$197,500","$210,700","$214,800","$213,100","$212,800","$214,100","$209,400","$213,800","$213,100",-,-,-,-,-,-,-,-,-,-,-,-,-,-,-
100411,T&M,138,CTADMIN,A8501906 - Outsourcing/Technical Contract,Accenture LLP,Accenture,Application development and consulting services renewal,8/22/26,2/29/28,VRM200217,"$258,800","$550,800","$98,800",-,,N,Yes,,"Eckman, Bradley T.",Submitted to Sponsor,Pricing validation in progress,,,New,CTB,BC5100043,BC5100056,ATR730078,,1/22/26,8/12/26,900000411,30120510,,"$908,400",7800000411,TFT,Casey Rivera,CDP2C,728710,7164,C_Forecast,DIV_2842 - Digital Channel Technology,3/22/26,"Agarwal, Ushika",AST0700410,,,,,,,,,"$62,100","$55,300","$50,600","$47,100","$43,700","$43,900","$43,900","$44,600","$44,600","$45,200","$44,500","$44,800","$45,100","$47,900","$49,000","$48,400","$48,900","$49,900","$48,900",-,-,-,-,-,-,-,-,-,-,-,-,-,-,-,-,-,-,-,-,-,-,-,-,-,-,-,-,-,-,-,-,-,-,-,-,-,-,-,-,-,-,-,-,-,-,-,-,-,-,-,-,-,-,-,-,-,-,-,-,-,-,-,-,-,-,-,-,-
100412,SAAS,118,CTMARTECH,Fixed Assets (Peoplesoft) - SAAS,"Salesforce, Inc.",Salesforce,Customer relationship management platform,8/12/26,8/31/27,VRM200154,"$128,000","$174,400",-,-,,N,Yes,,"zz.Brennecke, Jana",Submitted to Sponsor,Consolidated under enterprise agreement,,,Commited,CTB,BC5100063,BC5100105,ATR730054,Web Server,5/2/26,7/14/26,900000412,41324766,,"$302,400",7800000412,,Jordan Lee,PWDW,7296,9746,C_Forecast,DIV_2637 - Consumer Payments,6/7/26,"Abiodun, Dare",AST0700411,,,,,,,,,"$30,800","$27,400","$25,000","$23,300","$21,500","$21,600","$21,500","$21,800","$21,800","$22,100","$21,700","$21,900","$22,000",-,-,-,-,-,-,-,-,-,-,-,-,-,-,-,-,-,-,-,-,-,-,-,-,-,-,-,-,-,-,-,-,-,-,-,-,-,-,-,-,-,-,-,-,-,-,-,-,-,-,-,-,-,-,-,-,-,-,-,-,-,-,-,-,-,-,-,-,-,-,-,-,-,-,-
100413,SW,133,CTEDP,A8200045 - Software Maintenance,"Fiserv, Inc.",Fiserv,Payments processing software and support enterprise agreement,8/24/26,8/31/30,VRM200189,"$53,200","$110,700","$148,900","$201,100",,N,Yes,,"S, Rajashekar",New,Pricing validation in progress,0,,Commited,CTB,BC5100056,BC5100056,ATR730044,,5/3/26,6/26/26,900000413,65853615,,"$686,600",7800000413,TFT,Alex Morgan,MOD,201407,7841,C_Forecast,DIV_2921 - Cloud Infrastructure Engineering,1/9/26,"zz.Brennecke, Jana",AST0700412,,,,,,,,,"$12,900","$11,400","$10,400","$9,600","$8,900","$8,900","$8,900","$9,000","$8,900","$9,100","$8,900","$9,000","$9,000","$9,600","$9,800","$9,700","$9,900","$10,100","$10,000","$11,300","$11,700","$11,500","$11,700","$12,100","$12,000","$13,900","$14,400","$15,000","$15,200","$15,100","$15,400","$15,200","$15,000","$14,900","$15,200","$15,000","$15,000","$19,100","$19,800","$20,500","$20,900","$21,800","$21,600","$21,700","$21,700","$21,300","$21,200","$21,600","$21,800",-,-,-,-,-,-,-,-,-,-,-,-,-,-,-,-,-,-,-,-,-,-,-,-,-,-,-,-,-,-,-,-,-,-,-,-,-,-,-
100414,SW,123,CTPLATFORM,Fixed Assets (Peoplesoft) - SWM,"Datadog, Inc.",Datadog,Cloud monitoring and observability subscription,8/31/26,8/31/28,VRM200158,"$387,800","$876,900","$683,300",-,,N,No,0,"zz.Ejiofor, Justina",Execution Complete,Pricing validation in progress,,-,Renewal,CTB,BC5100118,BC5100038,ATR730053,,2/6/26,6/24/26,900000414,36520612,,"$1,948,000",7800000414,,Reese Martin,QLTRCS,PO SR Required,1113,C_Forecast,DIV_2637 - Consumer Payments,1/1/26,"Agarwal, Ushika",AST0700413,,,,,,,,,"$92,000","$82,400","$75,800","$71,100","$66,500","$67,300","$68,000","$69,600","$70,200","$71,800","$71,100","$72,100","$72,800","$77,500","$79,300","$78,300","$78,900","$80,100","$78,100","$87,200","$89,200","$86,500","$86,900","$88,300","$87,000",-,-,-,-,-,-,-,-,-,-,-,-,-,-,-,-,-,-,-,-,-,-,-,-,-,-,-,-,-,-,-,-,-,-,-,-,-,-,-,-,-,-,-,-,-,-,-,-,-,-,-,-,-,-,-,-,-,-,-,-,-,-,-
100415,SW,119,CTTOCIO,Fixed Assets (Peoplesoft) - SWL,Adobe Inc.,Adobe,Digital experience platform subscription,8/18/26,8/31/29,VRM200185,"$301,000","$669,900","$843,500","$679,900",,N,No,0,"zz.Ejiofor, Justina",Execution Complete,Pricing validation in progress,,-,Commited,RTB,BC5100048,BC5100049,ATR730071,,7/5/26,7/25/26,900000415,91298556,,"$2,494,300",7800000415,,Cameron Smith,SMT#2144,7105,5432,C_Forecast,DIV_2921 - Cloud Infrastructure Engineering,4/8/26,"zz.Luloff, Julie",,,,,,,,,,"$71,600","$64,000","$58,900","$55,100","$51,400","$52,000","$52,400","$53,500","$53,900","$55,000","$54,300","$55,000","$55,400","$58,900","$60,200","$59,400","$59,900","$60,800","$59,400","$66,400","$68,000","$66,100","$66,600","$67,800","$67,000","$76,800","$78,900","$82,300","$83,400","$82,900","$84,700","$84,400","$83,800","$84,100","$86,400","$86,400","$87,200",-,-,-,-,-,-,-,-,-,-,-,-,-,-,-,-,-,-,-,-,-,-,-,-,-,-,-,-,-,-,-,-,-,-,-,-,-,-,-,-,-,-,-,-,-,-,-,-,-,-,-
100420,T&M,116,CTHLT,A8501946 - Outsourcing Contract - Time & Materials,FIS Global,FIS,Banking platform software and services renewal,8/30/26,2/29/28,VRM200162,"$349,400","$726,500","$132,100",-,,N,Yes,0,"zz.Brennecke, Jana",Management Review,Security assessment completed,,-,Commited,CTB,BC5100063,BC5100063,ATR730044,,2/10/26,6/16/26,900000420,91718098,,"$1,208,000",7800000420,TFT,Jamie Chen,PWDW,2278,6450,C_Forecast,"DIV_1211 - Deposits, Operations and Debit Card Tech",6/4/26,"zz.Luloff, Julie",AST0700419,,,,,,,,,"$84,500","$74,900","$68,300","$63,300","$58,400","$58,400","$58,300","$58,900","$58,700","$59,500","$58,400","$58,800","$59,200","$63,000","$64,500","$63,900","$64,900","$66,500","$65,600",-,-,-,-,-,-,-,-,-,-,-,-,-,-,-,-,-,-,-,-,-,-,-,-,-,-,-,-,-,-,-,-,-,-,-,-,-,-,-,-,-,-,-,-,-,-,-,-,-,-,-,-,-,-,-,-,-,-,-,-,-,-,-,-,-,-,-,-,-
100416,T&M,119,CTSB,A8501946 - Outsourcing Contract - Time & Materials,"Amazon Web Services, Inc.",AWS,Cloud infrastructure and managed services renewal,8/21/26,8/31/29,VRM200206,"$122,400","$268,300","$340,700","$276,600",,N,Yes,,"Eckman, Bradley T.",Management Review,Legal review pending,,,Commited,CTB,BC5100114,BC5100114,ATR730031,,5/15/26,6/27/26,900000416,21371525,,"$1,008,000",7800000416,,Avery Johnson,HOGAN CIS,PO SR Required,3739,C_Forecast,DIV_2636 - Teller,1/23/26,"Eckman, Bradly T.",AST0700415,,,,,,,,,"$29,200","$26,100","$23,900","$22,400","$20,800","$21,000","$21,200","$21,600","$21,600","$22,000","$21,700","$22,000","$22,100","$23,500","$24,000","$23,700","$23,900","$24,300","$23,700","$26,600","$27,300","$26,600","$26,800","$27,400","$27,100","$31,200","$32,100","$33,600","$34,000","$33,800","$34,600","$34,400","$34,200","$34,200","$35,100","$35,000","$35,300",-,-,-,-,-,-,-,-,-,-,-,-,-,-,-,-,-,-,-,-,-,-,-,-,-,-,-,-,-,-,-,-,-,-,-,-,-,-,-,-,-,-,-,-,-,-,-,-,-,-,-
100417,DEPR,134,CTARCHENG,Fixed Assets (Peoplesoft) - DEPR,Deloitte Consulting LLP,Deloitte,Technology consulting services renewal,8/14/26,8/31/30,VRM200127,"$65,600","$141,200","$181,500","$250,400",,N,Yes,4933,"S, Rajashekar",Analyst Review,Consolidated under enterprise agreement,,,Renewal,CTB,BC5100086,BC5100111,ATR730003,,7/21/26,7/21/26,900000417,72661983,,"$860,000",7800000417,,Jamie Chen,CCS,279546,5507,C_Forecast,DIV_2842 - Digital Channel Technology,1/21/26,"Ashwathappa, Rakesh",AST0700416,,,,,,,,,"$15,700","$14,000","$12,800","$12,000","$11,100","$11,200","$11,200","$11,400","$11,400","$11,600","$11,400","$11,500","$11,600","$12,300","$12,600","$12,400","$12,600","$12,800","$12,500","$14,000","$14,500","$14,100","$14,300","$14,600","$14,500","$16,700","$17,200","$18,000","$18,300","$18,200","$18,600","$18,500","$18,300","$18,300","$18,800","$18,700","$18,800","$24,100","$25,200","$26,100","$26,800","$28,000","$27,800","$27,900","$28,000","$27,400","$27,200","$27,500","$27,500",-,-,-,-,-,-,-,-,-,-,-,-,-,-,-,-,-,-,-,-,-,-,-,-,-,-,-,-,-,-,-,-,-,-,-,-,-,-,-
100418,SAAS,139,CTPLATFORM,Fixed Assets (Peoplesoft) - SAAS,Broadcom Inc.,Broadcom,Infrastructure software maintenance,8/24/26,8/31/33,VRM200220,"$260,200","$553,500","$721,000","$989,600",,N,No,0,"zz.Luloff, Julie",Cancelled,Pricing validation in progress,,,New,CTB,BC5100063,BC5100093,ATR730078,,3/28/26,4/3/26,900000418,79750370,,"$20,454,700",7800000418,,Alex Morgan,ICEDQ,5943,4194,C_Forecast,DIV_1307 - Pmts Virt Sol Innov and Cons Bkg Tech Admin,2/6/26,"Kollapally, Suraj",,,,,,,,,,"$62,400","$55,600","$50,900","$47,400","$43,900","$44,100","$44,200","$44,800","$44,800","$45,500","$44,700","$45,100","$45,300","$48,100","$49,200","$48,600","$49,100","$50,100","$49,200","$55,300","$57,100","$55,900","$56,700","$58,200","$57,800","$66,700","$68,900","$72,000","$73,100","$72,700","$74,100","$73,700","$72,900","$72,800","$74,400","$73,900","$74,200","$94,800","$98,900","$102,400","$104,800","$109,600","$108,600","$108,900","$109,200","$106,800","$106,100","$107,500","$107,900","$154,600","$162,700","$182,800","$185,900","$199,100","$194,800","$196,600","$196,100","$197,400","$197,800","$199,500","$197,100","$299,000","$310,700","$331,900","$346,500","$368,900","$375,200","$371,400","$370,000","$371,500","$362,600","$369,500","$367,700","$628,400","$660,200","$681,400","$738,900","$993,900","$983,800","$984,500","$979,500","$970,600","$976,400","$977,500","$981,400",-,-,-
100419,DATA,138,CTSB,A8590820 - Other Outside Data Processing,Broadcom Inc.,Broadcom,Infrastructure software maintenance renewal,8/19/26,8/31/32,VRM200203,"$258,100","$542,300","$718,000","$978,200",,N,Yes,0,"Tadas, Deepa P.",LOB Review,Renewal documentation completed,,,New,CTB,BC5100051,BC5100051,ATR730065,,4/27/26,8/13/26,900000419,14762501,,"$9,793,100",7800000419,,Jordan Lee,SAMP,7229,MarTech,C_Forecast,DIV_2921 - Cloud Infrastructure Engineering,3/18/26,"Agarwal, Ushika",AST0700418,,,,,,,,,"$62,200","$55,200","$50,400","$46,900","$43,400","$43,500","$43,400","$44,000","$43,900","$44,500","$43,700","$44,000","$44,300","$47,100","$48,100","$47,600","$48,200","$49,300","$48,500","$54,700","$56,600","$55,600","$56,500","$58,100","$57,800","$66,700","$68,900","$72,100","$73,200","$72,600","$74,000","$73,500","$72,500","$72,300","$73,700","$73,100","$73,100","$93,300","$97,100","$100,400","$102,600","$107,200","$106,200","$106,400","$106,700","$104,500","$103,900","$105,500","$106,100","$152,400","$160,700","$181,000","$184,600","$198,100","$194,200","$196,400","$196,100","$197,500","$198,000","$199,700","$197,100","$298,700","$309,900","$330,500","$344,300","$365,800","$371,200","$366,600","$364,500","$365,200","$355,800","$361,900","$359,800",-,-,-,-,-,-,-,-,-,-,-,-,-,-,-
100421,SAAS,132,CTADMIN,Fixed Assets (Peoplesoft) - SAAS,Adobe Inc.,Adobe,Digital experience platform subscription renewal,8/16/26,8/31/30,VRM200213,"$113,900","$257,700","$322,500","$440,500",check investment date,Y,Yes,4933,"S, Rajashekar",LOB Execution,Pending final statement of work,,-,Renewal,RTB,BC5100017,BC5100017,ATR730036,,4/10/26,5/18/26,900000421,79247393,,"$1,541,900",7800000421,,Casey Rivera,ACCLQ,883130,MarTech,C_Forecast,DIV_1548 - Pmts Virt Sol Innov Platform Management,7/16/26,"zz.Luloff, Julie",,,,,,,,,,"$27,000","$24,200","$22,300","$20,900","$19,500","$19,800","$20,000","$20,400","$20,600","$21,100","$20,900","$21,200","$21,400","$22,800","$23,300","$23,000","$23,200","$23,500","$22,900","$25,600","$26,200","$25,400","$25,500","$25,900","$25,500","$29,200","$30,000","$31,200","$31,600","$31,300","$32,000","$31,900","$31,700","$31,800","$32,700","$32,800","$33,100","$42,700","$45,000","$47,000","$48,500","$51,100","$50,900","$51,300","$51,600","$50,600","$50,200","$50,800","$50,800",-,-,-,-,-,-,-,-,-,-,-,-,-,-,-,-,-,-,-,-,-,-,-,-,-,-,-,-,-,-,-,-,-,-,-,-,-,-,-
100422,SW,144,CTCPR,A8200045 - Software Maintenance,"Oracle America, Inc.",Oracle,Database platform licensing and maintenance enterprise agreement,8/13/26,8/31/29,VRM200206,"$309,100","$688,300","$866,600","$698,500",,N,Yes,,"S, Rajashekar",Finance - Managing,Migration dependency tracked,0,-,New,CTB,BC5100050,BC5100025,ATR730078,,12/21/25,8/10/26,900000422,70826451,,"$2,562,500",7800000422,TFT,Dana Williams,WFIG,6941,507,C_Forecast,DIV_2842 - Digital Channel Technology,3/17/26,"zz.Luloff, Julie",AST0700421,,,,,,,,,"$73,500","$65,700","$60,500","$56,600","$52,800","$53,400","$53,900","$55,000","$55,300","$56,500","$55,800","$56,500","$56,900","$60,500","$61,900","$61,100","$61,500","$62,500","$61,000","$68,200","$69,900","$67,900","$68,400","$69,700","$68,800","$78,800","$81,100","$84,600","$85,700","$85,200","$87,000","$86,700","$86,100","$86,400","$88,800","$88,700","$89,600",-,-,-,-,-,-,-,-,-,-,-,-,-,-,-,-,-,-,-,-,-,-,-,-,-,-,-,-,-,-,-,-,-,-,-,-,-,-,-,-,-,-,-,-,-,-,-,-,-,-,-
100423,T&M,137,CTCPR,A8501906 - Outsourcing/Technical Contract,IBM Corporation,IBM,Mainframe software and technical support enterprise agreement,8/24/26,8/31/30,VRM200136,"$180,700","$395,700","$502,800","$693,000",,N,Yes,,"K, Srikantesh",LOB Review,Consolidated under enterprise agreement,0,,Renewal,CTB,BC5100072,BC5100072,ATR730071,,4/29/26,7/1/26,900000423,38976378,,"$2,393,700",7800000423,,Avery Johnson,WFIG,8297,3208,C_Forecast,DIV_2714 - Enterprise Data Platforms,6/24/26,"Abiodun, Dare",,,,,,,,,,"$43,100","$38,500","$35,300","$33,000","$30,800","$31,000","$31,200","$31,800","$31,900","$32,500","$32,100","$32,400","$32,600","$34,700","$35,400","$34,900","$35,200","$35,800","$35,000","$39,200","$40,300","$39,300","$39,600","$40,500","$40,000","$46,000","$47,400","$49,500","$50,200","$49,900","$51,000","$50,800","$50,400","$50,500","$51,800","$51,700","$52,100","$66,900","$70,100","$72,900","$74,900","$78,500","$78,100","$78,400","$78,700","$77,000","$76,300","$77,200","$77,300",-,-,-,-,-,-,-,-,-,-,-,-,-,-,-,-,-,-,-,-,-,-,-,-,-,-,-,-,-,-,-,-,-,-,-,-,-,-,-
100424,DEPR,119,CTCCPTPYMTS,Fixed Assets (Peoplesoft) - DEPR,"ServiceNow, Inc.",ServiceNow,IT service management subscription renewal,8/13/26,8/31/30,VRM200176,"$80,700","$174,200","$223,700","$308,500",,N,Yes,0,"K, Srikantesh",Finance - Confirming,Vendor onboarding completed,,,New,CTB,BC5100017,BC5100017,ATR730074,,12/20/25,4/8/26,900000424,29523442,,"$1,059,900",7800000424,,Riley Kim,PWDW,5195,810,C_Forecast,DIV_2637 - Consumer Payments,1/3/26,"Tadas, Deepa P.",AST0700423,,,,,,,,,"$19,300","$17,200","$15,800","$14,700","$13,700","$13,800","$13,800","$14,100","$14,100","$14,300","$14,100","$14,200","$14,300","$15,200","$15,500","$15,300","$15,500","$15,800","$15,400","$17,300","$17,800","$17,400","$17,600","$18,000","$17,900","$20,600","$21,200","$22,200","$22,500","$22,400","$22,900","$22,800","$22,600","$22,600","$23,100","$23,000","$23,200","$29,700","$31,000","$32,200","$33,000","$34,500","$34,300","$34,400","$34,500","$33,700","$33,500","$33,900","$34,000",-,-,-,-,-,-,-,-,-,-,-,-,-,-,-,-,-,-,-,-,-,-,-,-,-,-,-,-,-,-,-,-,-,-,-,-,-,-,-
100427,SAAS,144,CTPLATFORM,A8201904 - Software as a Service,"Salesforce, Inc.",Salesforce,Customer relationship management platform renewal,8/23/26,2/29/28,VRM200228,"$195,500","$406,600","$73,900",-,,N,Yes,0,"zz.Brennecke, Jana",Finance Review,Vendor onboarding completed,,-,Commited,CTB,BC5100103,BC5100103,ATR730017,,2/20/26,5/21/26,900000427,25620967,,"$676,000",7800000427,TFT,Casey Rivera,CFMS,7287,7452,C_Forecast,"DIV_1211 - Deposits, Operations and Debit Card Tech",4/9/26,System,AST0700426,,,,,,,,,"$47,300","$41,900","$38,200","$35,400","$32,700","$32,700","$32,600","$33,000","$32,900","$33,300","$32,700","$32,900","$33,100","$35,200","$36,100","$35,800","$36,300","$37,200","$36,700",-,-,-,-,-,-,-,-,-,-,-,-,-,-,-,-,-,-,-,-,-,-,-,-,-,-,-,-,-,-,-,-,-,-,-,-,-,-,-,-,-,-,-,-,-,-,-,-,-,-,-,-,-,-,-,-,-,-,-,-,-,-,-,-,-,-,-,-,-
100425,SAAS,110,CTHLT,A8201904 - Software as a Service,"ServiceNow, Inc.",ServiceNow,IT service management subscription,8/29/26,8/31/28,VRM200124,"$455,200","$968,900","$770,800",-,,N,Yes,,"zz.Luloff, Julie",Finance - Confirming,Consolidated under enterprise agreement,0,,Commited,RTB,BC5100119,BC5100096,ATR730034,,1/31/26,2/19/26,900000425,99826360,,"$2,194,900",7800000425,TFT,Riley Kim,CFSBI,261668,3650,C_Forecast,"DIV_1211 - Deposits, Operations and Debit Card Tech",2/2/26,"zz.Brennecke, Jana",AST0700424,,,,,,,,,"$109,200","$97,300","$89,000","$82,900","$76,800","$77,200","$77,300","$78,400","$78,400","$79,600","$78,300","$78,900","$79,300","$84,300","$86,100","$85,100","$86,000","$87,700","$86,100","$96,800","$99,900","$97,900","$99,300","$101,900","$101,200",-,-,-,-,-,-,-,-,-,-,-,-,-,-,-,-,-,-,-,-,-,-,-,-,-,-,-,-,-,-,-,-,-,-,-,-,-,-,-,-,-,-,-,-,-,-,-,-,-,-,-,-,-,-,-,-,-,-,-,-,-,-,-
100426,OEM,128,CTPLATFORM,Fixed Assets (Peoplesoft) - OEM,"Datadog, Inc.",Datadog,Cloud monitoring and observability subscription renewal,8/17/26,8/31/30,VRM200202,"$102,300","$214,600","$284,000","$387,000",,N,Yes,,"Eckman, Bradley T.",Submitted to Sponsor,Pending final statement of work,,-,Commited,RTB,BC5100105,BC5100105,ATR730068,,1/7/26,5/23/26,900000426,85831944,,"$1,322,800",7800000426,,Avery Johnson,SMT#2144,8996,1175,C_Forecast,DIV_1550 - Branch Operations Enablement,7/18/26,"Eckman, Bradly T.",AST0700425,,,,,,,,,"$24,600","$21,900","$20,000","$18,600","$17,200","$17,200","$17,200","$17,400","$17,400","$17,600","$17,300","$17,400","$17,500","$18,600","$19,100","$18,800","$19,100","$19,500","$19,200","$21,600","$22,400","$22,000","$22,300","$23,000","$22,900","$26,400","$27,300","$28,500","$28,900","$28,700","$29,300","$29,100","$28,700","$28,600","$29,200","$28,900","$28,900","$36,900","$38,400","$39,700","$40,600","$42,400","$42,000","$42,100","$42,200","$41,400","$41,100","$41,700","$42,000",-,-,-,-,-,-,-,-,-,-,-,-,-,-,-,-,-,-,-,-,-,-,-,-,-,-,-,-,-,-,-,-,-,-,-,-,-,-,-
100428,SAAS,118,CTCPR,Fixed Assets (Peoplesoft) - SAAS,"Salesforce, Inc.",Salesforce,Customer relationship management platform,8/13/26,8/31/29,VRM200101,"$189,200","$428,000","$536,100","$427,700",,N,Yes,,"S, Rajashekar",LOB Review,No action required,0,-,Renewal,RTB,BC5100102,BC5100102,ATR730050,,7/27/26,8/13/26,900000428,38393124,,"$1,581,000",7800000428,,Avery Johnson,SAMP,PO SR Required,7659,C_Forecast,DIV_2637 - Consumer Payments,5/9/26,"Eckman, Bradly T.",AST0700427,,,,,,,,,"$44,900","$40,200","$37,000","$34,700","$32,400","$32,900","$33,200","$34,000","$34,300","$35,000","$34,700","$35,200","$35,500","$37,800","$38,700","$38,200","$38,500","$39,100","$38,100","$42,600","$43,500","$42,200","$42,400","$43,100","$42,400","$48,500","$49,800","$51,900","$52,500","$52,100","$53,100","$53,000","$52,600","$52,900","$54,400","$54,500","$55,100",-,-,-,-,-,-,-,-,-,-,-,-,-,-,-,-,-,-,-,-,-,-,-,-,-,-,-,-,-,-,-,-,-,-,-,-,-,-,-,-,-,-,-,-,-,-,-,-,-,-,-
100429,SW,141,CTSB,A8200050 - Software License,"Fiserv, Inc.",Fiserv,Payments processing software and support,8/16/26,8/31/28,VRM200178,"$110,100","$245,100","$191,000",-,,N,Yes,,"Eckman, Bradley T.",Finance Review,No action required,,,Commited,RTB,BC5100064,BC5100064,ATR730050,Web Server,2/13/26,8/16/26,900000429,70844641,,"$546,200",7800000429,,Casey Rivera,Goldmine (WFF) GLDMN,389926,2974,C_Forecast,DIV_1548 - Pmts Virt Sol Innov Platform Management,8/3/26,System,AST0700428,,,,,,,,,"$26,200","$23,400","$21,500","$20,200","$18,800","$19,000","$19,200","$19,600","$19,700","$20,100","$19,900","$20,100","$20,300","$21,600","$22,000","$21,700","$21,900","$22,300","$21,700","$24,300","$24,900","$24,200","$24,300","$24,800","$24,500",-,-,-,-,-,-,-,-,-,-,-,-,-,-,-,-,-,-,-,-,-,-,-,-,-,-,-,-,-,-,-,-,-,-,-,-,-,-,-,-,-,-,-,-,-,-,-,-,-,-,-,-,-,-,-,-,-,-,-,-,-,-,-
100430,TEL,144,CTCCPTPYMTS,A8292080 - Telecommunication,Deloitte Consulting LLP,Deloitte,Technology consulting services enterprise agreement,8/23/26,2/29/28,VRM200168,"$53,400","$117,000","$21,000",-,,N,Yes,4933,"zz.Luloff, Julie",Analyst Review,Includes affiliate services,0,,New,RTB,BC5100013,BC5100077,ATR730012,,7/3/26,7/13/26,900000430,16170894,,"$191,400",7800000430,TFT,Priya Shah,CDP2C,2324,2966,C_Forecast,DIV_3188 - Marketing Technology Enablement,4/28/26,"Ashwathappa, Rakesh",AST0700429,,,,,,,,,"$12,700","$11,400","$10,400","$9,800","$9,100","$9,200","$9,200","$9,400","$9,400","$9,600","$9,500","$9,600","$9,600","$10,300","$10,500","$10,300","$10,400","$10,600","$10,400",-,-,-,-,-,-,-,-,-,-,-,-,-,-,-,-,-,-,-,-,-,-,-,-,-,-,-,-,-,-,-,-,-,-,-,-,-,-,-,-,-,-,-,-,-,-,-,-,-,-,-,-,-,-,-,-,-,-,-,-,-,-,-,-,-,-,-,-,-
100431,SW,113,CTDLR,A8200050 - Software License,Snowflake Inc.,Snowflake,Cloud data platform subscription renewal,8/22/26,8/31/31,VRM200236,"$82,100","$177,200","$227,500","$313,800",,N,Yes,,"zz.Luloff, Julie",Submitted to Sponsor,Vendor onboarding completed,,-,New,CTB,BC5100037,BC5100037,ATR730000,,2/22/26,4/27/26,900000431,80602808,,"$1,792,600",7800000431,,Priya Shah,BDCMS,865107,1297,C_Forecast,DIV_2383 - Consumer Lending Technology Architecture,8/4/26,"zz.Brennecke, Jana",,,,,,,,,,"$19,600","$17,500","$16,100","$15,000","$13,900","$14,000","$14,100","$14,300","$14,300","$14,600","$14,300","$14,500","$14,500","$15,500","$15,800","$15,600","$15,700","$16,000","$15,700","$17,600","$18,100","$17,700","$17,900","$18,300","$18,200","$20,900","$21,600","$22,600","$22,900","$22,800","$23,300","$23,200","$23,000","$23,000","$23,500","$23,400","$23,600","$30,200","$31,500","$32,700","$33,600","$35,100","$34,900","$35,000","$35,100","$34,300","$34,000","$34,500","$34,500","$49,400","$51,800","$58,100","$58,900","$63,000","$61,400","$61,900","$61,600","$62,000","$62,100","$62,600","$61,800",-,-,-,-,-,-,-,-,-,-,-,-,-,-,-,-,-,-,-,-,-,-,-,-,-,-,-
100432,SAAS,128,CTADMIN,A8201904 - Software as a Service,Accenture LLP,Accenture,Application development and consulting services enterprise agreement,8/28/26,8/31/27,VRM200230,"$127,300","$175,400",-,-,beeline#,Y,No,,"K, Srikantesh",Execution Complete,Security assessment completed,,,Commited,RTB,BC5100098,BC5100098,ATR730039,,3/20/26,4/18/26,900000432,20398145,,"$302,700",7800000432,TFT,Casey Rivera,CCS,457028,MarTech,C_Forecast,DIV_1307 - Pmts Virt Sol Innov and Cons Bkg Tech Admin,3/27/26,"Kollapally, Suraj",,,,,,,,,,"$30,500","$27,200","$24,900","$23,200","$21,500","$21,600","$21,600","$21,900","$21,900","$22,200","$21,900","$22,100","$22,200",-,-,-,-,-,-,-,-,-,-,-,-,-,-,-,-,-,-,-,-,-,-,-,-,-,-,-,-,-,-,-,-,-,-,-,-,-,-,-,-,-,-,-,-,-,-,-,-,-,-,-,-,-,-,-,-,-,-,-,-,-,-,-,-,-,-,-,-,-,-,-,-,-,-,-
100433,TEL,119,CTMARTECH,A8292080 - Telecommunication,Verizon Business Network Services,Verizon,Enterprise telecommunications services enterprise agreement,8/27/26,8/31/29,VRM200249,"$69,900","$146,800","$194,500","$158,400",beeline#,Y,Yes,4933,"Kollapally, Suraj",New,Pending final statement of work,0,-,Commited,RTB,BC5100091,BC5100112,ATR730042,,5/2/26,6/7/26,900000433,84871131,,"$569,600",7800000433,,Jamie Chen,ATMP,5553,793,C_Forecast,DIV_1548 - Pmts Virt Sol Innov Platform Management,7/20/26,"Eckman, Bradly T.",AST0700432,,,,,,,,,"$16,800","$15,000","$13,700","$12,700","$11,700","$11,800","$11,800","$11,900","$11,900","$12,000","$11,800","$11,900","$12,000","$12,700","$13,000","$12,900","$13,100","$13,400","$13,100","$14,800","$15,300","$15,100","$15,300","$15,700","$15,700","$18,100","$18,700","$19,500","$19,800","$19,700","$20,000","$19,900","$19,600","$19,600","$20,000","$19,800","$19,800",-,-,-,-,-,-,-,-,-,-,-,-,-,-,-,-,-,-,-,-,-,-,-,-,-,-,-,-,-,-,-,-,-,-,-,-,-,-,-,-,-,-,-,-,-,-,-,-,-,-,-
100434,TEL,137,CTARCHENG,A8292080 - Telecommunication,"Oracle America, Inc.",Oracle,Database platform licensing and maintenance,8/9/26,8/31/31,VRM200154,"$510,200","$1,061,000","$1,428,600","$1,927,500",VRM Status/beeline#,Y,Yes,0,"K, Srikantesh",Finance Review,Pricing validation in progress,,,New,RTB,BC5100050,BC5100050,ATR730029,,4/25/26,6/23/26,900000434,40873865,,"$11,074,700",7800000434,TFT,Taylor Brooks,QLTRCS,PO SR Required,664,C_Forecast,DIV_2383 - Consumer Lending Technology Architecture,7/6/26,"Agarwal, Ushika",,,,,,,,,,"$123,400","$109,400","$99,700","$92,400","$85,300","$85,300","$85,100","$86,000","$85,800","$86,800","$85,300","$85,900","$86,400","$92,000","$94,200","$93,400","$94,800","$97,100","$95,800","$108,300","$112,300","$110,500","$112,500","$115,800","$115,400","$133,200","$137,700","$144,000","$146,000","$144,800","$147,200","$146,000","$143,800","$143,000","$145,500","$143,900","$143,700","$182,900","$190,100","$196,300","$200,300","$209,100","$207,200","$207,600","$208,500","$204,400","$203,500","$207,000","$208,700","$300,500","$317,800","$358,900","$366,700","$394,400","$387,200","$392,000","$391,800","$394,700","$395,600","$398,600","$393,200",-,-,-,-,-,-,-,-,-,-,-,-,-,-,-,-,-,-,-,-,-,-,-,-,-,-,-
100438,T&M,113,CTADMIN,A8501946 - Outsourcing Contract - Time & Materials,"Oracle America, Inc.",Oracle,Database platform licensing and maintenance renewal,8/24/26,2/29/28,VRM200131,"$438,300","$945,800","$169,300",-,,N,No,0,"zz.Brennecke, Jana",Execution Complete,Legal review pending,0,,New,CTB,BC5100080,BC5100080,ATR730047,,3/3/26,6/25/26,900000438,40066030,,"$1,553,400",7800000438,,Alex Morgan,SFCOE,8669,8420,C_Forecast,DIV_2637 - Consumer Payments,1/22/26,"Eckman, Bradly T.",AST0700437,,,,,,,,,"$104,800","$93,500","$85,700","$80,000","$74,300","$74,800","$75,100","$76,300","$76,500","$77,700","$76,600","$77,200","$77,600","$82,500","$84,300","$83,200","$84,000","$85,500","$83,800",-,-,-,-,-,-,-,-,-,-,-,-,-,-,-,-,-,-,-,-,-,-,-,-,-,-,-,-,-,-,-,-,-,-,-,-,-,-,-,-,-,-,-,-,-,-,-,-,-,-,-,-,-,-,-,-,-,-,-,-,-,-,-,-,-,-,-,-,-
100449,SW,113,CTCPR,Fixed Assets (Peoplesoft) - SWL,"Amazon Web Services, Inc.",AWS,Cloud infrastructure and managed services renewal,8/25/26,8/31/27,VRM200108,"$77,800","$113,100",-,-,VRM Status/beeline#,Y,Yes,,"Tadas, Deepa P.",Submitted to Sponsor,Pricing validation in progress,,,New,CTB,BC5100056,BC5100056,ATR730020,,3/5/26,3/13/26,900000449,79785255,,"$190,900",7800000449,,Casey Rivera,PWDW,364049,3490,C_Forecast,"DIV_1211 - Deposits, Operations and Debit Card Tech",4/27/26,"Kollapally, Suraj",AST0700448,,,,,,,,,"$18,500","$16,500","$15,200","$14,300","$13,300","$13,500","$13,700","$14,000","$14,100","$14,400","$14,300","$14,500","$14,600",-,-,-,-,-,-,-,-,-,-,-,-,-,-,-,-,-,-,-,-,-,-,-,-,-,-,-,-,-,-,-,-,-,-,-,-,-,-,-,-,-,-,-,-,-,-,-,-,-,-,-,-,-,-,-,-,-,-,-,-,-,-,-,-,-,-,-,-,-,-,-,-,-,-,-
100435,SW,141,CTPLATFORM,A8200045 - Software Maintenance,"Cisco Systems, Inc.",Cisco,Network hardware maintenance and support enterprise agreement,8/15/26,8/31/30,VRM200125,"$98,200","$222,100","$278,200","$379,800",,N,No,0,"K, Srikantesh",Execution Complete,Budget owner confirmed,0,,Commited,RTB,BC5100011,BC5100011,ATR730025,,2/24/26,5/17/26,900000435,65298643,,"$1,329,400",7800000435,,Jamie Chen,CFSBI,1748,9769,C_Forecast,DIV_1307 - Pmts Virt Sol Innov and Cons Bkg Tech Admin,7/1/26,"K, Srikantesh",,,,,,,,,,"$23,300","$20,900","$19,200","$18,000","$16,800","$17,100","$17,200","$17,600","$17,800","$18,200","$18,000","$18,300","$18,400","$19,600","$20,100","$19,800","$20,000","$20,300","$19,800","$22,100","$22,600","$21,900","$22,000","$22,400","$22,000","$25,200","$25,800","$26,900","$27,200","$27,000","$27,600","$27,500","$27,300","$27,400","$28,200","$28,300","$28,600","$36,800","$38,800","$40,500","$41,800","$44,000","$43,900","$44,200","$44,500","$43,600","$43,300","$43,800","$43,800",-,-,-,-,-,-,-,-,-,-,-,-,-,-,-,-,-,-,-,-,-,-,-,-,-,-,-,-,-,-,-,-,-,-,-,-,-,-,-
100436,SW,135,CTPLATFORM,Fixed Assets (Peoplesoft) - SWL,"Amazon Web Services, Inc.",AWS,Cloud infrastructure and managed services enterprise agreement,8/12/26,8/31/28,VRM200222,"$337,800","$751,900","$586,000",-,type/start,Y,No,4933,"Tadas, Deepa P.",Cancelled,Legal review pending,0,,Commited,RTB,BC5100101,BC5100068,ATR730014,,2/4/26,7/25/26,900000436,20398145,,"$1,675,700",7800000436,,Priya Shah,SAMP,4234,1337,C_Forecast,DIV_1307 - Pmts Virt Sol Innov and Cons Bkg Tech Admin,8/7/26,"Ashwathappa, Rakesh",AST0700435,,,,,,,,,"$80,300","$71,800","$66,100","$61,900","$57,700","$58,400","$58,800","$60,100","$60,500","$61,700","$61,000","$61,700","$62,100","$66,100","$67,600","$66,700","$67,200","$68,300","$66,700","$74,500","$76,300","$74,200","$74,700","$76,100","$75,200",-,-,-,-,-,-,-,-,-,-,-,-,-,-,-,-,-,-,-,-,-,-,-,-,-,-,-,-,-,-,-,-,-,-,-,-,-,-,-,-,-,-,-,-,-,-,-,-,-,-,-,-,-,-,-,-,-,-,-,-,-,-,-
100437,SAAS,138,CTMARTECH,A8201904 - Software as a Service,"Salesforce, Inc.",Salesforce,Customer relationship management platform enterprise agreement,8/25/26,8/31/28,VRM200244,"$593,200","$1,300,200","$1,017,000",-,type/start,Y,Yes,4933,"Tadas, Deepa P.",New,Legal review pending,0,-,New,RTB,BC5100026,BC5100026,ATR730074,,5/25/26,7/15/26,900000437,29523442,,"$2,910,400",7800000437,TFT,Dana Williams,RADIA,7987,MarTech,C_Forecast,DIV_2637 - Consumer Payments,3/1/26,"Kollapally, Suraj",,,,,,,,,,"$141,400","$126,300","$116,000","$108,500","$101,000","$101,900","$102,500","$104,400","$104,900","$106,800","$105,400","$106,400","$107,100","$113,900","$116,300","$114,800","$115,800","$117,600","$115,000","$128,800","$132,200","$128,900","$130,100","$132,900","$131,500",-,-,-,-,-,-,-,-,-,-,-,-,-,-,-,-,-,-,-,-,-,-,-,-,-,-,-,-,-,-,-,-,-,-,-,-,-,-,-,-,-,-,-,-,-,-,-,-,-,-,-,-,-,-,-,-,-,-,-,-,-,-,-
100439,T&M,129,CTHLT,A8501946 - Outsourcing Contract - Time & Materials,Deloitte Consulting LLP,Deloitte,Technology consulting services,8/12/26,8/31/30,VRM200240,"$33,700","$71,600","$93,100","$127,800",type/start,Y,Yes,,"Tadas, Deepa P.",Finance Review,Migration dependency tracked,,-,Commited,CTB,BC5100027,BC5100027,ATR730001,,1/1/26,4/15/26,900000439,60597473,,"$437,900",7800000439,,Avery Johnson,LO - SHAW-APP,228719,5495,C_Forecast,DIV_2636 - Teller,7/13/26,"Abiodun, Dare",AST0700438,,,,,,,,,"$8,100","$7,200","$6,600","$6,100","$5,700","$5,700","$5,700","$5,800","$5,800","$5,900","$5,800","$5,800","$5,900","$6,200","$6,400","$6,300","$6,300","$6,500","$6,400","$7,100","$7,400","$7,200","$7,300","$7,500","$7,500","$8,600","$8,900","$9,300","$9,400","$9,400","$9,600","$9,500","$9,400","$9,400","$9,600","$9,600","$9,600","$12,200","$12,800","$13,200","$13,500","$14,200","$14,000","$14,100","$14,100","$13,800","$13,700","$13,900","$13,900",-,-,-,-,-,-,-,-,-,-,-,-,-,-,-,-,-,-,-,-,-,-,-,-,-,-,-,-,-,-,-,-,-,-,-,-,-,-,-
100440,TEL,144,CTHLT,A8292080 - Telecommunication,"ServiceNow, Inc.",ServiceNow,IT service management subscription enterprise agreement,8/26/26,8/31/33,VRM200178,"$337,200","$708,400","$937,900","$1,278,300",VRM Status/beeline#,Y,Yes,0,"S, Rajashekar",LOB Review,Security assessment completed,,-,Renewal,RTB,BC5100080,BC5100046,ATR730012,,7/29/26,8/26/26,900000440,58920832,,"$26,364,300",7800000440,,Riley Kim,AIM,435685,96,C_Forecast,DIV_2637 - Consumer Payments,7/7/26,System,,,,,,,,,,"$81,200","$72,200","$65,900","$61,300","$56,600","$56,800","$56,700","$57,400","$57,400","$58,100","$57,100","$57,500","$57,800","$61,500","$62,900","$62,200","$63,000","$64,400","$63,400","$71,500","$73,900","$72,600","$73,800","$75,900","$75,500","$87,100","$90,000","$94,200","$95,600","$94,900","$96,700","$96,000","$94,800","$94,500","$96,300","$95,500","$95,600","$121,900","$126,900","$131,200","$134,000","$140,000","$138,700","$139,000","$139,500","$136,600","$135,700","$137,800","$138,600","$199,100","$210,000","$236,600","$241,200","$258,800","$253,700","$256,600","$256,200","$258,100","$258,700","$260,900","$257,600","$390,300","$405,000","$431,800","$449,900","$477,900","$485,000","$479,100","$476,200","$477,200","$464,800","$472,900","$470,100","$802,700","$842,900","$870,100","$944,100","$1,271,200","$1,260,100","$1,263,400","$1,259,700","$1,251,400","$1,262,000","$1,266,600","$1,274,700",-,-,-
100441,DEPR,140,CTPLATFORM,Fixed Assets (Peoplesoft) - DEPR,AT&T Corp.,AT&T,Network and telecommunications services,8/30/26,8/31/28,VRM200220,"$55,400","$115,100","$94,100",-,,N,Yes,0,"zz.Ejiofor, Justina",Analyst Review,Security assessment completed,,-,Commited,RTB,BC5100022,BC5100022,ATR730008,,4/17/26,7/5/26,900000441,36520612,,"$264,600",7800000441,TFT,Taylor Brooks,CDP2C,445701,5531,C_Forecast,DIV_1307 - Pmts Virt Sol Innov and Cons Bkg Tech Admin,4/10/26,"Agarwal, Ushika",AST0700440,,,,,,,,,"$13,400","$11,900","$10,800","$10,000","$9,300","$9,300","$9,200","$9,300","$9,300","$9,400","$9,300","$9,300","$9,400","$10,000","$10,200","$10,100","$10,300","$10,500","$10,400","$11,700","$12,200","$12,000","$12,200","$12,600","$12,500",-,-,-,-,-,-,-,-,-,-,-,-,-,-,-,-,-,-,-,-,-,-,-,-,-,-,-,-,-,-,-,-,-,-,-,-,-,-,-,-,-,-,-,-,-,-,-,-,-,-,-,-,-,-,-,-,-,-,-,-,-,-,-
100442,T&M,119,CTMARTECH,A8501946 - Outsourcing Contract - Time & Materials,IBM Corporation,IBM,Mainframe software and technical support,8/28/26,8/31/31,VRM200128,"$203,900","$460,900","$577,400","$788,200",,N,Yes,,"zz.Ejiofor, Justina",Management Review,Budget owner confirmed,,-,New,RTB,BC5100092,BC5100016,ATR730001,,1/18/26,8/15/26,900000442,54546544,,"$4,567,700",7800000442,,Alex Morgan,CORE,142263,MarTech,C_Forecast,DIV_1548 - Pmts Virt Sol Innov Platform Management,7/18/26,"Kollapally, Suraj",AST0700441,,,,,,,,,"$48,400","$43,300","$39,900","$37,400","$34,900","$35,400","$35,800","$36,600","$36,900","$37,700","$37,400","$37,900","$38,200","$40,700","$41,700","$41,100","$41,500","$42,100","$41,100","$45,800","$46,900","$45,500","$45,700","$46,400","$45,700","$52,300","$53,600","$55,800","$56,500","$56,100","$57,200","$57,100","$56,700","$56,900","$58,600","$58,600","$59,300","$76,400","$80,500","$84,100","$86,700","$91,400","$91,100","$91,800","$92,400","$90,500","$89,900","$90,900","$90,900","$129,500","$135,200","$150,700","$151,800","$161,000","$155,900","$155,900","$154,200","$154,100","$153,600","$154,300","$152,200",-,-,-,-,-,-,-,-,-,-,-,-,-,-,-,-,-,-,-,-,-,-,-,-,-,-,-
100443,DATA,140,CTCPR,A8590820 - Other Outside Data Processing,"Datadog, Inc.",Datadog,Cloud monitoring and observability subscription enterprise agreement,8/17/26,2/29/28,VRM200192,"$90,300","$201,100","$36,100",-,,N,Yes,0,"zz.Ejiofor, Justina",Finance - Managing,Budget owner confirmed,,-,Commited,RTB,BC5100104,BC5100104,ATR730020,,7/19/26,7/28/26,900000443,91908536,,"$327,500",7800000443,TFT,Riley Kim,1DBI,7074,5664,C_Forecast,"DIV_1211 - Deposits, Operations and Debit Card Tech",8/7/26,"Abiodun, Dare",AST0700442,,,,,,,,,"$21,500","$19,200","$17,700","$16,500","$15,400","$15,600","$15,700","$16,100","$16,200","$16,500","$16,300","$16,500","$16,600","$17,700","$18,100","$17,800","$18,000","$18,300","$17,800",-,-,-,-,-,-,-,-,-,-,-,-,-,-,-,-,-,-,-,-,-,-,-,-,-,-,-,-,-,-,-,-,-,-,-,-,-,-,-,-,-,-,-,-,-,-,-,-,-,-,-,-,-,-,-,-,-,-,-,-,-,-,-,-,-,-,-,-,-
100444,SAAS,139,CTTOCIO,Fixed Assets (Peoplesoft) - SAAS,Deloitte Consulting LLP,Deloitte,Technology consulting services renewal,8/8/26,8/31/28,VRM200155,"$351,100","$769,400","$601,700",-,VRM status,Y,Yes,0,"S, Rajashekar",Management Review,Invoice schedule under review,0,-,Renewal,CTB,BC5100018,BC5100018,ATR730021,Web Server,1/15/26,1/24/26,900000444,69397315,,"$1,722,200",7800000444,,Dana Williams,SBLO,5075,MarTech,C_Forecast,"DIV_1211 - Deposits, Operations and Debit Card Tech",4/1/26,"zz.Luloff, Julie",AST0700443,,,,,,,,,"$83,700","$74,700","$68,700","$64,200","$59,800","$60,300","$60,700","$61,800","$62,100","$63,200","$62,300","$63,000","$63,400","$67,400","$68,800","$67,900","$68,500","$69,600","$68,100","$76,200","$78,200","$76,300","$76,900","$78,600","$77,800",-,-,-,-,-,-,-,-,-,-,-,-,-,-,-,-,-,-,-,-,-,-,-,-,-,-,-,-,-,-,-,-,-,-,-,-,-,-,-,-,-,-,-,-,-,-,-,-,-,-,-,-,-,-,-,-,-,-,-,-,-,-,-
100445,SW,118,CTBSTT,Fixed Assets (Peoplesoft) - SWM,Adobe Inc.,Adobe,Digital experience platform subscription,8/11/26,8/31/32,VRM200211,"$187,900","$405,500","$521,000","$717,800",,N,Yes,0,"zz.Ejiofor, Justina",Finance Review,Security assessment completed,,,Commited,RTB,BC5100051,BC5100051,ATR730056,,1/18/26,2/5/26,900000445,29801315,,"$7,182,800",7800000445,,Jamie Chen,SBLO,PO SR Required,49,C_Forecast,DIV_2383 - Consumer Lending Technology Architecture,4/5/26,"K, Srikantesh",AST0700444,,,,,,,,,"$44,900","$40,100","$36,700","$34,300","$31,900","$32,100","$32,200","$32,700","$32,800","$33,300","$32,800","$33,100","$33,300","$35,400","$36,100","$35,700","$36,000","$36,700","$35,900","$40,300","$41,500","$40,500","$41,000","$42,000","$41,600","$47,900","$49,400","$51,700","$52,500","$52,200","$53,300","$53,000","$52,500","$52,600","$53,800","$53,600","$53,900","$69,000","$72,200","$74,900","$76,800","$80,400","$79,800","$80,000","$80,300","$78,500","$77,900","$78,800","$79,000","$113,000","$118,600","$132,900","$134,900","$144,100","$140,600","$141,700","$141,100","$141,800","$142,000","$143,200","$141,500","$214,800","$223,400","$239,000","$250,000","$266,600","$271,800","$269,600","$269,200","$271,000","$265,000","$270,500","$269,600",-,-,-,-,-,-,-,-,-,-,-,-,-,-,-
100446,T&M,143,CTTOCIO,A8501946 - Outsourcing Contract - Time & Materials,Infosys Limited,Infosys,Managed application support services,8/26/26,8/31/28,VRM200185,"$205,600","$437,600","$348,000",-,VRM status,Y,Yes,,"S, Rajashekar",Management Review,Legal review pending,0,,Renewal,CTB,BC5100001,BC5100001,ATR730070,,3/20/26,8/7/26,900000446,27584376,,"$991,200",7800000446,,Jordan Lee,MOD,4507,4400,C_Forecast,DIV_2383 - Consumer Lending Technology Architecture,6/3/26,"Agarwal, Ushika",AST0700445,,,,,,,,,"$49,300","$43,900","$40,200","$37,500","$34,700","$34,900","$34,900","$35,400","$35,400","$35,900","$35,400","$35,600","$35,800","$38,100","$38,900","$38,400","$38,900","$39,600","$38,900","$43,700","$45,100","$44,200","$44,800","$46,000","$45,700",-,-,-,-,-,-,-,-,-,-,-,-,-,-,-,-,-,-,-,-,-,-,-,-,-,-,-,-,-,-,-,-,-,-,-,-,-,-,-,-,-,-,-,-,-,-,-,-,-,-,-,-,-,-,-,-,-,-,-,-,-,-,-
100447,SAAS,129,CTPLATFORM,Fixed Assets (Peoplesoft) - SAAS,Accenture LLP,Accenture,Application development and consulting services enterprise agreement,8/24/26,8/31/28,VRM200230,"$144,400","$303,500","$244,500",-,,N,Yes,0,"zz.Luloff, Julie",LOB Execution,Renewal documentation completed,0,,New,RTB,BC5100084,BC5100004,ATR730036,,1/20/26,5/30/26,900000447,92795115,,"$692,400",7800000447,,Alex Morgan,CORE,898870,6789,C_Forecast,DIV_2921 - Cloud Infrastructure Engineering,1/13/26,"Matera, Jill",AST0700446,,,,,,,,,"$34,800","$30,900","$28,200","$26,200","$24,300","$24,300","$24,300","$24,600","$24,600","$24,900","$24,500","$24,600","$24,800","$26,300","$26,900","$26,700","$27,000","$27,600","$27,100","$30,600","$31,700","$31,100","$31,600","$32,500","$32,300",-,-,-,-,-,-,-,-,-,-,-,-,-,-,-,-,-,-,-,-,-,-,-,-,-,-,-,-,-,-,-,-,-,-,-,-,-,-,-,-,-,-,-,-,-,-,-,-,-,-,-,-,-,-,-,-,-,-,-,-,-,-,-
100448,SAAS,112,CTBSTT,Fixed Assets (Peoplesoft) - SAAS,Google LLC,Google Cloud,Cloud data and analytics services enterprise agreement,8/18/26,8/31/29,VRM200105,"$62,200","$129,500","$174,200","$141,000",,N,Yes,,"zz.Brennecke, Jana",New,Invoice schedule under review,,-,New,RTB,BC5100068,BC5100059,ATR730003,,2/20/26,8/11/26,900000448,85235314,,"$506,900",7800000448,,Jordan Lee,ICEDQ,PO SR Required,2242,C_Forecast,DIV_1548 - Pmts Virt Sol Innov Platform Management,8/7/26,"zz.Brennecke, Jana",,,,,,,,,,"$15,000","$13,300","$12,200","$11,300","$10,400","$10,400","$10,400","$10,500","$10,500","$10,600","$10,400","$10,500","$10,500","$11,200","$11,500","$11,400","$11,600","$11,800","$11,700","$13,200","$13,700","$13,500","$13,700","$14,100","$14,100","$16,200","$16,800","$17,600","$17,800","$17,700","$17,900","$17,800","$17,500","$17,400","$17,700","$17,500","$17,500",-,-,-,-,-,-,-,-,-,-,-,-,-,-,-,-,-,-,-,-,-,-,-,-,-,-,-,-,-,-,-,-,-,-,-,-,-,-,-,-,-,-,-,-,-,-,-,-,-,-,-
100450,FB,115,CTDLR,A8501945 - Outsourcing Contract - Fixed Bid,Snowflake Inc.,Snowflake,Cloud data platform subscription renewal,8/27/26,8/31/29,VRM200111,"$63,900","$142,600","$179,300","$144,700",VRM,Y,Yes,4933,"S, Rajashekar",Analyst Review,Budget owner confirmed,,,Renewal,RTB,BC5100078,BC5100078,ATR730053,,1/12/26,1/21/26,900000450,96829501,,"$530,500",7800000450,,Taylor Brooks,SMT#2144,964528,7792,C_Forecast,DIV_2842 - Digital Channel Technology,7/6/26,"Agarwal, Ushika",AST0700449,,,,,,,,,"$15,200","$13,600","$12,500","$11,700","$10,900","$11,100","$11,200","$11,400","$11,500","$11,700","$11,600","$11,700","$11,800","$12,500","$12,800","$12,600","$12,700","$12,900","$12,600","$14,100","$14,500","$14,100","$14,200","$14,400","$14,200","$16,300","$16,800","$17,500","$17,700","$17,600","$18,000","$18,000","$17,800","$17,900","$18,400","$18,400","$18,600",-,-,-,-,-,-,-,-,-,-,-,-,-,-,-,-,-,-,-,-,-,-,-,-,-,-,-,-,-,-,-,-,-,-,-,-,-,-,-,-,-,-,-,-,-,-,-,-,-,-,-
100451,SW,121,CTSB,A8200045 - Software Maintenance,Deloitte Consulting LLP,Deloitte,Technology consulting services renewal,8/31/26,8/31/31,VRM200169,"$89,700","$196,400","$249,600","$344,000",,N,Yes,0,"Tadas, Deepa P.",LOB Execution,Invoice schedule under review,,,New,CTB,BC5100061,BC5100061,ATR730013,,2/8/26,3/29/26,900000451,88793448,,"$1,970,500",7800000451,TFT,Jordan Lee,ATMP,209828,2384,C_Forecast,DIV_1550 - Branch Operations Enablement,4/26/26,"Eckman, Bradly T.",,,,,,,,,,"$21,400","$19,100","$17,500","$16,400","$15,300","$15,400","$15,500","$15,800","$15,800","$16,100","$15,900","$16,100","$16,200","$17,200","$17,600","$17,300","$17,500","$17,800","$17,400","$19,500","$20,000","$19,500","$19,600","$20,100","$19,900","$22,800","$23,500","$24,600","$24,900","$24,800","$25,300","$25,200","$25,000","$25,100","$25,700","$25,700","$25,900","$33,200","$34,800","$36,200","$37,100","$39,000","$38,700","$38,900","$39,000","$38,200","$37,900","$38,300","$38,300","$54,700","$57,300","$64,100","$64,900","$69,100","$67,300","$67,700","$67,200","$67,500","$67,500","$68,000","$67,200",-,-,-,-,-,-,-,-,-,-,-,-,-,-,-,-,-,-,-,-,-,-,-,-,-,-,-
100452,DATA,130,CTDLR,A8590820 - Other Outside Data Processing,"Oracle America, Inc.",Oracle,Database platform licensing and maintenance renewal,8/30/26,8/31/30,VRM200189,"$125,600","$270,900","$348,300","$479,700",,N,Yes,0,"Tadas, Deepa P.",Finance - Confirming,Migration dependency tracked,,,New,RTB,BC5100116,BC5100116,ATR730077,,1/12/26,5/16/26,900000452,36923715,,"$1,648,800",7800000452,TFT,Cameron Smith,SFCOE,174179,1138,C_Forecast,DIV_2383 - Consumer Lending Technology Architecture,4/19/26,"Tadas, Deepa P.",AST0700451,,,,,,,,,"$30,000","$26,800","$24,600","$22,900","$21,300","$21,400","$21,500","$21,900","$21,900","$22,300","$21,900","$22,100","$22,200","$23,600","$24,200","$23,800","$24,100","$24,500","$24,000","$26,900","$27,700","$27,100","$27,400","$28,100","$27,800","$32,000","$33,100","$34,600","$35,100","$34,900","$35,600","$35,500","$35,100","$35,100","$36,000","$35,800","$36,000","$46,100","$48,200","$50,100","$51,300","$53,700","$53,300","$53,500","$53,700","$52,500","$52,100","$52,700","$52,800",-,-,-,-,-,-,-,-,-,-,-,-,-,-,-,-,-,-,-,-,-,-,-,-,-,-,-,-,-,-,-,-,-,-,-,-,-,-,-
100455,DEPR,132,CTTOCIO,Fixed Assets (Peoplesoft) - DEPR,Deloitte Consulting LLP,Deloitte,Technology consulting services enterprise agreement,8/31/26,2/28/27,VRM200109,"$72,300","$24,200",-,-,VRM,Y,No,,"S, Rajashekar",Execution Complete,Pending final statement of work,,-,Renewal,CTB,BC5100109,BC5100037,ATR730003,,2/23/26,3/19/26,900000455,86791660,,"$96,500",7800000455,TFT,Casey Rivera,SAMP,4084,8539,C_Forecast,DIV_2383 - Consumer Lending Technology Architecture,6/28/26,"Abiodun, Dare",AST0700454,,,,,,,,,"$17,500","$15,500","$14,100","$13,100","$12,100","$12,100","$12,100",-,-,-,-,-,-,-,-,-,-,-,-,-,-,-,-,-,-,-,-,-,-,-,-,-,-,-,-,-,-,-,-,-,-,-,-,-,-,-,-,-,-,-,-,-,-,-,-,-,-,-,-,-,-,-,-,-,-,-,-,-,-,-,-,-,-,-,-,-,-,-,-,-,-,-,-,-,-,-,-,-
100453,T&M,140,CTPLATFORM,A8501906 - Outsourcing/Technical Contract,Tata Consultancy Services,TCS,Application maintenance and delivery services,8/20/26,8/31/28,VRM200210,"$165,200","$351,800","$279,600",-,,N,Yes,,"K, Srikantesh",LOB Review,Renewal documentation completed,0,,Renewal,RTB,BC5100072,BC5100074,ATR730076,,3/18/26,5/30/26,900000453,29755521,,"$796,600",7800000453,TFT,Priya Shah,LO - SHAW-APP,951422,2389,C_Forecast,DIV_2921 - Cloud Infrastructure Engineering,2/25/26,"Tadas, Deepa P.",AST0700452,,,,,,,,,"$39,600","$35,300","$32,300","$30,100","$27,900","$28,000","$28,100","$28,500","$28,500","$28,900","$28,400","$28,600","$28,800","$30,600","$31,300","$30,900","$31,200","$31,800","$31,200","$35,100","$36,300","$35,500","$36,000","$37,000","$36,700",-,-,-,-,-,-,-,-,-,-,-,-,-,-,-,-,-,-,-,-,-,-,-,-,-,-,-,-,-,-,-,-,-,-,-,-,-,-,-,-,-,-,-,-,-,-,-,-,-,-,-,-,-,-,-,-,-,-,-,-,-,-,-
100454,T&M,143,CTSB,A8501946 - Outsourcing Contract - Time & Materials,"Amazon Web Services, Inc.",AWS,Cloud infrastructure and managed services renewal,8/18/26,8/31/29,VRM200214,"$171,900","$361,500","$478,400","$389,800",check investment date,Y,Yes,0,"zz.Ejiofor, Justina",Submitted to Sponsor,Invoice schedule under review,,-,Commited,CTB,BC5100104,BC5100104,ATR730032,,3/2/26,3/19/26,900000454,20951065,,"$1,401,600",7800000454,TFT,Morgan Patel,SMT#2144,608897,995,C_Forecast,"DIV_1211 - Deposits, Operations and Debit Card Tech",3/20/26,"Abiodun, Dare",AST0700453,,,,,,,,,"$41,400","$36,800","$33,600","$31,200","$28,900","$29,000","$28,900","$29,300","$29,300","$29,600","$29,100","$29,400","$29,500","$31,400","$32,100","$31,700","$32,200","$32,900","$32,300","$36,500","$37,700","$37,000","$37,600","$38,700","$38,500","$44,400","$45,900","$48,100","$48,800","$48,400","$49,300","$49,000","$48,300","$48,200","$49,100","$48,700","$48,800",-,-,-,-,-,-,-,-,-,-,-,-,-,-,-,-,-,-,-,-,-,-,-,-,-,-,-,-,-,-,-,-,-,-,-,-,-,-,-,-,-,-,-,-,-,-,-,-,-,-,-
100456,DATA,112,CTPLATFORM,A8590820 - Other Outside Data Processing,"Oracle America, Inc.",Oracle,Database platform licensing and maintenance,8/26/26,8/31/32,VRM200126,"$112,600","$254,700","$318,900","$435,600",VRM status,Y,No,,"K, Srikantesh",Execution Complete,Vendor onboarding completed,0,,Commited,RTB,BC5100014,BC5100014,ATR730041,,4/6/26,6/25/26,900000456,46466960,,"$4,394,600",7800000456,TFT,Priya Shah,BDCMS,4097,1873,C_Forecast,DIV_2714 - Enterprise Data Platforms,1/15/26,"Tadas, Deepa P.",,,,,,,,,,"$26,700","$23,900","$22,000","$20,700","$19,300","$19,600","$19,800","$20,200","$20,400","$20,900","$20,700","$20,900","$21,100","$22,500","$23,000","$22,700","$22,900","$23,300","$22,700","$25,300","$25,900","$25,100","$25,200","$25,600","$25,300","$28,900","$29,600","$30,800","$31,200","$31,000","$31,600","$31,500","$31,300","$31,500","$32,400","$32,400","$32,800","$42,200","$44,500","$46,500","$47,900","$50,500","$50,400","$50,700","$51,000","$50,000","$49,600","$50,200","$50,200","$71,500","$74,700","$83,200","$83,900","$88,900","$86,100","$86,200","$85,200","$85,200","$84,900","$85,300","$84,100","$127,500","$132,700","$142,300","$149,300","$159,900","$163,800","$163,500","$164,300","$166,500","$163,900","$168,400","$168,900",-,-,-,-,-,-,-,-,-,-,-,-,-,-,-
100457,FB,141,CTPLATFORM,A8501945 - Outsourcing Contract - Fixed Bid,Broadcom Inc.,Broadcom,Infrastructure software maintenance enterprise agreement,8/18/26,8/31/30,VRM200206,"$107,600","$239,600","$301,500","$414,600",,N,Yes,0,"zz.Luloff, Julie",LOB Execution,Vendor onboarding completed,0,,New,RTB,BC5100012,BC5100012,ATR730073,,2/10/26,5/3/26,900000457,41763564,,"$1,440,500",7800000457,,Jamie Chen,LVRMP,8200,5383,C_Forecast,DIV_3055 - Cybersecurity Platform Services,5/22/26,"Abiodun, Dare",,,,,,,,,,"$25,600","$22,900","$21,000","$19,700","$18,400","$18,600","$18,700","$19,100","$19,300","$19,700","$19,400","$19,700","$19,800","$21,100","$21,500","$21,300","$21,400","$21,800","$21,200","$23,700","$24,300","$23,700","$23,800","$24,300","$23,900","$27,400","$28,200","$29,400","$29,800","$29,700","$30,300","$30,200","$30,000","$30,100","$30,900","$30,900","$31,200","$40,100","$42,100","$43,900","$45,200","$47,500","$47,300","$47,600","$47,800","$46,800","$46,400","$46,900","$46,900",-,-,-,-,-,-,-,-,-,-,-,-,-,-,-,-,-,-,-,-,-,-,-,-,-,-,-,-,-,-,-,-,-,-,-,-,-,-,-
100458,T&M,136,CTEDP,A8501906 - Outsourcing/Technical Contract,Tata Consultancy Services,TCS,Application maintenance and delivery services renewal,8/31/26,8/31/33,VRM200215,"$185,900","$407,300","$517,200","$713,100",,N,Yes,,"zz.Luloff, Julie",LOB Execution,Security assessment completed,,,Commited,CTB,BC5100092,BC5100092,ATR730027,,8/10/26,8/10/26,900000458,24256323,,"$14,901,200",7800000458,,Avery Johnson,SAMP,993797,5649,C_Forecast,DIV_3188 - Marketing Technology Enablement,8/7/26,"Ashwathappa, Rakesh",,,,,,,,,,"$44,300","$39,600","$36,400","$34,000","$31,600","$31,900","$32,100","$32,700","$32,900","$33,500","$33,000","$33,300","$33,500","$35,700","$36,400","$36,000","$36,300","$36,900","$36,000","$40,300","$41,400","$40,400","$40,700","$41,600","$41,200","$47,300","$48,800","$50,900","$51,700","$51,400","$52,500","$52,300","$51,900","$52,000","$53,300","$53,200","$53,600","$68,800","$72,100","$75,000","$77,000","$80,800","$80,300","$80,600","$80,900","$79,200","$78,500","$79,400","$79,500","$113,500","$118,900","$133,000","$134,500","$143,300","$139,600","$140,300","$139,400","$139,900","$140,000","$141,000","$139,300","$211,500","$220,200","$235,800","$246,900","$263,900","$269,500","$268,000","$268,200","$270,500","$265,100","$271,200","$270,800","$464,100","$488,500","$504,900","$547,700","$736,200","$727,500","$726,200","$720,100","$710,600","$711,500","$708,800","$708,100",-,-,-
100459,SW,133,CTEDP,Fixed Assets (Peoplesoft) - SWM,"Datadog, Inc.",Datadog,Cloud monitoring and observability subscription,8/11/26,8/31/29,VRM200113,"$75,100","$162,100","$208,600","$169,900",,N,Yes,,"zz.Ejiofor, Justina",Management Review,Pending final statement of work,,,Renewal,RTB,BC5100044,BC5100044,ATR730047,Web Server,3/1/26,8/7/26,900000459,21371525,,"$615,700",7800000459,TFT,Jamie Chen,WFIG,732414,8326,C_Forecast,"DIV_1211 - Deposits, Operations and Debit Card Tech",1/23/26,"Agarwal, Ushika",,,,,,,,,,"$18,000","$16,000","$14,700","$13,700","$12,700","$12,800","$12,900","$13,100","$13,100","$13,300","$13,100","$13,200","$13,300","$14,100","$14,500","$14,300","$14,400","$14,700","$14,400","$16,100","$16,600","$16,200","$16,400","$16,800","$16,700","$19,200","$19,800","$20,700","$21,000","$20,900","$21,300","$21,200","$21,000","$21,000","$21,500","$21,400","$21,600",-,-,-,-,-,-,-,-,-,-,-,-,-,-,-,-,-,-,-,-,-,-,-,-,-,-,-,-,-,-,-,-,-,-,-,-,-,-,-,-,-,-,-,-,-,-,-,-,-,-,-
100460,TEL,114,CTCPR,A8292080 - Telecommunication,Adobe Inc.,Adobe,Digital experience platform subscription,8/23/26,8/31/32,VRM200166,"$190,900","$406,300","$529,300","$726,500",,N,Yes,,"zz.Luloff, Julie",Submitted to Sponsor,Consolidated under enterprise agreement,,,Renewal,RTB,BC5100043,BC5100043,ATR730038,,4/8/26,5/8/26,900000460,34303218,,"$7,265,900",7800000460,TFT,Reese Martin,SFCOE,PO SR Required,9383,C_Forecast,DIV_2637 - Consumer Payments,6/6/26,"Ashwathappa, Rakesh",,,,,,,,,,"$45,800","$40,800","$37,300","$34,800","$32,200","$32,400","$32,400","$32,900","$32,900","$33,400","$32,800","$33,100","$33,200","$35,300","$36,100","$35,700","$36,100","$36,800","$36,100","$40,600","$41,900","$41,100","$41,600","$42,700","$42,500","$48,900","$50,500","$52,900","$53,700","$53,400","$54,400","$54,100","$53,500","$53,500","$54,600","$54,300","$54,400","$69,600","$72,600","$75,200","$76,900","$80,400","$79,800","$79,900","$80,200","$78,400","$77,900","$78,900","$79,200","$113,500","$119,400","$134,200","$136,500","$146,100","$143,000","$144,300","$144,000","$144,900","$145,200","$146,500","$144,700","$219,500","$228,100","$243,600","$254,300","$270,800","$275,400","$272,600","$271,600","$272,700","$266,200","$271,200","$269,900",-,-,-,-,-,-,-,-,-,-,-,-,-,-,-
100461,DEPR,114,CTCPR,Fixed Assets (Peoplesoft) - DEPR,IBM Corporation,IBM,Mainframe software and technical support,8/8/26,8/31/30,VRM200166,"$25,400","$53,300","$70,800","$96,100",,N,Yes,,"Tadas, Deepa P.",Finance Review,Budget owner confirmed,,,Renewal,CTB,BC5100078,BC5100078,ATR730018,,2/27/26,2/28/26,900000461,82246365,,"$328,800",7800000461,TFT,Taylor Brooks,QLTRCS,4648,MarTech,C_Forecast,DIV_3188 - Marketing Technology Enablement,4/17/26,"Kollapally, Suraj",AST0700460,,,,,,,,,"$6,100","$5,400","$5,000","$4,600","$4,300","$4,300","$4,300","$4,300","$4,300","$4,400","$4,300","$4,300","$4,400","$4,600","$4,700","$4,700","$4,700","$4,800","$4,800","$5,400","$5,600","$5,500","$5,600","$5,700","$5,700","$6,600","$6,800","$7,100","$7,200","$7,100","$7,300","$7,200","$7,100","$7,100","$7,200","$7,200","$7,200","$9,200","$9,500","$9,900","$10,100","$10,500","$10,400","$10,500","$10,500","$10,300","$10,200","$10,400","$10,400",-,-,-,-,-,-,-,-,-,-,-,-,-,-,-,-,-,-,-,-,-,-,-,-,-,-,-,-,-,-,-,-,-,-,-,-,-,-,-
100462,SAAS,139,CTBSTT,Fixed Assets (Peoplesoft) - SAAS,"Oracle America, Inc.",Oracle,Database platform licensing and maintenance renewal,8/16/26,8/31/33,VRM200247,"$203,600","$423,600","$570,300","$769,600",,N,Yes,,"zz.Luloff, Julie",New,No action required,0,-,Commited,CTB,BC5100054,BC5100054,ATR730018,,4/18/26,7/5/26,900000462,30473731,,"$15,875,100",7800000462,,Riley Kim,WFIG,393711,50,C_Forecast,DIV_2636 - Teller,8/7/26,"Agarwal, Ushika",AST0700461,,,,,,,,,"$49,200","$43,700","$39,800","$36,900","$34,000","$34,100","$34,000","$34,300","$34,200","$34,700","$34,100","$34,300","$34,500","$36,700","$37,600","$37,300","$37,800","$38,800","$38,200","$43,200","$44,800","$44,100","$44,900","$46,200","$46,100","$53,200","$55,000","$57,500","$58,300","$57,800","$58,800","$58,300","$57,400","$57,100","$58,100","$57,400","$57,400","$73,000","$75,900","$78,400","$80,000","$83,500","$82,700","$82,900","$83,200","$81,600","$81,200","$82,600","$83,300","$120,000","$126,900","$143,200","$146,400","$157,400","$154,600","$156,500","$156,400","$157,600","$157,900","$159,100","$157,000","$237,500","$246,000","$261,800","$272,100","$288,400","$292,000","$287,800","$285,500","$285,600","$277,800","$282,200","$280,300","$478,500","$502,500","$519,000","$563,700","$760,200","$754,900","$758,600","$758,200","$755,100","$763,500","$768,100","$774,700",-,-,-
100463,SAAS,129,CTBSTT,Fixed Assets (Peoplesoft) - SAAS,"ServiceNow, Inc.",ServiceNow,IT service management subscription enterprise agreement,8/23/26,8/31/30,VRM200177,"$124,100","$280,600","$351,300","$479,600",,N,Yes,0,"S, Rajashekar",Analyst Review,Legal review pending,0,,New,RTB,BC5100038,BC5100038,ATR730078,,6/12/26,7/30/26,900000463,62962370,,"$1,679,100",7800000463,,Avery Johnson,ACCLQ,280891,5312,C_Forecast,DIV_3055 - Cybersecurity Platform Services,8/4/26,"Eckman, Bradly T.",AST0700462,,,,,,,,,"$29,400","$26,300","$24,300","$22,800","$21,300","$21,500","$21,800","$22,300","$22,500","$23,000","$22,700","$23,100","$23,300","$24,800","$25,400","$25,000","$25,200","$25,600","$25,000","$27,900","$28,500","$27,700","$27,800","$28,200","$27,800","$31,800","$32,600","$34,000","$34,400","$34,100","$34,800","$34,700","$34,500","$34,600","$35,600","$35,700","$36,100","$46,500","$49,000","$51,200","$52,800","$55,600","$55,500","$55,800","$56,200","$55,100","$54,700","$55,300","$55,300",-,-,-,-,-,-,-,-,-,-,-,-,-,-,-,-,-,-,-,-,-,-,-,-,-,-,-,-,-,-,-,-,-,-,-,-,-,-,-
100464,DATA,112,CTTOCIO,A8590820 - Other Outside Data Processing,Accenture LLP,Accenture,Application development and consulting services renewal,8/17/26,8/31/30,VRM200245,"$657,900","$1,464,300","$1,844,000","$2,533,600",,N,No,0,"K, Srikantesh",Execution Complete,No action required,0,,Commited,CTB,BC5100008,BC5100008,ATR730009,,12/20/25,3/20/26,900000464,17572971,,"$8,805,900",7800000464,TFT,Taylor Brooks,DCSN,561657,4833,C_Forecast,DIV_2383 - Consumer Lending Technology Architecture,4/25/26,"zz.Brennecke, Jana",,,,,,,,,,"$156,400","$139,900","$128,700","$120,500","$112,400","$113,700","$114,600","$117,000","$117,700","$120,100","$118,700","$120,100","$121,000","$128,800","$131,700","$129,900","$131,000","$133,000","$129,800","$145,100","$148,600","$144,600","$145,500","$148,200","$146,400","$167,800","$172,600","$180,000","$182,400","$181,200","$185,000","$184,500","$183,200","$183,800","$188,900","$188,800","$190,600","$245,200","$257,600","$268,500","$276,300","$290,500","$289,200","$290,700","$292,200","$286,000","$283,700","$286,900","$286,900",-,-,-,-,-,-,-,-,-,-,-,-,-,-,-,-,-,-,-,-,-,-,-,-,-,-,-,-,-,-,-,-,-,-,-,-,-,-,-
100465,TEL,127,CTBSTT,A8292080 - Telecommunication,AT&T Corp.,AT&T,Network and telecommunications services,8/17/26,8/31/29,VRM200219,"$120,700","$264,200","$335,700","$272,500",VRM,Y,Yes,4933,"S, Rajashekar",Submitted to Sponsor,Budget owner confirmed,,-,New,CTB,BC5100061,BC5100111,ATR730046,,1/9/26,3/10/26,900000465,40873865,,"$993,100",7800000465,,Jordan Lee,SMT#2144,7769,2826,C_Forecast,DIV_1307 - Pmts Virt Sol Innov and Cons Bkg Tech Admin,5/11/26,System,,,,,,,,,,"$28,800","$25,700","$23,600","$22,100","$20,500","$20,700","$20,800","$21,200","$21,300","$21,700","$21,400","$21,600","$21,800","$23,200","$23,700","$23,300","$23,500","$23,900","$23,400","$26,200","$26,900","$26,200","$26,400","$27,000","$26,700","$30,700","$31,700","$33,100","$33,500","$33,300","$34,000","$33,900","$33,700","$33,700","$34,600","$34,500","$34,800",-,-,-,-,-,-,-,-,-,-,-,-,-,-,-,-,-,-,-,-,-,-,-,-,-,-,-,-,-,-,-,-,-,-,-,-,-,-,-,-,-,-,-,-,-,-,-,-,-,-,-
100466,SAAS,143,CTHLT,A8201904 - Software as a Service,Deloitte Consulting LLP,Deloitte,Technology consulting services,8/20/26,8/31/28,VRM200194,"$170,300","$367,800","$289,700",-,,N,Yes,,"zz.Luloff, Julie",Finance Review,Security assessment completed,,,Renewal,RTB,BC5100001,BC5100044,ATR730050,,4/27/26,7/18/26,900000466,46466960,,"$827,800",7800000466,TFT,Jordan Lee,NAHAS,743578,6884,C_Forecast,DIV_3188 - Marketing Technology Enablement,4/27/26,"zz.Luloff, Julie",AST0700465,,,,,,,,,"$40,700","$36,300","$33,300","$31,100","$28,900","$29,100","$29,200","$29,700","$29,700","$30,200","$29,800","$30,000","$30,200","$32,100","$32,800","$32,300","$32,700","$33,200","$32,600","$36,500","$37,600","$36,700","$37,200","$38,100","$37,800",-,-,-,-,-,-,-,-,-,-,-,-,-,-,-,-,-,-,-,-,-,-,-,-,-,-,-,-,-,-,-,-,-,-,-,-,-,-,-,-,-,-,-,-,-,-,-,-,-,-,-,-,-,-,-,-,-,-,-,-,-,-,-
100467,FB,113,CTTOCIO,A8501945 - Outsourcing Contract - Fixed Bid,"Amazon Web Services, Inc.",AWS,Cloud infrastructure and managed services enterprise agreement,8/21/26,8/31/30,VRM200154,"$233,000","$495,900","$646,000","$886,900",,N,Yes,,"S, Rajashekar",Analyst Review,Consolidated under enterprise agreement,,-,New,RTB,BC5100058,BC5100119,ATR730021,,2/13/26,8/12/26,900000467,54212544,,"$3,036,600",7800000467,,Priya Shah,CDP2C,4854,9159,C_Forecast,DIV_1307 - Pmts Virt Sol Innov and Cons Bkg Tech Admin,4/5/26,"Kollapally, Suraj",,,,,,,,,,"$55,900","$49,800","$45,600","$42,400","$39,300","$39,500","$39,600","$40,100","$40,100","$40,700","$40,100","$40,400","$40,600","$43,100","$44,100","$43,600","$44,000","$44,900","$44,100","$49,600","$51,100","$50,100","$50,800","$52,100","$51,800","$59,700","$61,700","$64,600","$65,500","$65,100","$66,400","$66,100","$65,300","$65,300","$66,700","$66,300","$66,500","$84,900","$88,600","$91,800","$93,900","$98,200","$97,400","$97,500","$97,900","$95,700","$95,100","$96,300","$96,700",-,-,-,-,-,-,-,-,-,-,-,-,-,-,-,-,-,-,-,-,-,-,-,-,-,-,-,-,-,-,-,-,-,-,-,-,-,-,-
100468,SW,135,CTARCHENG,Fixed Assets (Peoplesoft) - SWL,"Oracle America, Inc.",Oracle,Database platform licensing and maintenance renewal,8/22/26,8/31/29,VRM200101,"$385,200","$809,100","$1,071,100","$872,900",end date with fcst,Y,Yes,,"zz.Brennecke, Jana",New,Consolidated under enterprise agreement,,,Renewal,CTB,BC5100086,BC5100086,ATR730029,,4/16/26,8/10/26,900000468,61495692,,"$3,138,300",7800000468,,Alex Morgan,ATMP,PO SR Required,MarTech,C_Forecast,DIV_2637 - Consumer Payments,5/26/26,"Tadas, Deepa P.",,,,,,,,,,"$92,800","$82,400","$75,300","$70,000","$64,700","$64,800","$64,800","$65,600","$65,500","$66,400","$65,200","$65,700","$66,000","$70,200","$71,800","$71,100","$72,000","$73,600","$72,400","$81,600","$84,400","$82,900","$84,300","$86,600","$86,200","$99,500","$102,800","$107,600","$109,200","$108,400","$110,400","$109,700","$108,200","$107,900","$110,000","$109,100","$109,200",-,-,-,-,-,-,-,-,-,-,-,-,-,-,-,-,-,-,-,-,-,-,-,-,-,-,-,-,-,-,-,-,-,-,-,-,-,-,-,-,-,-,-,-,-,-,-,-,-,-,-
100469,SAAS,133,CTEDP,Fixed Assets (Peoplesoft) - SAAS,AT&T Corp.,AT&T,Network and telecommunications services renewal,8/18/26,8/31/31,VRM200155,"$233,800","$486,200","$654,800","$883,600",check investment date,Y,No,,"Kollapally, Suraj",Cancelled,Budget owner confirmed,,-,Renewal,RTB,BC5100108,BC5100108,ATR730067,,6/15/26,8/6/26,900000469,37715755,,"$5,076,100",7800000469,TFT,Alex Morgan,TTMS,8591,4615,C_Forecast,DIV_2842 - Digital Channel Technology,7/3/26,"Ashwathappa, Rakesh",,,,,,,,,,"$56,500","$50,100","$45,700","$42,400","$39,100","$39,100","$39,000","$39,400","$39,300","$39,800","$39,100","$39,400","$39,600","$42,100","$43,200","$42,800","$43,400","$44,500","$43,900","$49,600","$51,400","$50,700","$51,600","$53,100","$52,900","$61,100","$63,100","$66,000","$66,900","$66,400","$67,500","$66,900","$65,900","$65,600","$66,700","$66,000","$65,900","$83,800","$87,100","$90,000","$91,800","$95,900","$95,000","$95,200","$95,500","$93,700","$93,300","$94,900","$95,700","$137,700","$145,600","$164,500","$168,100","$180,700","$177,500","$179,700","$179,600","$180,900","$181,300","$182,700","$180,200",-,-,-,-,-,-,-,-,-,-,-,-,-,-,-,-,-,-,-,-,-,-,-,-,-,-,-
100470,T&M,114,CTSB,A8501906 - Outsourcing/Technical Contract,Verizon Business Network Services,Verizon,Enterprise telecommunications services,8/23/26,2/29/28,VRM200230,"$489,900","$1,107,600","$199,900",-,,N,Yes,0,"zz.Luloff, Julie",Finance - Managing,Vendor onboarding completed,0,,Commited,CTB,BC5100017,BC5100033,ATR730051,,12/28/25,2/28/26,900000470,47369245,,"$1,797,400",7800000470,,Morgan Patel,WFIG,879332,5100,C_Forecast,"DIV_1211 - Deposits, Operations and Debit Card Tech",5/13/26,"K, Srikantesh",,,,,,,,,,"$116,300","$104,000","$95,800","$89,900","$83,900","$85,000","$85,900","$87,900","$88,700","$90,700","$89,800","$91,000","$91,900","$97,900","$100,200","$98,900","$99,700","$101,200","$98,700",-,-,-,-,-,-,-,-,-,-,-,-,-,-,-,-,-,-,-,-,-,-,-,-,-,-,-,-,-,-,-,-,-,-,-,-,-,-,-,-,-,-,-,-,-,-,-,-,-,-,-,-,-,-,-,-,-,-,-,-,-,-,-,-,-,-,-,-,-
100471,T&M,130,CTEDP,A8501906 - Outsourcing/Technical Contract,"ServiceNow, Inc.",ServiceNow,IT service management subscription renewal,8/27/26,8/31/29,VRM200180,"$242,300","$539,000","$678,800","$547,000",,N,Yes,0,"K, Srikantesh",LOB Review,Invoice schedule under review,0,,Commited,RTB,BC5100078,BC5100078,ATR730015,,1/26/26,5/22/26,900000471,50078650,,"$2,007,100",7800000471,,Taylor Brooks,BDCMS,5163,4661,C_Forecast,DIV_2842 - Digital Channel Technology,3/26/26,"Kollapally, Suraj",AST0700470,,,,,,,,,"$57,600","$51,500","$47,400","$44,400","$41,400","$41,800","$42,200","$43,100","$43,300","$44,200","$43,700","$44,200","$44,600","$47,400","$48,500","$47,800","$48,200","$48,900","$47,800","$53,400","$54,700","$53,200","$53,600","$54,600","$53,900","$61,800","$63,500","$66,300","$67,100","$66,700","$68,100","$67,900","$67,400","$67,700","$69,500","$69,500","$70,200",-,-,-,-,-,-,-,-,-,-,-,-,-,-,-,-,-,-,-,-,-,-,-,-,-,-,-,-,-,-,-,-,-,-,-,-,-,-,-,-,-,-,-,-,-,-,-,-,-,-,-
100472,SW,136,CTSB,Fixed Assets (Peoplesoft) - SWM,Adobe Inc.,Adobe,Digital experience platform subscription enterprise agreement,8/22/26,8/31/28,VRM200167,"$89,700","$196,500","$153,900",-,,N,Yes,0,"zz.Ejiofor, Justina",LOB Review,Pricing validation in progress,0,-,Renewal,CTB,BC5100016,BC5100060,ATR730055,Web Server,1/5/26,3/29/26,900000472,86791660,,"$440,100",7800000472,,Reese Martin,BREF,5973,4241,C_Forecast,DIV_2714 - Enterprise Data Platforms,2/19/26,"zz.Brennecke, Jana",,,,,,,,,,"$21,400","$19,100","$17,500","$16,400","$15,300","$15,400","$15,500","$15,800","$15,900","$16,100","$15,900","$16,100","$16,200","$17,200","$17,600","$17,300","$17,500","$17,800","$17,400","$19,500","$20,000","$19,500","$19,700","$20,100","$19,900",-,-,-,-,-,-,-,-,-,-,-,-,-,-,-,-,-,-,-,-,-,-,-,-,-,-,-,-,-,-,-,-,-,-,-,-,-,-,-,-,-,-,-,-,-,-,-,-,-,-,-,-,-,-,-,-,-,-,-,-,-,-,-
100473,T&M,116,CTPLATFORM,A8501946 - Outsourcing Contract - Time & Materials,Verizon Business Network Services,Verizon,Enterprise telecommunications services,8/12/26,8/31/30,VRM200102,"$477,000","$1,029,100","$1,322,100","$1,821,800",end date with fcst,Y,Yes,0,"Tadas, Deepa P.",Management Review,Budget owner confirmed,,,New,RTB,BC5100072,BC5100072,ATR730051,,12/17/25,7/17/26,900000473,21337044,,"$6,260,900",7800000473,TFT,Jordan Lee,GLDMN,928134,7362,C_Forecast,DIV_3188 - Marketing Technology Enablement,8/7/26,"Tadas, Deepa P.",AST0700472,,,,,,,,,"$114,000","$101,700","$93,300","$87,100","$80,900","$81,400","$81,700","$83,000","$83,200","$84,600","$83,300","$84,000","$84,500","$89,800","$91,700","$90,500","$91,400","$93,000","$91,100","$102,200","$105,200","$102,900","$104,000","$106,500","$105,700","$121,600","$125,500","$131,200","$133,200","$132,400","$135,200","$134,600","$133,300","$133,400","$136,700","$136,100","$136,800","$175,200","$183,200","$190,100","$194,800","$204,000","$202,500","$203,100","$203,700","$199,300","$197,700","$200,100","$200,500",-,-,-,-,-,-,-,-,-,-,-,-,-,-,-,-,-,-,-,-,-,-,-,-,-,-,-,-,-,-,-,-,-,-,-,-,-,-,-
100474,DATA,139,CTCPR,A8590820 - Other Outside Data Processing,Snowflake Inc.,Snowflake,Cloud data platform subscription,8/14/26,2/28/27,VRM200225,"$156,900","$53,200",-,-,,N,Yes,0,"zz.Luloff, Julie",LOB Execution,Vendor onboarding completed,,-,Commited,CTB,BC5100063,BC5100054,ATR730025,,1/30/26,3/23/26,900000474,53956600,,"$210,100",7800000474,,Alex Morgan,SBLO,9084,9557,C_Forecast,DIV_1548 - Pmts Virt Sol Innov Platform Management,2/8/26,System,AST0700473,,,,,,,,,"$37,600","$33,500","$30,700","$28,600","$26,500","$26,600","$26,600",-,-,-,-,-,-,-,-,-,-,-,-,-,-,-,-,-,-,-,-,-,-,-,-,-,-,-,-,-,-,-,-,-,-,-,-,-,-,-,-,-,-,-,-,-,-,-,-,-,-,-,-,-,-,-,-,-,-,-,-,-,-,-,-,-,-,-,-,-,-,-,-,-,-,-,-,-,-,-,-,-
100476,SAAS,132,CTTOCIO,Fixed Assets (Peoplesoft) - SAAS,AT&T Corp.,AT&T,Network and telecommunications services,8/23/26,2/29/28,VRM200187,"$151,700","$315,500","$57,400",-,,N,Yes,0,"S, Rajashekar",Finance - Managing,Vendor onboarding completed,0,,New,CTB,BC5100086,BC5100086,ATR730044,,5/22/26,8/3/26,900000476,99826360,,"$524,600",7800000476,,Morgan Patel,MOD,3003,8662,C_Forecast,DIV_3055 - Cybersecurity Platform Services,4/27/26,"zz.Brennecke, Jana",,,,,,,,,,"$36,700","$32,500","$29,600","$27,500","$25,400","$25,400","$25,300","$25,600","$25,500","$25,800","$25,400","$25,500","$25,700","$27,300","$28,000","$27,800","$28,200","$28,900","$28,500",-,-,-,-,-,-,-,-,-,-,-,-,-,-,-,-,-,-,-,-,-,-,-,-,-,-,-,-,-,-,-,-,-,-,-,-,-,-,-,-,-,-,-,-,-,-,-,-,-,-,-,-,-,-,-,-,-,-,-,-,-,-,-,-,-,-,-,-,-
100475,SW,138,CTSB,Fixed Assets (Peoplesoft) - SWL,IBM Corporation,IBM,Mainframe software and technical support,8/13/26,8/31/29,VRM200141,"$386,600","$812,300","$1,075,300","$876,200",,N,Yes,0,"zz.Ejiofor, Justina",Finance - Managing,Invoice schedule under review,,,Renewal,CTB,BC5100074,BC5100074,ATR730003,Web Server,4/25/26,5/8/26,900000475,17731304,,"$3,150,400",7800000475,TFT,Jordan Lee,CORE,873300,1917,C_Forecast,DIV_2637 - Consumer Payments,2/16/26,"Kollapally, Suraj",AST0700474,,,,,,,,,"$93,100","$82,800","$75,600","$70,200","$64,900","$65,100","$65,000","$65,800","$65,800","$66,600","$65,500","$66,000","$66,300","$70,500","$72,100","$71,300","$72,300","$73,800","$72,700","$81,900","$84,700","$83,300","$84,600","$87,000","$86,600","$99,900","$103,200","$108,000","$109,600","$108,800","$110,800","$110,100","$108,700","$108,300","$110,400","$109,500","$109,600",-,-,-,-,-,-,-,-,-,-,-,-,-,-,-,-,-,-,-,-,-,-,-,-,-,-,-,-,-,-,-,-,-,-,-,-,-,-,-,-,-,-,-,-,-,-,-,-,-,-,-
100477,OEM,110,CTCCPTPYMTS,Fixed Assets (Peoplesoft) - OEM,Accenture LLP,Accenture,Application development and consulting services enterprise agreement,8/28/26,8/31/32,VRM200189,"$97,500","$220,500","$276,100","$377,000",,N,Yes,0,"S, Rajashekar",Management Review,Pending final statement of work,,,Renewal,CTB,BC5100108,BC5100112,ATR730070,Web Server,7/20/26,8/13/26,900000477,36298788,,"$3,804,900",7800000477,,Priya Shah,CFMS,460697,4889,C_Forecast,DIV_2842 - Digital Channel Technology,5/4/26,System,,,,,,,,,,"$23,100","$20,700","$19,100","$17,900","$16,700","$16,900","$17,100","$17,500","$17,700","$18,100","$17,900","$18,100","$18,300","$19,500","$19,900","$19,700","$19,800","$20,100","$19,600","$21,900","$22,400","$21,800","$21,800","$22,200","$21,900","$25,000","$25,700","$26,700","$27,000","$26,800","$27,400","$27,300","$27,100","$27,200","$28,000","$28,000","$28,400","$36,600","$38,500","$40,200","$41,500","$43,700","$43,600","$43,900","$44,200","$43,300","$43,000","$43,500","$43,500","$61,900","$64,700","$72,100","$72,600","$77,000","$74,600","$74,600","$73,800","$73,700","$73,500","$73,800","$72,800","$110,400","$114,900","$123,200","$129,200","$138,500","$141,900","$141,600","$142,300","$144,100","$141,900","$145,800","$146,200",-,-,-,-,-,-,-,-,-,-,-,-,-,-,-
100478,SW,117,CTARCHENG,A8200050 - Software License,Deloitte Consulting LLP,Deloitte,Technology consulting services renewal,8/26/26,8/31/33,VRM200178,"$96,300","$214,400","$270,000","$370,800",,N,Yes,4933,"zz.Brennecke, Jana",Finance - Managing,Budget owner confirmed,,,Renewal,CTB,BC5100096,BC5100076,ATR730017,,2/23/26,3/19/26,900000478,40066030,,"$7,816,900",7800000478,TFT,Morgan Patel,1DBI,PO SR Required,8770,C_Forecast,"DIV_1211 - Deposits, Operations and Debit Card Tech",6/8/26,"Eckman, Bradly T.",,,,,,,,,,"$22,900","$20,500","$18,800","$17,600","$16,500","$16,600","$16,800","$17,100","$17,200","$17,600","$17,400","$17,600","$17,700","$18,900","$19,300","$19,000","$19,200","$19,500","$19,000","$21,200","$21,800","$21,200","$21,300","$21,700","$21,400","$24,600","$25,300","$26,300","$26,700","$26,500","$27,100","$27,000","$26,800","$26,900","$27,700","$27,600","$27,900","$35,900","$37,700","$39,300","$40,400","$42,500","$42,300","$42,600","$42,800","$41,900","$41,500","$42,000","$42,000","$59,900","$62,600","$69,900","$70,600","$75,000","$72,800","$73,000","$72,400","$72,500","$72,400","$72,900","$72,000","$109,200","$113,700","$121,900","$127,800","$136,700","$139,900","$139,400","$139,800","$141,300","$138,800","$142,300","$142,400","$244,500","$257,700","$266,700","$289,500","$389,400","$384,700","$383,800","$380,200","$374,600","$374,400","$372,200","$370,900",-,-,-
100479,SW,141,CTEDP,Fixed Assets (Peoplesoft) - SWL,Verizon Business Network Services,Verizon,Enterprise telecommunications services,8/9/26,2/29/28,VRM200128,"$355,900","$779,600","$139,600",-,,N,Yes,0,"zz.Ejiofor, Justina",Finance Review,Security assessment completed,,,Commited,RTB,BC5100069,BC5100069,ATR730022,,1/20/26,6/23/26,900000479,27584376,,"$1,275,100",7800000479,TFT,Jordan Lee,1CR5,PO SR Required,9972,C_Forecast,DIV_2714 - Enterprise Data Platforms,2/28/26,"Matera, Jill",AST0700478,,,,,,,,,"$84,800","$75,800","$69,600","$65,100","$60,600","$61,100","$61,500","$62,600","$62,900","$64,000","$63,200","$63,800","$64,200","$68,300","$69,800","$68,800","$69,400","$70,600","$69,000",-,-,-,-,-,-,-,-,-,-,-,-,-,-,-,-,-,-,-,-,-,-,-,-,-,-,-,-,-,-,-,-,-,-,-,-,-,-,-,-,-,-,-,-,-,-,-,-,-,-,-,-,-,-,-,-,-,-,-,-,-,-,-,-,-,-,-,-,-
100480,T&M,126,CTBSTT,A8501906 - Outsourcing/Technical Contract,Microsoft Corporation,Microsoft,Enterprise software subscriptions and support enterprise agreement,8/21/26,8/31/30,VRM200137,"$56,400","$121,700","$156,400","$215,600",end date with fcst,Y,Yes,0,"S, Rajashekar",LOB Review,Renewal documentation completed,,-,New,CTB,BC5100105,BC5100105,ATR730041,,1/29/26,5/1/26,900000480,29235769,,"$740,700",7800000480,,Taylor Brooks,WFIG,9431,MarTech,C_Forecast,DIV_2637 - Consumer Payments,3/7/26,"Ashwathappa, Rakesh",,,,,,,,,,"$13,500","$12,000","$11,000","$10,300","$9,600","$9,600","$9,700","$9,800","$9,800","$10,000","$9,900","$9,900","$10,000","$10,600","$10,900","$10,700","$10,800","$11,000","$10,800","$12,100","$12,400","$12,200","$12,300","$12,600","$12,500","$14,400","$14,800","$15,500","$15,800","$15,700","$16,000","$15,900","$15,800","$15,800","$16,200","$16,100","$16,200","$20,700","$21,700","$22,500","$23,000","$24,100","$24,000","$24,000","$24,100","$23,600","$23,400","$23,700","$23,700",-,-,-,-,-,-,-,-,-,-,-,-,-,-,-,-,-,-,-,-,-,-,-,-,-,-,-,-,-,-,-,-,-,-,-,-,-,-,-
100486,DATA,133,CTADMIN,A8590820 - Other Outside Data Processing,IBM Corporation,IBM,Mainframe software and technical support,8/8/26,8/31/27,VRM200192,"$267,600","$378,600",-,-,,N,Yes,0,"Tadas, Deepa P.",Finance - Managing,Renewal documentation completed,,,Commited,CTB,BC5100104,BC5100104,ATR730021,,7/18/26,7/28/26,900000486,69382946,,"$646,200",7800000486,TFT,Reese Martin,ACCLQ,8935,8282,C_Forecast,DIV_1307 - Pmts Virt Sol Innov and Cons Bkg Tech Admin,6/12/26,"zz.Brennecke, Jana",,,,,,,,,,"$63,800","$57,000","$52,300","$48,900","$45,600","$46,000","$46,200","$47,100","$47,300","$48,200","$47,500","$48,000","$48,300",-,-,-,-,-,-,-,-,-,-,-,-,-,-,-,-,-,-,-,-,-,-,-,-,-,-,-,-,-,-,-,-,-,-,-,-,-,-,-,-,-,-,-,-,-,-,-,-,-,-,-,-,-,-,-,-,-,-,-,-,-,-,-,-,-,-,-,-,-,-,-,-,-,-,-
100481,T&M,142,CTPLATFORM,A8501946 - Outsourcing Contract - Time & Materials,"Fiserv, Inc.",Fiserv,Payments processing software and support enterprise agreement,8/13/26,8/31/33,VRM200222,"$253,600","$539,700","$702,900","$965,100",,N,Yes,0,"S, Rajashekar",Finance - Confirming,Security assessment completed,,,New,CTB,BC5100048,BC5100048,ATR730031,,2/12/26,7/12/26,900000481,14762501,,"$19,943,800",7800000481,,Jamie Chen,SFCOE,9599,36,C_Forecast,DIV_3188 - Marketing Technology Enablement,4/6/26,"Tadas, Deepa P.",AST0700480,,,,,,,,,"$60,800","$54,200","$49,600","$46,200","$42,800","$43,000","$43,100","$43,700","$43,700","$44,300","$43,600","$43,900","$44,200","$46,900","$48,000","$47,400","$47,900","$48,900","$48,000","$53,900","$55,600","$54,500","$55,300","$56,700","$56,400","$65,000","$67,100","$70,200","$71,300","$70,900","$72,300","$71,900","$71,100","$71,000","$72,600","$72,100","$72,300","$92,400","$96,400","$99,900","$102,200","$106,800","$105,900","$106,100","$106,500","$104,200","$103,400","$104,800","$105,200","$150,800","$158,600","$178,300","$181,300","$194,100","$189,900","$191,700","$191,200","$192,400","$192,900","$194,500","$192,200","$291,600","$303,000","$323,600","$337,800","$359,700","$365,800","$362,100","$360,800","$362,300","$353,500","$360,200","$358,500","$612,700","$643,700","$664,400","$720,500","$969,100","$959,200","$959,900","$955,000","$946,400","$952,000","$953,000","$956,900",-,-,-
100482,DEPR,119,CTHLT,Fixed Assets (Peoplesoft) - DEPR,"ServiceNow, Inc.",ServiceNow,IT service management subscription enterprise agreement,8/23/26,8/31/31,VRM200166,"$126,700","$266,200","$352,400","$480,400",,N,Yes,,"zz.Ejiofor, Justina",LOB Review,Includes affiliate services,,,New,CTB,BC5100082,BC5100082,ATR730036,,4/26/26,5/13/26,900000482,44410312,,"$2,748,700",7800000482,,Riley Kim,TTMS,578371,4681,C_Forecast,DIV_1307 - Pmts Virt Sol Innov and Cons Bkg Tech Admin,6/12/26,"Abiodun, Dare",AST0700481,,,,,,,,,"$30,500","$27,100","$24,800","$23,000","$21,300","$21,300","$21,300","$21,600","$21,600","$21,800","$21,500","$21,600","$21,700","$23,100","$23,600","$23,400","$23,700","$24,200","$23,800","$26,900","$27,800","$27,300","$27,700","$28,500","$28,400","$32,700","$33,800","$35,400","$35,900","$35,700","$36,300","$36,100","$35,600","$35,500","$36,200","$35,900","$35,900","$45,800","$47,700","$49,300","$50,400","$52,600","$52,100","$52,200","$52,400","$51,300","$51,000","$51,800","$52,100","$74,800","$78,900","$88,900","$90,600","$97,300","$95,300","$96,400","$96,300","$97,000","$97,200","$98,000","$96,800",-,-,-,-,-,-,-,-,-,-,-,-,-,-,-,-,-,-,-,-,-,-,-,-,-,-,-
100483,SW,130,CTEDP,A8200050 - Software License,Deloitte Consulting LLP,Deloitte,Technology consulting services enterprise agreement,8/28/26,8/31/32,VRM200194,"$85,400","$177,700","$239,100","$322,600",,N,Yes,4933,"zz.Ejiofor, Justina",Analyst Review,No action required,,,Renewal,CTB,BC5100059,BC5100015,ATR730011,Web Server,5/3/26,6/24/26,900000483,34303218,,"$3,236,200",7800000483,,Alex Morgan,CORE,770455,4495,C_Forecast,DIV_1548 - Pmts Virt Sol Innov Platform Management,4/15/26,"zz.Luloff, Julie",AST0700482,,,,,,,,,"$20,600","$18,300","$16,700","$15,500","$14,300","$14,300","$14,200","$14,400","$14,400","$14,500","$14,300","$14,400","$14,500","$15,400","$15,800","$15,600","$15,900","$16,300","$16,000","$18,100","$18,800","$18,500","$18,800","$19,400","$19,300","$22,300","$23,100","$24,100","$24,400","$24,200","$24,600","$24,400","$24,100","$23,900","$24,400","$24,100","$24,100","$30,600","$31,800","$32,900","$33,500","$35,000","$34,700","$34,700","$34,900","$34,200","$34,100","$34,600","$34,900","$50,300","$53,200","$60,100","$61,400","$66,000","$64,800","$65,600","$65,600","$66,100","$66,200","$66,700","$65,800","$99,600","$103,100","$109,800","$114,100","$120,900","$122,500","$120,700","$119,700","$119,800","$116,500","$118,300","$117,500",-,-,-,-,-,-,-,-,-,-,-,-,-,-,-
100484,T&M,110,CTSB,A8501946 - Outsourcing Contract - Time & Materials,Broadcom Inc.,Broadcom,Infrastructure software maintenance,8/26/26,8/31/28,VRM200156,"$140,200","$317,200","$247,100",-,,N,Yes,0,"zz.Ejiofor, Justina",Management Review,Migration dependency tracked,0,-,New,CTB,BC5100060,BC5100060,ATR730012,,8/6/26,8/9/26,900000484,85235314,,"$704,500",7800000484,,Casey Rivera,Goldmine (WFF) GLDMN,4048,7998,C_Forecast,DIV_2842 - Digital Channel Technology,1/16/26,"Kollapally, Suraj",AST0700483,,,,,,,,,"$33,300","$29,800","$27,400","$25,700","$24,000","$24,400","$24,600","$25,200","$25,400","$26,000","$25,700","$26,100","$26,300","$28,000","$28,700","$28,300","$28,500","$29,000","$28,300","$31,500","$32,200","$31,300","$31,400","$31,900","$31,500",-,-,-,-,-,-,-,-,-,-,-,-,-,-,-,-,-,-,-,-,-,-,-,-,-,-,-,-,-,-,-,-,-,-,-,-,-,-,-,-,-,-,-,-,-,-,-,-,-,-,-,-,-,-,-,-,-,-,-,-,-,-,-
100485,TEL,110,CTCCPTPYMTS,A8292080 - Telecommunication,Broadcom Inc.,Broadcom,Infrastructure software maintenance enterprise agreement,8/12/26,8/31/30,VRM200176,"$445,400","$991,300","$1,248,300","$1,715,500",type/start,Y,No,0,"zz.Brennecke, Jana",Cancelled,Invoice schedule under review,0,-,Commited,RTB,BC5100018,BC5100018,ATR730053,,3/17/26,5/12/26,900000485,43504542,,"$5,961,700",7800000485,,Taylor Brooks,LVRMP,8976,MarTech,C_Forecast,DIV_3055 - Cybersecurity Platform Services,1/19/26,"zz.Luloff, Julie",,,,,,,,,,"$105,900","$94,700","$87,100","$81,600","$76,100","$77,000","$77,600","$79,200","$79,700","$81,300","$80,400","$81,300","$81,900","$87,200","$89,100","$87,900","$88,700","$90,000","$87,900","$98,200","$100,600","$97,900","$98,500","$100,400","$99,100","$113,600","$116,800","$121,800","$123,500","$122,700","$125,300","$124,900","$124,000","$124,500","$127,900","$127,800","$129,100","$166,000","$174,400","$181,800","$187,100","$196,600","$195,800","$196,800","$197,800","$193,600","$192,100","$194,200","$194,300",-,-,-,-,-,-,-,-,-,-,-,-,-,-,-,-,-,-,-,-,-,-,-,-,-,-,-,-,-,-,-,-,-,-,-,-,-,-,-
100490,SAAS,143,CTMARTECH,Fixed Assets (Peoplesoft) - SAAS,Infosys Limited,Infosys,Managed application support services,8/14/26,8/31/28,VRM200111,"$111,100","$230,900","$188,900",-,,N,Yes,0,"Tadas, Deepa P.",LOB Execution,Invoice schedule under review,0,,Commited,CTB,BC5100107,BC5100071,ATR730078,,6/5/26,8/3/26,900000490,17654768,,"$530,900",7800000490,,Morgan Patel,QLTRCS,1341,MarTech,C_Forecast,DIV_2636 - Teller,6/12/26,"Ashwathappa, Rakesh",AST0700489,,,,,,,,,"$26,900","$23,800","$21,700","$20,100","$18,600","$18,600","$18,500","$18,700","$18,700","$18,900","$18,600","$18,700","$18,800","$20,000","$20,500","$20,300","$20,600","$21,100","$20,900","$23,600","$24,400","$24,100","$24,500","$25,200","$25,100",-,-,-,-,-,-,-,-,-,-,-,-,-,-,-,-,-,-,-,-,-,-,-,-,-,-,-,-,-,-,-,-,-,-,-,-,-,-,-,-,-,-,-,-,-,-,-,-,-,-,-,-,-,-,-,-,-,-,-,-,-,-,-
100488,FB,119,CTARCHENG,A8501945 - Outsourcing Contract - Fixed Bid,"Amazon Web Services, Inc.",AWS,Cloud infrastructure and managed services,8/26/26,8/31/28,VRM200246,"$205,100","$436,500","$347,200",-,,N,Yes,,"K, Srikantesh",LOB Execution,Migration dependency tracked,,,Commited,CTB,BC5100039,BC5100039,ATR730040,,7/12/26,8/16/26,900000488,61495692,,"$988,800",7800000488,TFT,Priya Shah,Goldmine (WFF) GLDMN,9064,MarTech,C_Forecast,"DIV_1211 - Deposits, Operations and Debit Card Tech",7/8/26,"Ashwathappa, Rakesh",AST0700487,,,,,,,,,"$49,200","$43,800","$40,100","$37,400","$34,600","$34,800","$34,800","$35,300","$35,300","$35,900","$35,300","$35,500","$35,700","$38,000","$38,800","$38,300","$38,800","$39,500","$38,800","$43,600","$45,000","$44,100","$44,700","$45,900","$45,600",-,-,-,-,-,-,-,-,-,-,-,-,-,-,-,-,-,-,-,-,-,-,-,-,-,-,-,-,-,-,-,-,-,-,-,-,-,-,-,-,-,-,-,-,-,-,-,-,-,-,-,-,-,-,-,-,-,-,-,-,-,-,-
100489,DATA,129,CTSB,A8590820 - Other Outside Data Processing,Adobe Inc.,Adobe,Digital experience platform subscription,8/12/26,8/31/31,VRM200249,"$140,800","$296,000","$391,600","$533,900",,N,Yes,,"Kollapally, Suraj",Finance - Confirming,Migration dependency tracked,,-,Commited,CTB,BC5100073,BC5100073,ATR730030,,3/10/26,8/6/26,900000489,29755521,,"$3,055,300",7800000489,TFT,Avery Johnson,CDP2C,6003,MarTech,C_Forecast,DIV_1550 - Branch Operations Enablement,5/14/26,"Kollapally, Suraj",,,,,,,,,,"$33,900","$30,100","$27,500","$25,600","$23,700","$23,700","$23,700","$24,000","$24,000","$24,300","$23,900","$24,000","$24,100","$25,700","$26,300","$26,000","$26,300","$26,900","$26,500","$29,800","$30,900","$30,300","$30,800","$31,700","$31,500","$36,400","$37,600","$39,300","$39,900","$39,600","$40,400","$40,100","$39,600","$39,500","$40,200","$39,900","$39,900","$50,900","$53,000","$54,800","$56,000","$58,500","$57,900","$58,100","$58,200","$57,000","$56,700","$57,600","$57,900","$83,100","$87,700","$98,800","$100,700","$108,100","$106,000","$107,200","$107,000","$107,800","$108,100","$109,000","$107,600",-,-,-,-,-,-,-,-,-,-,-,-,-,-,-,-,-,-,-,-,-,-,-,-,-,-,-
100491,SAAS,126,CTADMIN,A8201904 - Software as a Service,Tata Consultancy Services,TCS,Application maintenance and delivery services enterprise agreement,8/26/26,8/31/30,VRM200148,"$62,000","$140,200","$175,600","$239,900",,N,Yes,,"K, Srikantesh",New,Pending final statement of work,,,Commited,RTB,BC5100001,BC5100065,ATR730013,,2/24/26,3/6/26,900000491,19302727,,"$839,600",7800000491,,Reese Martin,AIM,4280,112,C_Forecast,"DIV_1211 - Deposits, Operations and Debit Card Tech",4/23/26,"Ashwathappa, Rakesh",AST0700490,,,,,,,,,"$14,700","$13,200","$12,100","$11,400","$10,600","$10,800","$10,900","$11,100","$11,200","$11,500","$11,400","$11,500","$11,600","$12,400","$12,700","$12,500","$12,600","$12,800","$12,500","$13,900","$14,300","$13,800","$13,900","$14,100","$13,900","$15,900","$16,300","$17,000","$17,200","$17,100","$17,400","$17,400","$17,200","$17,300","$17,800","$17,800","$18,100","$23,300","$24,500","$25,600","$26,400","$27,800","$27,700","$27,900","$28,100","$27,600","$27,400","$27,700","$27,700",-,-,-,-,-,-,-,-,-,-,-,-,-,-,-,-,-,-,-,-,-,-,-,-,-,-,-,-,-,-,-,-,-,-,-,-,-,-,-
100492,OEM,135,CTPLATFORM,Fixed Assets (Peoplesoft) - OEM,"Oracle America, Inc.",Oracle,Database platform licensing and maintenance renewal,8/29/26,8/31/32,VRM200114,"$108,500","$241,600","$304,300","$418,100",,N,No,,"zz.Luloff, Julie",Execution Complete,Security assessment completed,,-,New,RTB,BC5100026,BC5100026,ATR730076,,7/14/26,7/15/26,900000492,27672672,,"$4,202,400",7800000492,,Reese Martin,ATMP,8385,8420,C_Forecast,DIV_2921 - Cloud Infrastructure Engineering,2/12/26,"Abiodun, Dare",AST0700491,,,,,,,,,"$25,800","$23,100","$21,200","$19,900","$18,500","$18,800","$18,900","$19,300","$19,400","$19,800","$19,600","$19,800","$20,000","$21,300","$21,700","$21,400","$21,600","$21,900","$21,400","$23,900","$24,500","$23,900","$24,000","$24,500","$24,200","$27,700","$28,500","$29,700","$30,100","$29,900","$30,500","$30,400","$30,200","$30,300","$31,200","$31,200","$31,500","$40,500","$42,500","$44,300","$45,600","$47,900","$47,700","$48,000","$48,200","$47,200","$46,800","$47,300","$47,300","$67,500","$70,600","$78,800","$79,600","$84,500","$82,100","$82,300","$81,600","$81,800","$81,600","$82,200","$81,100","$123,100","$128,200","$137,400","$144,000","$154,100","$157,700","$157,100","$157,600","$159,300","$156,400","$160,400","$160,500",-,-,-,-,-,-,-,-,-,-,-,-,-,-,-
100493,SW,110,CTHLT,Fixed Assets (Peoplesoft) - SWL,"ServiceNow, Inc.",ServiceNow,IT service management subscription enterprise agreement,8/11/26,2/29/28,VRM200102,"$233,900","$512,500","$91,700",-,,N,Yes,0,"S, Rajashekar",Finance - Confirming,Security assessment completed,0,-,Commited,RTB,BC5100063,BC5100060,ATR730051,,1/10/26,7/5/26,900000493,79750370,,"$838,100",7800000493,,Jordan Lee,1CR5,6743,8355,C_Forecast,DIV_3188 - Marketing Technology Enablement,4/6/26,"Ashwathappa, Rakesh",AST0700492,,,,,,,,,"$55,800","$49,800","$45,700","$42,800","$39,800","$40,200","$40,400","$41,200","$41,300","$42,100","$41,500","$42,000","$42,200","$44,900","$45,900","$45,200","$45,600","$46,400","$45,300",-,-,-,-,-,-,-,-,-,-,-,-,-,-,-,-,-,-,-,-,-,-,-,-,-,-,-,-,-,-,-,-,-,-,-,-,-,-,-,-,-,-,-,-,-,-,-,-,-,-,-,-,-,-,-,-,-,-,-,-,-,-,-,-,-,-,-,-,-
100494,FB,121,CTSB,A8501947 - Consulting Services - Fixed Bid,Broadcom Inc.,Broadcom,Infrastructure software maintenance renewal,8/8/26,8/31/31,VRM200125,"$296,600","$640,100","$822,400","$1,133,000",,N,Yes,0,"K, Srikantesh",New,Invoice schedule under review,,,New,CTB,BC5100101,BC5100101,ATR730064,,4/4/26,7/23/26,900000494,87801648,,"$6,475,500",7800000494,,Jamie Chen,PWDW,4859,1268,C_Forecast,DIV_1307 - Pmts Virt Sol Innov and Cons Bkg Tech Admin,7/17/26,"Kollapally, Suraj",AST0700493,,,,,,,,,"$70,900","$63,300","$58,000","$54,100","$50,300","$50,600","$50,800","$51,600","$51,800","$52,600","$51,800","$52,300","$52,500","$55,800","$57,100","$56,300","$56,900","$57,900","$56,700","$63,600","$65,400","$64,000","$64,700","$66,300","$65,700","$75,600","$78,100","$81,600","$82,800","$82,400","$84,100","$83,700","$82,900","$83,000","$85,000","$84,600","$85,100","$108,900","$113,900","$118,200","$121,200","$126,900","$126,000","$126,300","$126,700","$123,900","$123,000","$124,500","$124,700","$178,400","$187,200","$209,900","$212,900","$227,400","$221,900","$223,600","$222,700","$223,800","$224,200","$226,000","$223,400",-,-,-,-,-,-,-,-,-,-,-,-,-,-,-,-,-,-,-,-,-,-,-,-,-,-,-
100513,SW,115,CTEDP,Fixed Assets (Peoplesoft) - SWM,Broadcom Inc.,Broadcom,Infrastructure software maintenance renewal,9/15/26,3/31/27,VRM200170,"$94,900","$65,300",-,-,,N,No,0,"zz.Brennecke, Jana",Execution Complete,Legal review pending,,,Renewal,RTB,BC5100005,BC5100005,ATR730023,Web Server,7/2/26,8/14/26,900000513,34362370,,"$160,200",7800000513,,Jordan Lee,LO - SHAW-APP,3050,2493,C_Forecast,DIV_1307 - Pmts Virt Sol Innov and Cons Bkg Tech Admin,4/17/26,"Matera, Jill",,,,,,,,,,-,"$26,500","$24,300","$22,800","$21,300","$21,500","$21,700","$22,100",-,-,-,-,-,-,-,-,-,-,-,-,-,-,-,-,-,-,-,-,-,-,-,-,-,-,-,-,-,-,-,-,-,-,-,-,-,-,-,-,-,-,-,-,-,-,-,-,-,-,-,-,-,-,-,-,-,-,-,-,-,-,-,-,-,-,-,-,-,-,-,-,-,-,-,-,-,-,-,-
100495,SW,143,CTBSTT,A8200050 - Software License,"ServiceNow, Inc.",ServiceNow,IT service management subscription renewal,8/26/26,8/31/28,VRM200179,"$501,700","$1,067,400","$849,300",-,,N,Yes,0,"Tadas, Deepa P.",Analyst Review,Consolidated under enterprise agreement,,,New,RTB,BC5100081,BC5100081,ATR730044,,5/20/26,8/1/26,900000495,68157065,,"$2,418,400",7800000495,,Jordan Lee,DCSN,8831,2895,C_Forecast,DIV_2842 - Digital Channel Technology,8/7/26,"Agarwal, Ushika",,,,,,,,,,"$120,300","$107,200","$98,100","$91,400","$84,700","$85,100","$85,200","$86,400","$86,400","$87,700","$86,200","$86,900","$87,300","$92,800","$94,900","$93,700","$94,800","$96,600","$94,900","$106,700","$110,100","$107,900","$109,400","$112,200","$111,500",-,-,-,-,-,-,-,-,-,-,-,-,-,-,-,-,-,-,-,-,-,-,-,-,-,-,-,-,-,-,-,-,-,-,-,-,-,-,-,-,-,-,-,-,-,-,-,-,-,-,-,-,-,-,-,-,-,-,-,-,-,-,-
100496,SAAS,110,CTHLT,A8201904 - Software as a Service,AT&T Corp.,AT&T,Network and telecommunications services renewal,8/19/26,8/31/29,VRM200221,"$496,300","$1,042,900","$1,380,500","$1,124,900",,N,Yes,4933,"zz.Luloff, Julie",Submitted to Sponsor,No action required,,-,New,CTB,BC5100026,BC5100026,ATR730044,,2/1/26,7/8/26,900000496,70965208,,"$4,044,600",7800000496,,Jamie Chen,BREF,3588,8884,C_Forecast,DIV_3188 - Marketing Technology Enablement,4/13/26,"K, Srikantesh",,,,,,,,,,"$119,500","$106,200","$97,000","$90,200","$83,400","$83,600","$83,500","$84,500","$84,400","$85,500","$84,100","$84,700","$85,100","$90,500","$92,600","$91,600","$92,800","$94,800","$93,300","$105,200","$108,800","$106,900","$108,600","$111,700","$111,100","$128,200","$132,500","$138,700","$140,700","$139,700","$142,300","$141,300","$139,500","$139,100","$141,800","$140,500","$140,700",-,-,-,-,-,-,-,-,-,-,-,-,-,-,-,-,-,-,-,-,-,-,-,-,-,-,-,-,-,-,-,-,-,-,-,-,-,-,-,-,-,-,-,-,-,-,-,-,-,-,-
100497,SW,117,CTCPR,Fixed Assets (Peoplesoft) - SWM,Infosys Limited,Infosys,Managed application support services enterprise agreement,8/16/26,8/31/29,VRM200183,"$447,700","$931,200","$1,253,600","$1,016,200",,N,Yes,4933,"Kollapally, Suraj",Submitted to Sponsor,Legal review pending,,,Renewal,RTB,BC5100112,BC5100088,ATR730075,,3/23/26,3/24/26,900000497,65298643,,"$3,648,700",7800000497,,Jamie Chen,CCS,997271,MarTech,C_Forecast,DIV_1550 - Branch Operations Enablement,4/24/26,"Tadas, Deepa P.",,,,,,,,,,"$108,300","$96,000","$87,500","$81,100","$74,800","$74,900","$74,700","$75,500","$75,300","$76,200","$74,900","$75,400","$75,800","$80,700","$82,700","$81,900","$83,200","$85,200","$84,000","$95,000","$98,500","$97,000","$98,700","$101,700","$101,300","$116,900","$120,800","$126,400","$128,100","$127,100","$129,200","$128,100","$126,200","$125,500","$127,700","$126,300","$126,100",-,-,-,-,-,-,-,-,-,-,-,-,-,-,-,-,-,-,-,-,-,-,-,-,-,-,-,-,-,-,-,-,-,-,-,-,-,-,-,-,-,-,-,-,-,-,-,-,-,-,-
100498,FB,126,CTARCHENG,A8501945 - Outsourcing Contract - Fixed Bid,Tata Consultancy Services,TCS,Application maintenance and delivery services enterprise agreement,8/31/26,8/31/28,VRM200171,"$473,200","$1,069,900","$833,400",-,type/start,Y,Yes,0,"zz.Ejiofor, Justina",Finance Review,No action required,0,,Commited,RTB,BC5100107,BC5100044,ATR730011,,6/19/26,8/25/26,900000498,20721778,,"$2,376,500",7800000498,TFT,Riley Kim,LVRMP,903736,9672,C_Forecast,DIV_3055 - Cybersecurity Platform Services,3/7/26,"Kollapally, Suraj",AST0700497,,,,,,,,,"$112,300","$100,500","$92,500","$86,800","$81,100","$82,100","$83,000","$84,900","$85,700","$87,600","$86,800","$87,900","$88,700","$94,600","$96,800","$95,500","$96,300","$97,700","$95,300","$106,300","$108,700","$105,600","$106,000","$107,700","$106,100",-,-,-,-,-,-,-,-,-,-,-,-,-,-,-,-,-,-,-,-,-,-,-,-,-,-,-,-,-,-,-,-,-,-,-,-,-,-,-,-,-,-,-,-,-,-,-,-,-,-,-,-,-,-,-,-,-,-,-,-,-,-,-
100499,DATA,139,CTBSTT,A8590820 - Other Outside Data Processing,Google LLC,Google Cloud,Cloud data and analytics services enterprise agreement,8/24/26,8/31/28,VRM200155,"$329,200","$732,700","$571,000",-,,N,Yes,,"zz.Brennecke, Jana",LOB Review,Vendor onboarding completed,,,Renewal,RTB,BC5100059,BC5100103,ATR730043,,6/16/26,6/21/26,900000499,53956600,,"$1,632,900",7800000499,TFT,Priya Shah,ATMP,3700,4609,C_Forecast,DIV_2637 - Consumer Payments,4/26/26,"Ashwathappa, Rakesh",AST0700498,,,,,,,,,"$78,300","$70,000","$64,400","$60,300","$56,200","$56,900","$57,300","$58,500","$58,900","$60,100","$59,400","$60,100","$60,600","$64,500","$65,900","$65,000","$65,500","$66,500","$65,000","$72,600","$74,400","$72,300","$72,800","$74,200","$73,200",-,-,-,-,-,-,-,-,-,-,-,-,-,-,-,-,-,-,-,-,-,-,-,-,-,-,-,-,-,-,-,-,-,-,-,-,-,-,-,-,-,-,-,-,-,-,-,-,-,-,-,-,-,-,-,-,-,-,-,-,-,-,-
100500,TEL,140,CTTOCIO,A8292080 - Telecommunication,Accenture LLP,Accenture,Application development and consulting services enterprise agreement,8/10/26,8/31/32,VRM200180,"$186,600","$408,900","$519,400","$715,900",,N,No,0,"zz.Ejiofor, Justina",Cancelled,Includes affiliate services,,,Commited,RTB,BC5100076,BC5100076,ATR730036,,5/21/26,5/25/26,900000500,31834659,,"$7,174,500",7800000500,TFT,Priya Shah,SMT#2144,2931,6464,C_Forecast,DIV_2383 - Consumer Lending Technology Architecture,4/27/26,"Ashwathappa, Rakesh",AST0700499,,,,,,,,,"$44,500","$39,700","$36,500","$34,100","$31,800","$32,100","$32,200","$32,800","$33,000","$33,600","$33,100","$33,500","$33,700","$35,800","$36,600","$36,100","$36,400","$37,000","$36,200","$40,500","$41,600","$40,500","$40,900","$41,800","$41,400","$47,500","$49,000","$51,100","$51,900","$51,600","$52,700","$52,500","$52,100","$52,200","$53,500","$53,400","$53,800","$69,100","$72,400","$75,300","$77,300","$81,100","$80,600","$80,900","$81,200","$79,500","$78,800","$79,700","$79,800","$113,900","$119,400","$133,500","$135,100","$143,900","$140,100","$140,800","$139,900","$140,400","$140,500","$141,500","$139,900","$212,300","$221,000","$236,700","$247,900","$264,900","$270,500","$269,000","$269,200","$271,500","$266,100","$272,200","$271,900",-,-,-,-,-,-,-,-,-,-,-,-,-,-,-
100501,SAAS,143,CTBSTT,Fixed Assets (Peoplesoft) - SAAS,"Datadog, Inc.",Datadog,Cloud monitoring and observability subscription,10/21/26,10/31/28,VRM200237,"$97,200","$383,200","$393,800",-,,N,Yes,,"K, Srikantesh",Submitted to Sponsor,Invoice schedule under review,,,New,RTB,BC5100048,BC5100048,ATR730046,,3/12/26,7/6/26,900000501,46343223,,"$874,200",7800000501,,Cameron Smith,AIM,605745,6332,C_Forecast,DIV_2383 - Consumer Lending Technology Architecture,1/5/26,"Ashwathappa, Rakesh",,,,,,,,,,-,-,"$34,700","$32,400","$30,100","$30,300","$30,400","$30,900","$31,000","$31,500","$31,000","$31,300","$31,500","$33,400","$34,200","$33,700","$34,000","$34,600","$33,900","$38,100","$39,200","$38,300","$38,700","$39,700","$39,300","$45,300","$46,700",-,-,-,-,-,-,-,-,-,-,-,-,-,-,-,-,-,-,-,-,-,-,-,-,-,-,-,-,-,-,-,-,-,-,-,-,-,-,-,-,-,-,-,-,-,-,-,-,-,-,-,-,-,-,-,-,-,-,-,-,-
100502,SW,133,CTMARTECH,A8200050 - Software License,Accenture LLP,Accenture,Application development and consulting services enterprise agreement,10/14/26,10/31/28,VRM200121,"$114,000","$443,900","$462,000",-,,N,Yes,,"Tadas, Deepa P.",Submitted to Sponsor,Pending final statement of work,,,Commited,CTB,BC5100020,BC5100020,ATR730004,Web Server,8/1/26,8/31/26,900000502,29829067,,"$1,019,900",7800000502,,Avery Johnson,WFIG,2294,8492,C_Forecast,DIV_1550 - Branch Operations Enablement,5/24/26,"Eckman, Bradly T.",AST0700501,,,,,,,,,-,-,"$40,800","$38,000","$35,200","$35,400","$35,400","$35,900","$35,900","$36,500","$35,900","$36,100","$36,300","$38,600","$39,500","$39,000","$39,400","$40,200","$39,400","$44,400","$45,800","$44,900","$45,500","$46,700","$46,400","$53,500","$55,200",-,-,-,-,-,-,-,-,-,-,-,-,-,-,-,-,-,-,-,-,-,-,-,-,-,-,-,-,-,-,-,-,-,-,-,-,-,-,-,-,-,-,-,-,-,-,-,-,-,-,-,-,-,-,-,-,-,-,-,-,-
100503,SW,136,CTBSTT,A8200050 - Software License,"Fiserv, Inc.",Fiserv,Payments processing software and support renewal,10/22/26,10/31/31,VRM200233,"$136,600","$526,900","$697,300","$950,300",,N,Yes,0,"zz.Brennecke, Jana",Finance Review,Security assessment completed,,,Commited,CTB,BC5100055,BC5100055,ATR730043,Web Server,3/3/26,8/30/26,900000503,79123087,,"$5,915,100",7800000503,,Taylor Brooks,BREF,PO SR Required,4320,C_Forecast,DIV_1307 - Pmts Virt Sol Innov and Cons Bkg Tech Admin,8/5/26,"K, Srikantesh",AST0700502,,,,,,,,,-,-,"$49,000","$45,500","$42,100","$42,200","$42,200","$42,700","$42,600","$43,200","$42,500","$42,800","$43,000","$45,700","$46,800","$46,300","$46,900","$47,900","$47,100","$53,100","$55,000","$54,000","$54,900","$56,400","$56,100","$64,800","$66,900","$70,000","$71,100","$70,600","$71,900","$71,400","$70,500","$70,200","$71,600","$71,000","$71,000","$90,600","$94,300","$97,500","$99,700","$104,100","$103,100","$103,300","$103,700","$101,500","$100,900","$102,400","$103,000","$148,000","$156,100","$175,800","$179,300","$192,400","$188,600","$190,700","$190,500","$191,800","$192,300","$193,900","$191,500","$290,100","$301,000",-,-,-,-,-,-,-,-,-,-,-,-,-,-,-,-,-,-,-,-,-,-,-,-,-
100504,T&M,131,CTMARTECH,A8501906 - Outsourcing/Technical Contract,IBM Corporation,IBM,Mainframe software and technical support enterprise agreement,9/11/26,9/30/31,VRM200218,"$29,000","$79,700","$107,300","$144,800",check investment date,Y,Yes,0,"K, Srikantesh",Management Review,Renewal documentation completed,,-,Renewal,CTB,BC5100119,BC5100119,ATR730017,,4/2/26,8/11/26,900000504,38976378,,"$867,700",7800000504,,Morgan Patel,SFCOE,1820,2215,C_Forecast,DIV_3188 - Marketing Technology Enablement,6/28/26,"Matera, Jill",,,,,,,,,,-,"$8,200","$7,500","$6,900","$6,400","$6,400","$6,400","$6,500","$6,400","$6,500","$6,400","$6,500","$6,500","$6,900","$7,100","$7,000","$7,100","$7,300","$7,200","$8,100","$8,400","$8,300","$8,500","$8,700","$8,700","$10,000","$10,300","$10,800","$11,000","$10,900","$11,100","$11,000","$10,800","$10,700","$10,900","$10,800","$10,800","$13,700","$14,300","$14,700","$15,100","$15,700","$15,600","$15,600","$15,700","$15,400","$15,300","$15,600","$15,700","$22,600","$23,900","$27,000","$27,600","$29,600","$29,100","$29,500","$29,400","$29,700","$29,700","$30,000","$29,500","$44,700",-,-,-,-,-,-,-,-,-,-,-,-,-,-,-,-,-,-,-,-,-,-,-,-,-,-
100505,SAAS,143,CTARCHENG,A8201904 - Software as a Service,Snowflake Inc.,Snowflake,Cloud data platform subscription,12/28/26,12/31/29,VRM200221,"$14,900","$196,200","$245,700","$335,500",,N,Yes,,"Kollapally, Suraj",LOB Review,Migration dependency tracked,,,Renewal,RTB,BC5100065,BC5100056,ATR730063,,6/15/26,6/25/26,900000505,38187114,,"$792,300",7800000505,,Jamie Chen,CCS,PO SR Required,3162,C_Forecast,DIV_2383 - Consumer Lending Technology Architecture,5/15/26,"Kollapally, Suraj",,,,,,,,,,-,-,-,-,"$14,900","$15,100","$15,200","$15,600","$15,700","$16,100","$15,900","$16,100","$16,300","$17,300","$17,700","$17,500","$17,700","$17,900","$17,500","$19,500","$19,900","$19,400","$19,400","$19,800","$19,500","$22,200","$22,800","$23,800","$24,000","$23,900","$24,400","$24,300","$24,100","$24,200","$24,900","$25,000","$25,200","$32,500","$34,300","$35,800","$36,900",-,-,-,-,-,-,-,-,-,-,-,-,-,-,-,-,-,-,-,-,-,-,-,-,-,-,-,-,-,-,-,-,-,-,-,-,-,-,-,-,-,-,-,-,-,-,-
100506,TEL,138,CTTOCIO,A8292080 - Telecommunication,Google LLC,Google Cloud,Cloud data and analytics services enterprise agreement,11/5/26,11/30/30,VRM200111,"$44,200","$277,700","$349,600","$480,600",,N,No,,"Tadas, Deepa P.",Execution Complete,Security assessment completed,,,New,CTB,BC5100116,BC5100116,ATR730022,,9/30/26,11/3/26,900000506,65433502,,"$1,838,900",7800000506,TFT,Avery Johnson,CFMS,PO SR Required,MarTech,C_Forecast,DIV_2921 - Cloud Infrastructure Engineering,8/6/26,"Agarwal, Ushika",AST0700505,,,,,,,,,-,-,-,"$22,900","$21,300","$21,600","$21,700","$22,200","$22,300","$22,800","$22,500","$22,800","$23,000","$24,400","$25,000","$24,600","$24,800","$25,200","$24,600","$27,500","$28,200","$27,400","$27,600","$28,100","$27,800","$31,800","$32,700","$34,100","$34,600","$34,400","$35,100","$35,000","$34,700","$34,900","$35,800","$35,800","$36,200","$46,500","$48,900","$50,900","$52,400","$55,100","$54,900","$55,100","$55,400","$54,300","$53,800","$54,400","$54,400","$77,600","$81,200","$90,600",-,-,-,-,-,-,-,-,-,-,-,-,-,-,-,-,-,-,-,-,-,-,-,-,-,-,-,-,-,-,-,-,-,-,-,-
100507,T&M,119,CTBSTT,A8501906 - Outsourcing/Technical Contract,"Oracle America, Inc.",Oracle,Database platform licensing and maintenance,12/26/26,12/31/30,VRM200248,"$17,100","$219,900","$279,300","$384,800",type/start,Y,No,,"K, Srikantesh",Execution Complete,Pending final statement of work,,,Commited,CTB,BC5100092,BC5100050,ATR730051,,8/14/26,8/25/26,900000507,89176144,,"$1,516,100",7800000507,,Alex Morgan,HOGAN CIS,3824,6314,C_Forecast,DIV_3188 - Marketing Technology Enablement,2/26/26,"Matera, Jill",,,,,,,,,,-,-,-,-,"$17,100","$17,200","$17,300","$17,700","$17,700","$18,100","$17,800","$18,000","$18,100","$19,300","$19,700","$19,400","$19,600","$19,900","$19,500","$21,800","$22,400","$21,800","$22,000","$22,500","$22,200","$25,500","$26,300","$27,500","$27,900","$27,700","$28,300","$28,200","$28,000","$28,100","$28,800","$28,700","$28,900","$37,100","$38,900","$40,500","$41,600","$43,600","$43,400","$43,500","$43,700","$42,700","$42,400","$42,900","$42,900","$61,300","$64,200","$71,800","$72,600",-,-,-,-,-,-,-,-,-,-,-,-,-,-,-,-,-,-,-,-,-,-,-,-,-,-,-,-,-,-,-,-,-,-,-
100508,T&M,128,CTADMIN,A8501906 - Outsourcing/Technical Contract,"Amazon Web Services, Inc.",AWS,Cloud infrastructure and managed services renewal,9/3/26,9/30/30,VRM200117,"$344,000","$975,900","$1,253,600","$1,727,100",,N,Yes,,"S, Rajashekar",LOB Execution,Invoice schedule under review,,,New,CTB,BC5100085,BC5100119,ATR730013,,5/26/26,8/26/26,900000508,75978964,,"$6,099,600",7800000508,,Reese Martin,SFCOE,3033,5345,C_Forecast,DIV_2842 - Digital Channel Technology,6/12/26,System,,,,,,,,,,-,"$96,400","$88,400","$82,500","$76,700","$77,200","$77,500","$78,700","$78,900","$80,200","$79,000","$79,700","$80,100","$85,100","$87,000","$85,800","$86,700","$88,200","$86,400","$96,900","$99,800","$97,500","$98,600","$101,000","$100,200","$115,300","$119,000","$124,400","$126,300","$125,600","$128,100","$127,600","$126,400","$126,500","$129,600","$129,000","$129,700","$166,100","$173,600","$180,200","$184,700","$193,400","$192,000","$192,500","$193,100","$188,900","$187,400","$189,700","$190,100","$271,900",-,-,-,-,-,-,-,-,-,-,-,-,-,-,-,-,-,-,-,-,-,-,-,-,-,-,-,-,-,-,-,-,-,-,-,-,-,-
100509,SW,131,CTHLT,Fixed Assets (Peoplesoft) - SWM,AT&T Corp.,AT&T,Network and telecommunications services enterprise agreement,9/21/26,9/30/32,VRM200247,"$99,200","$277,800","$362,000","$496,800",,N,Yes,4933,"K, Srikantesh",LOB Review,Consolidated under enterprise agreement,,-,Renewal,RTB,BC5100005,BC5100005,ATR730045,Web Server,8/12/26,9/10/26,900000509,37749761,,"$5,252,200",7800000509,,Jordan Lee,CCS,169609,2970,C_Forecast,DIV_1548 - Pmts Virt Sol Innov Platform Management,5/28/26,System,,,,,,,,,,-,"$27,900","$25,500","$23,800","$22,000","$22,100","$22,200","$22,500","$22,500","$22,800","$22,400","$22,600","$22,700","$24,200","$24,700","$24,400","$24,700","$25,100","$24,700","$27,800","$28,600","$28,100","$28,500","$29,200","$29,000","$33,500","$34,600","$36,200","$36,700","$36,500","$37,200","$37,000","$36,600","$36,600","$37,400","$37,100","$37,200","$47,600","$49,600","$51,400","$52,600","$55,000","$54,500","$54,600","$54,800","$53,600","$53,200","$54,000","$54,200","$77,600","$81,700","$91,800","$93,300","$99,900","$97,700","$98,700","$98,400","$99,100","$99,300","$100,100","$98,900","$150,100","$156,000","$166,600","$173,900","$185,100","$188,300","$186,400","$185,700","$186,500","$182,000","$185,400","$184,600","$315,400",-,-,-,-,-,-,-,-,-,-,-,-,-,-
100510,FB,138,CTEDP,A8501947 - Consulting Services - Fixed Bid,"Fiserv, Inc.",Fiserv,Payments processing software and support,9/22/26,9/30/29,VRM200104,"$382,000","$1,057,600","$1,399,800","$1,322,600",,N,Yes,,"zz.Brennecke, Jana",Finance Review,No action required,0,-,Commited,RTB,BC5100025,BC5100075,ATR730006,,5/31/26,7/21/26,900000510,59119762,,"$4,162,000",7800000510,,Dana Williams,LVRMP,276233,5297,C_Forecast,DIV_3055 - Cybersecurity Platform Services,5/25/26,"Eckman, Bradly T.",,,,,,,,,,-,"$107,700","$98,400","$91,400","$84,500","$84,700","$84,700","$85,700","$85,600","$86,700","$85,300","$85,900","$86,300","$91,800","$93,900","$92,900","$94,100","$96,100","$94,600","$106,700","$110,300","$108,400","$110,100","$113,200","$112,700","$130,000","$134,400","$140,600","$142,700","$141,700","$144,300","$143,300","$141,500","$141,000","$143,800","$142,500","$142,600","$181,900",-,-,-,-,-,-,-,-,-,-,-,-,-,-,-,-,-,-,-,-,-,-,-,-,-,-,-,-,-,-,-,-,-,-,-,-,-,-,-,-,-,-,-,-,-,-,-,-,-,-
100511,SW,121,CTCCPTPYMTS,A8200050 - Software License,"Datadog, Inc.",Datadog,Cloud monitoring and observability subscription enterprise agreement,10/6/26,10/31/33,VRM200193,"$58,500","$223,600","$300,800","$405,800",,N,Yes,0,"S, Rajashekar",New,Legal review pending,,,New,RTB,BC5100039,BC5100039,ATR730073,,7/28/26,9/25/26,900000511,85122507,,"$12,984,300",7800000511,TFT,Avery Johnson,SFCOE,6357,MarTech,C_Forecast,DIV_1307 - Pmts Virt Sol Innov and Cons Bkg Tech Admin,3/18/26,"Agarwal, Ushika",,,,,,,,,,-,-,"$21,000","$19,500","$18,000","$18,000","$17,900","$18,100","$18,100","$18,300","$18,000","$18,100","$18,200","$19,400","$19,800","$19,700","$20,000","$20,400","$20,200","$22,800","$23,600","$23,300","$23,700","$24,400","$24,300","$28,100","$29,000","$30,300","$30,700","$30,500","$31,000","$30,700","$30,300","$30,100","$30,600","$30,300","$30,300","$38,500","$40,000","$41,300","$42,200","$44,000","$43,600","$43,700","$43,900","$43,000","$42,800","$43,600","$43,900","$63,300","$66,900","$75,600","$77,200","$83,000","$81,500","$82,500","$82,500","$83,100","$83,300","$83,900","$82,800","$125,300","$129,700","$138,100","$143,500","$152,100","$154,000","$151,800","$150,600","$150,700","$146,500","$148,900","$147,900","$252,400","$265,000","$273,800","$297,300","$401,000","$398,200","$400,100","$400,000","$398,300","$402,700","$405,100","$408,600","$2,325,900","$2,334,000",-
100512,SAAS,118,CTEDP,Fixed Assets (Peoplesoft) - SAAS,"ServiceNow, Inc.",ServiceNow,IT service management subscription,10/26/26,10/31/29,VRM200217,"$178,500","$733,700","$919,100","$982,700",,N,No,4933,"S, Rajashekar",Execution Complete,Migration dependency tracked,,,New,RTB,BC5100014,BC5100007,ATR730070,,4/21/26,6/17/26,900000512,77613326,,"$2,814,000",7800000512,TFT,Priya Shah,CFSBI,1778,1131,C_Forecast,DIV_2921 - Cloud Infrastructure Engineering,6/27/26,"K, Srikantesh",AST0700511,,,,,,,,,-,-,"$63,400","$59,500","$55,600","$56,300","$56,900","$58,200","$58,700","$60,100","$59,500","$60,300","$60,900","$64,900","$66,400","$65,500","$66,000","$67,000","$65,400","$72,900","$74,600","$72,400","$72,700","$73,900","$72,800","$83,200","$85,400","$88,900","$89,900","$89,300","$91,100","$90,800","$90,200","$90,600","$93,200","$93,300","$94,400","$121,700","$128,100",-,-,-,-,-,-,-,-,-,-,-,-,-,-,-,-,-,-,-,-,-,-,-,-,-,-,-,-,-,-,-,-,-,-,-,-,-,-,-,-,-,-,-,-,-,-,-,-,-
100514,SAAS,135,CTADMIN,A8201904 - Software as a Service,Accenture LLP,Accenture,Application development and consulting services,10/1/26,10/31/29,VRM200156,"$64,500","$257,400","$326,800","$354,500",,N,Yes,4933,"Kollapally, Suraj",LOB Execution,Vendor onboarding completed,,,New,RTB,BC5100066,BC5100066,ATR730007,,4/30/26,7/4/26,900000514,82246365,,"$1,003,200",7800000514,,Jordan Lee,CFSBI,7004,4324,C_Forecast,DIV_1550 - Branch Operations Enablement,6/2/26,"Matera, Jill",AST0700513,,,,,,,,,-,-,"$23,000","$21,500","$20,000","$20,200","$20,300","$20,700","$20,800","$21,100","$20,900","$21,100","$21,200","$22,500","$23,000","$22,700","$22,900","$23,300","$22,800","$25,500","$26,200","$25,500","$25,700","$26,300","$26,000","$29,900","$30,800","$32,200","$32,600","$32,500","$33,100","$33,000","$32,800","$32,800","$33,700","$33,600","$33,900","$43,500","$45,600",-,-,-,-,-,-,-,-,-,-,-,-,-,-,-,-,-,-,-,-,-,-,-,-,-,-,-,-,-,-,-,-,-,-,-,-,-,-,-,-,-,-,-,-,-,-,-,-,-
100515,T&M,136,CTMARTECH,A8501946 - Outsourcing Contract - Time & Materials,Snowflake Inc.,Snowflake,Cloud data platform subscription,10/16/26,10/31/31,VRM200186,"$19,000","$75,200","$96,600","$133,000",,N,Yes,4933,"Eckman, Bradley T.",LOB Review,Security assessment completed,,-,Commited,CTB,BC5100100,BC5100113,ATR730073,,3/13/26,9/22/26,900000515,27672672,,"$825,200",7800000515,TFT,Reese Martin,SAMP,226408,6229,C_Forecast,DIV_1548 - Pmts Virt Sol Innov Platform Management,7/22/26,"zz.Luloff, Julie",AST0700514,,,,,,,,,-,-,"$6,800","$6,300","$5,900","$5,900","$6,000","$6,100","$6,100","$6,200","$6,100","$6,100","$6,200","$6,500","$6,700","$6,600","$6,700","$6,800","$6,600","$7,500","$7,700","$7,500","$7,600","$7,800","$7,700","$8,900","$9,200","$9,600","$9,700","$9,700","$9,900","$9,800","$9,700","$9,700","$10,000","$9,900","$10,000","$12,800","$13,400","$13,900","$14,200","$14,900","$14,800","$14,800","$14,900","$14,500","$14,400","$14,600","$14,600","$20,900","$22,000","$24,600","$25,000","$26,700","$26,000","$26,200","$26,100","$26,200","$26,300","$26,500","$26,200","$39,800","$41,400",-,-,-,-,-,-,-,-,-,-,-,-,-,-,-,-,-,-,-,-,-,-,-,-,-
100516,SAAS,137,CTEDP,Fixed Assets (Peoplesoft) - SAAS,"ServiceNow, Inc.",ServiceNow,IT service management subscription renewal,12/16/26,12/31/31,VRM200242,"$61,800","$779,100","$1,014,700","$1,393,100",,N,Yes,,"zz.Ejiofor, Justina",Finance - Managing,Legal review pending,,-,Commited,RTB,BC5100082,BC5100082,ATR730076,Web Server,5/28/26,10/28/26,900000516,69936307,,"$9,467,000",7800000516,,Avery Johnson,GLDMN,7432,5974,C_Forecast,DIV_2714 - Enterprise Data Platforms,4/18/26,"Kollapally, Suraj",,,,,,,,,,-,-,-,-,"$61,800","$62,100","$62,200","$63,000","$63,100","$64,000","$62,900","$63,400","$63,700","$67,800","$69,300","$68,400","$69,200","$70,500","$69,200","$77,900","$80,300","$78,700","$79,800","$81,900","$81,400","$93,800","$96,900","$101,400","$102,900","$102,300","$104,300","$103,800","$102,600","$102,500","$104,800","$104,100","$104,400","$133,400","$139,200","$144,200","$147,500","$154,300","$152,900","$153,200","$153,700","$150,400","$149,300","$151,300","$151,900","$217,700","$229,000","$257,400","$261,700","$280,300","$274,200","$276,800","$276,100","$277,900","$278,500","$280,900","$277,500","$420,900","$437,400","$467,200","$487,800",-,-,-,-,-,-,-,-,-,-,-,-,-,-,-,-,-,-,-,-,-,-,-
100517,SW,130,CTPLATFORM,Fixed Assets (Peoplesoft) - SWM,Infosys Limited,Infosys,Managed application support services,11/15/26,5/31/27,VRM200140,"$26,600","$64,600",-,-,,N,Yes,,"Tadas, Deepa P.",Analyst Review,Security assessment completed,0,,Renewal,RTB,BC5100065,BC5100065,ATR730033,,6/14/26,9/19/26,900000517,77613326,,"$91,200",7800000517,,Avery Johnson,1CR5,531893,MarTech,C_Forecast,DIV_2842 - Digital Channel Technology,1/23/26,"Agarwal, Ushika",AST0700516,,,,,,,,,-,-,-,"$13,800","$12,800","$12,800","$12,800","$13,000","$12,900","$13,100",-,-,-,-,-,-,-,-,-,-,-,-,-,-,-,-,-,-,-,-,-,-,-,-,-,-,-,-,-,-,-,-,-,-,-,-,-,-,-,-,-,-,-,-,-,-,-,-,-,-,-,-,-,-,-,-,-,-,-,-,-,-,-,-,-,-,-,-,-,-,-,-,-,-,-,-,-,-
100518,T&M,134,CTEDP,A8501946 - Outsourcing Contract - Time & Materials,FIS Global,FIS,Banking platform software and services,12/22/26,6/30/27,VRM200189,"$19,300","$116,200",-,-,,N,Yes,0,"Kollapally, Suraj",Submitted to Sponsor,Consolidated under enterprise agreement,,,New,RTB,BC5100055,BC5100106,ATR730042,,11/27/26,12/21/26,900000518,78503377,,"$135,500",7800000518,,Alex Morgan,TTMS,PO SR Required,662,C_Forecast,DIV_1550 - Branch Operations Enablement,5/28/26,"Kollapally, Suraj",AST0700517,,,,,,,,,-,-,-,-,"$19,300","$19,300","$19,200","$19,400","$19,400","$19,600","$19,300",-,-,-,-,-,-,-,-,-,-,-,-,-,-,-,-,-,-,-,-,-,-,-,-,-,-,-,-,-,-,-,-,-,-,-,-,-,-,-,-,-,-,-,-,-,-,-,-,-,-,-,-,-,-,-,-,-,-,-,-,-,-,-,-,-,-,-,-,-,-,-,-,-,-,-,-,-
100519,SW,116,CTBSTT,A8200045 - Software Maintenance,"Salesforce, Inc.",Salesforce,Customer relationship management platform enterprise agreement,9/26/26,9/30/30,VRM200185,"$146,500","$434,500","$544,000","$742,700",type/start,Y,Yes,,"Eckman, Bradley T.",New,No action required,0,,Commited,RTB,BC5100016,BC5100016,ATR730001,,5/17/26,6/23/26,900000519,40155419,,"$2,676,400",7800000519,,Jamie Chen,CFMS,472249,8259,C_Forecast,DIV_3055 - Cybersecurity Platform Services,4/28/26,"K, Srikantesh",AST0700518,,,,,,,,,-,"$40,800","$37,600","$35,200","$32,900","$33,400","$33,700","$34,500","$34,800","$35,600","$35,200","$35,700","$36,000","$38,400","$39,300","$38,800","$39,100","$39,700","$38,700","$43,200","$44,200","$42,900","$43,000","$43,700","$43,100","$49,200","$50,500","$52,600","$53,200","$52,900","$53,900","$53,800","$53,400","$53,600","$55,200","$55,300","$55,900","$72,000","$75,800","$79,200","$81,700","$86,100","$85,900","$86,500","$87,000","$85,300","$84,700","$85,600","$85,600","$122,000",-,-,-,-,-,-,-,-,-,-,-,-,-,-,-,-,-,-,-,-,-,-,-,-,-,-,-,-,-,-,-,-,-,-,-,-,-,-
100520,FB,112,CTHLT,A8501945 - Outsourcing Contract - Fixed Bid,"Oracle America, Inc.",Oracle,Database platform licensing and maintenance,11/21/26,11/30/29,VRM200136,"$142,500","$895,800","$1,127,800","$1,380,900",VRM,Y,Yes,0,"Tadas, Deepa P.",LOB Review,Legal review pending,0,,New,CTB,BC5100052,BC5100052,ATR730041,,6/14/26,10/1/26,900000520,64932177,,"$3,547,000",7800000520,,Riley Kim,CFSBI,332646,MarTech,C_Forecast,DIV_2842 - Digital Channel Technology,7/2/26,"Agarwal, Ushika",,,,,,,,,,-,-,-,"$73,700","$68,800","$69,500","$70,100","$71,600","$72,000","$73,500","$72,600","$73,500","$74,000","$78,800","$80,600","$79,500","$80,100","$81,300","$79,400","$88,700","$90,900","$88,400","$89,000","$90,700","$89,500","$102,600","$105,600","$110,100","$111,600","$110,900","$113,200","$112,900","$112,000","$112,500","$115,600","$115,500","$116,600","$150,000","$157,500","$164,200",-,-,-,-,-,-,-,-,-,-,-,-,-,-,-,-,-,-,-,-,-,-,-,-,-,-,-,-,-,-,-,-,-,-,-,-,-,-,-,-,-,-,-,-,-,-,-,-
100521,OEM,130,CTPLATFORM,Fixed Assets (Peoplesoft) - OEM,"Fiserv, Inc.",Fiserv,Payments processing software and support enterprise agreement,9/20/26,9/30/28,VRM200138,"$122,000","$350,900","$315,500",-,check investment date,Y,No,4933,"K, Srikantesh",Execution Complete,Consolidated under enterprise agreement,,,New,CTB,BC5100110,BC5100008,ATR730049,Web Server,5/23/26,8/12/26,900000521,35037909,,"$788,400",7800000521,,Cameron Smith,1DBI,401849,6989,C_Forecast,DIV_2842 - Digital Channel Technology,2/16/26,System,AST0700520,,,,,,,,,-,"$34,100","$31,300","$29,300","$27,300","$27,500","$27,700","$28,200","$28,300","$28,800","$28,400","$28,700","$28,900","$30,700","$31,400","$31,000","$31,300","$31,800","$31,100","$34,800","$35,700","$34,800","$35,100","$35,900","$35,500","$40,800",-,-,-,-,-,-,-,-,-,-,-,-,-,-,-,-,-,-,-,-,-,-,-,-,-,-,-,-,-,-,-,-,-,-,-,-,-,-,-,-,-,-,-,-,-,-,-,-,-,-,-,-,-,-,-,-,-,-,-,-,-,-
100522,DEPR,129,CTEDP,Fixed Assets (Peoplesoft) - DEPR,Google LLC,Google Cloud,Cloud data and analytics services enterprise agreement,10/24/26,10/31/30,VRM200185,"$12,900","$50,800","$65,500","$90,400",,N,Yes,,"zz.Ejiofor, Justina",Finance - Managing,Pricing validation in progress,,,Renewal,RTB,BC5100031,BC5100031,ATR730028,,3/12/26,7/8/26,900000522,93476311,,"$328,500",7800000522,TFT,Reese Martin,HK,200228,9843,C_Forecast,DIV_3188 - Marketing Technology Enablement,7/13/26,"Eckman, Bradly T.",,,,,,,,,,-,-,"$4,600","$4,300","$4,000","$4,000","$4,000","$4,100","$4,100","$4,200","$4,100","$4,200","$4,200","$4,400","$4,500","$4,500","$4,500","$4,600","$4,500","$5,100","$5,200","$5,100","$5,200","$5,300","$5,200","$6,000","$6,200","$6,500","$6,600","$6,600","$6,700","$6,700","$6,600","$6,600","$6,800","$6,700","$6,800","$8,700","$9,100","$9,400","$9,700","$10,100","$10,000","$10,100","$10,100","$9,900","$9,800","$9,900","$9,900","$14,200","$14,900",-,-,-,-,-,-,-,-,-,-,-,-,-,-,-,-,-,-,-,-,-,-,-,-,-,-,-,-,-,-,-,-,-,-,-,-,-
100523,SW,140,CTTOCIO,A8200045 - Software Maintenance,Accenture LLP,Accenture,Application development and consulting services enterprise agreement,10/12/26,10/31/33,VRM200187,"$180,500","$702,800","$915,500","$1,256,700",type/start,Y,Yes,,"zz.Brennecke, Jana",LOB Review,Legal review pending,0,,Commited,RTB,BC5100095,BC5100119,ATR730002,,7/8/26,7/9/26,900000523,14835453,,"$39,955,000",7800000523,,Riley Kim,AIM,9896,5897,C_Forecast,DIV_2383 - Consumer Lending Technology Architecture,4/4/26,"Matera, Jill",AST0700522,,,,,,,,,-,-,"$64,600","$60,200","$55,700","$56,000","$56,100","$56,900","$56,900","$57,700","$56,800","$57,200","$57,500","$61,100","$62,500","$61,700","$62,400","$63,600","$62,500","$70,200","$72,500","$71,000","$72,000","$73,900","$73,400","$84,600","$87,400","$91,500","$92,900","$92,300","$94,100","$93,600","$92,600","$92,500","$94,500","$93,900","$94,200","$120,300","$125,500","$130,100","$133,100","$139,100","$138,000","$138,200","$138,700","$135,700","$134,700","$136,500","$137,000","$196,400","$206,600","$232,100","$236,100","$252,800","$247,300","$249,700","$249,000","$250,600","$251,200","$253,300","$250,300","$379,700","$394,600","$421,500","$440,000","$468,400","$476,400","$471,600","$469,800","$471,800","$460,400","$469,100","$467,000","$798,000","$838,300","$865,200","$938,300","$1,262,000","$1,249,200","$1,250,100","$1,243,700","$1,232,500","$1,239,800","$1,241,200","$1,246,200","$7,064,900","$7,066,500",-
100524,T&M,119,CTMARTECH,A8501906 - Outsourcing/Technical Contract,Microsoft Corporation,Microsoft,Enterprise software subscriptions and support renewal,12/12/26,12/31/28,VRM200232,"$104,500","$1,306,700","$1,729,900",-,,N,Yes,0,"S, Rajashekar",Finance - Managing,Renewal documentation completed,,-,Renewal,CTB,BC5100096,BC5100096,ATR730063,,6/25/26,10/28/26,900000524,58536181,,"$3,141,100",7800000524,TFT,Jamie Chen,SBLO,5116,2446,C_Forecast,DIV_3055 - Cybersecurity Platform Services,3/3/26,"zz.Luloff, Julie",AST0700523,,,,,,,,,-,-,-,-,"$104,500","$104,700","$104,600","$105,900","$105,800","$107,200","$105,300","$106,100","$106,600","$113,400","$116,000","$114,800","$116,300","$118,800","$116,900","$131,800","$136,300","$133,900","$136,100","$139,900","$139,300","$160,700","$166,100","$173,800","$176,300",-,-,-,-,-,-,-,-,-,-,-,-,-,-,-,-,-,-,-,-,-,-,-,-,-,-,-,-,-,-,-,-,-,-,-,-,-,-,-,-,-,-,-,-,-,-,-,-,-,-,-,-,-,-,-,-,-,-,-
100525,T&M,112,CTADMIN,A8501946 - Outsourcing Contract - Time & Materials,"Datadog, Inc.",Datadog,Cloud monitoring and observability subscription renewal,12/11/26,12/31/28,VRM200130,"$19,900","$247,800","$333,400",-,,N,Yes,,"zz.Brennecke, Jana",LOB Review,Invoice schedule under review,0,,Commited,CTB,BC5100057,BC5100057,ATR730030,,10/8/26,11/24/26,900000525,87080284,,"$601,100",7800000525,,Avery Johnson,ICEDQ,5590,2716,C_Forecast,DIV_1307 - Pmts Virt Sol Innov and Cons Bkg Tech Admin,5/18/26,"Kollapally, Suraj",,,,,,,,,,-,-,-,-,"$19,900","$19,900","$19,900","$20,100","$20,000","$20,300","$19,900","$20,100","$20,200","$21,500","$22,000","$21,800","$22,100","$22,700","$22,300","$25,300","$26,200","$25,800","$26,300","$27,000","$26,900","$31,100","$32,100","$33,600","$34,100",-,-,-,-,-,-,-,-,-,-,-,-,-,-,-,-,-,-,-,-,-,-,-,-,-,-,-,-,-,-,-,-,-,-,-,-,-,-,-,-,-,-,-,-,-,-,-,-,-,-,-,-,-,-,-,-,-,-,-
100526,OEM,121,CTEDP,Fixed Assets (Peoplesoft) - OEM,"Fiserv, Inc.",Fiserv,Payments processing software and support,10/21/26,10/31/31,VRM200214,"$90,600","$372,300","$466,200","$636,500",,N,Yes,,"zz.Brennecke, Jana",Finance Review,Legal review pending,0,,Commited,CTB,BC5100041,BC5100052,ATR730061,,7/25/26,9/14/26,900000526,83661507,,"$3,994,500",7800000526,TFT,Alex Morgan,AMT/ePIC,824508,236,C_Forecast,DIV_2842 - Digital Channel Technology,6/14/26,"Ashwathappa, Rakesh",AST0700525,,,,,,,,,-,-,"$32,200","$30,200","$28,200","$28,600","$28,900","$29,500","$29,800","$30,500","$30,200","$30,600","$30,900","$32,900","$33,700","$33,200","$33,500","$34,000","$33,200","$37,000","$37,800","$36,700","$36,900","$37,500","$36,900","$42,200","$43,300","$45,100","$45,600","$45,300","$46,200","$46,100","$45,800","$46,000","$47,300","$47,300","$47,900","$61,700","$65,000","$67,900","$70,000","$73,800","$73,600","$74,100","$74,600","$73,100","$72,500","$73,400","$73,400","$104,500","$109,200","$121,600","$122,600","$130,000","$125,900","$125,900","$124,500","$124,400","$124,000","$124,600","$122,900","$186,300","$194,000",-,-,-,-,-,-,-,-,-,-,-,-,-,-,-,-,-,-,-,-,-,-,-,-,-
100527,SW,111,CTMARTECH,Fixed Assets (Peoplesoft) - SWM,"Fiserv, Inc.",Fiserv,Payments processing software and support renewal,12/27/26,12/31/30,VRM200187,"$61,800","$804,900","$1,013,400","$1,392,700",,N,Yes,,"Kollapally, Suraj",Finance Review,No action required,,,Commited,RTB,BC5100033,BC5100033,ATR730026,Web Server,5/29/26,11/5/26,900000527,91718098,,"$5,527,800",7800000527,,Reese Martin,DCSN,7802,639,C_Forecast,DIV_1548 - Pmts Virt Sol Innov Platform Management,2/23/26,"zz.Luloff, Julie",AST0700526,,,,,,,,,-,-,-,-,"$61,800","$62,500","$63,000","$64,300","$64,700","$66,000","$65,300","$66,000","$66,500","$70,800","$72,400","$71,400","$72,000","$73,100","$71,400","$79,700","$81,700","$79,500","$80,000","$81,500","$80,400","$92,200","$94,800","$98,900","$100,200","$99,600","$101,700","$101,400","$100,700","$101,000","$103,800","$103,800","$104,800","$134,800","$141,600","$147,600","$151,900","$159,600","$158,900","$159,800","$160,600","$157,200","$155,900","$157,700","$157,700","$224,900","$235,200","$262,500","$265,000",-,-,-,-,-,-,-,-,-,-,-,-,-,-,-,-,-,-,-,-,-,-,-,-,-,-,-,-,-,-,-,-,-,-,-
100528,DATA,137,CTCCPTPYMTS,A8590820 - Other Outside Data Processing,Verizon Business Network Services,Verizon,Enterprise telecommunications services enterprise agreement,10/23/26,10/31/30,VRM200203,"$64,000","$255,700","$324,700","$447,600",,N,No,,"K, Srikantesh",Execution Complete,Migration dependency tracked,,,Commited,CTB,BC5100099,BC5100099,ATR730069,,3/19/26,3/22/26,900000528,66643163,,"$1,639,100",7800000528,TFT,Casey Rivera,Goldmine (WFF) GLDMN,5239,2165,C_Forecast,DIV_3055 - Cybersecurity Platform Services,2/26/26,"zz.Luloff, Julie",,,,,,,,,,-,-,"$22,800","$21,300","$19,900","$20,000","$20,200","$20,500","$20,600","$21,000","$20,700","$20,900","$21,100","$22,400","$22,900","$22,600","$22,800","$23,100","$22,600","$25,300","$26,000","$25,400","$25,600","$26,100","$25,900","$29,700","$30,600","$32,000","$32,400","$32,200","$32,900","$32,800","$32,600","$32,600","$33,500","$33,400","$33,700","$43,200","$45,300","$47,100","$48,300","$50,700","$50,400","$50,600","$50,800","$49,700","$49,300","$49,900","$49,900","$71,200","$74,600",-,-,-,-,-,-,-,-,-,-,-,-,-,-,-,-,-,-,-,-,-,-,-,-,-,-,-,-,-,-,-,-,-,-,-,-,-
100529,TEL,117,CTSB,A8292080 - Telecommunication,IBM Corporation,IBM,Mainframe software and technical support enterprise agreement,9/24/26,9/30/28,VRM200138,"$65,400","$185,400","$167,900",-,VRM,Y,Yes,,"Eckman, Bradley T.",Submitted to Sponsor,Budget owner confirmed,0,,Renewal,CTB,BC5100021,BC5100021,ATR730018,,8/3/26,8/26/26,900000529,82119135,,"$418,700",7800000529,TFT,Priya Shah,PWDW,PO SR Required,1129,C_Forecast,DIV_1307 - Pmts Virt Sol Innov and Cons Bkg Tech Admin,4/5/26,"Agarwal, Ushika",,,,,,,,,,-,"$18,300","$16,800","$15,700","$14,600","$14,700","$14,700","$15,000","$15,000","$15,200","$15,000","$15,100","$15,200","$16,200","$16,500","$16,300","$16,500","$16,800","$16,400","$18,400","$19,000","$18,500","$18,700","$19,200","$19,000","$21,900",-,-,-,-,-,-,-,-,-,-,-,-,-,-,-,-,-,-,-,-,-,-,-,-,-,-,-,-,-,-,-,-,-,-,-,-,-,-,-,-,-,-,-,-,-,-,-,-,-,-,-,-,-,-,-,-,-,-,-,-,-,-
100530,SAAS,114,CTBSTT,Fixed Assets (Peoplesoft) - SAAS,Google LLC,Google Cloud,Cloud data and analytics services,12/4/26,12/31/31,VRM200120,"$22,600","$284,800","$371,100","$509,200",,N,Yes,0,"Eckman, Bradley T.",Finance - Managing,Renewal documentation completed,,,Commited,CTB,BC5100036,BC5100043,ATR730048,Web Server,5/29/26,10/17/26,900000530,72173433,,"$3,460,800",7800000530,,Avery Johnson,CCS,PO SR Required,2083,C_Forecast,DIV_1548 - Pmts Virt Sol Innov Platform Management,6/6/26,"Eckman, Bradly T.",,,,,,,,,,-,-,-,-,"$22,600","$22,700","$22,700","$23,000","$23,100","$23,400","$23,000","$23,200","$23,300","$24,800","$25,300","$25,000","$25,300","$25,800","$25,300","$28,500","$29,400","$28,800","$29,200","$29,900","$29,800","$34,300","$35,400","$37,100","$37,600","$37,400","$38,100","$37,900","$37,500","$37,500","$38,300","$38,000","$38,200","$48,800","$50,900","$52,700","$53,900","$56,400","$55,900","$56,000","$56,200","$55,000","$54,600","$55,300","$55,500","$79,600","$83,700","$94,100","$95,700","$102,400","$100,200","$101,200","$100,900","$101,600","$101,800","$102,700","$101,400","$153,900","$159,900","$170,800","$178,300",-,-,-,-,-,-,-,-,-,-,-,-,-,-,-,-,-,-,-,-,-,-,-
100531,SAAS,120,CTCPR,A8201904 - Software as a Service,FIS Global,FIS,Banking platform software and services,10/16/26,10/31/31,VRM200227,"$112,800","$434,800","$575,800","$784,500",VRM Status/beeline#,Y,Yes,,"Kollapally, Suraj",Finance Review,Security assessment completed,0,-,Renewal,RTB,BC5100031,BC5100031,ATR730006,Web Server,6/22/26,8/5/26,900000531,16479911,,"$4,883,400",7800000531,,Riley Kim,LO - SHAW-APP,PO SR Required,2537,C_Forecast,DIV_3055 - Cybersecurity Platform Services,1/28/26,"Tadas, Deepa P.",AST0700530,,,,,,,,,-,-,"$40,400","$37,600","$34,800","$34,800","$34,800","$35,200","$35,200","$35,700","$35,100","$35,300","$35,500","$37,700","$38,600","$38,200","$38,700","$39,500","$38,900","$43,900","$45,400","$44,600","$45,300","$46,600","$46,300","$53,500","$55,300","$57,800","$58,700","$58,300","$59,300","$58,900","$58,200","$58,000","$59,100","$58,600","$58,600","$74,800","$77,900","$80,500","$82,300","$85,900","$85,100","$85,300","$85,600","$83,800","$83,300","$84,600","$85,100","$122,200","$128,900","$145,200","$148,000","$158,800","$155,700","$157,400","$157,200","$158,400","$158,800","$160,100","$158,100","$239,500","$248,500",-,-,-,-,-,-,-,-,-,-,-,-,-,-,-,-,-,-,-,-,-,-,-,-,-
100532,TEL,125,CTHLT,A8292080 - Telecommunication,Microsoft Corporation,Microsoft,Enterprise software subscriptions and support,10/10/26,10/31/30,VRM200188,"$78,000","$298,100","$401,200","$541,600",type/start,Y,Yes,,"S, Rajashekar",Finance - Managing,Renewal documentation completed,,,New,RTB,BC5100021,BC5100021,ATR730050,,8/9/26,8/31/26,900000532,84871131,,"$1,957,700",7800000532,,Casey Rivera,LVRMP,523577,6759,C_Forecast,DIV_2921 - Cloud Infrastructure Engineering,7/6/26,"Tadas, Deepa P.",AST0700531,,,,,,,,,-,-,"$28,000","$26,000","$24,000","$24,000","$23,900","$24,200","$24,100","$24,400","$24,000","$24,100","$24,300","$25,800","$26,500","$26,200","$26,600","$27,300","$26,900","$30,400","$31,500","$31,000","$31,600","$32,500","$32,400","$37,400","$38,700","$40,500","$41,000","$40,700","$41,400","$41,000","$40,400","$40,200","$40,900","$40,400","$40,400","$51,400","$53,400","$55,100","$56,300","$58,700","$58,200","$58,300","$58,600","$57,400","$57,200","$58,100","$58,600","$84,400","$89,300",-,-,-,-,-,-,-,-,-,-,-,-,-,-,-,-,-,-,-,-,-,-,-,-,-,-,-,-,-,-,-,-,-,-,-,-,-
100533,OEM,142,CTADMIN,Fixed Assets (Peoplesoft) - OEM,IBM Corporation,IBM,Mainframe software and technical support,10/22/26,10/31/29,VRM200117,"$90,000","$370,000","$463,200","$495,600",,N,No,0,"zz.Ejiofor, Justina",Execution Complete,Includes affiliate services,0,-,New,CTB,BC5100026,BC5100026,ATR730039,Web Server,8/11/26,10/1/26,900000533,75471773,,"$1,418,800",7800000533,TFT,Avery Johnson,HK,3392,7452,C_Forecast,DIV_2714 - Enterprise Data Platforms,7/4/26,"Abiodun, Dare",AST0700532,,,,,,,,,-,-,"$32,000","$30,000","$28,000","$28,400","$28,700","$29,400","$29,600","$30,300","$30,000","$30,400","$30,700","$32,700","$33,500","$33,000","$33,300","$33,800","$33,000","$36,800","$37,600","$36,500","$36,600","$37,200","$36,700","$41,900","$43,000","$44,800","$45,300","$45,000","$45,900","$45,800","$45,500","$45,700","$47,000","$47,100","$47,600","$61,400","$64,600",-,-,-,-,-,-,-,-,-,-,-,-,-,-,-,-,-,-,-,-,-,-,-,-,-,-,-,-,-,-,-,-,-,-,-,-,-,-,-,-,-,-,-,-,-,-,-,-,-
100534,DEPR,136,CTMARTECH,Fixed Assets (Peoplesoft) - DEPR,Adobe Inc.,Adobe,Digital experience platform subscription,10/3/26,10/31/28,VRM200215,"$89,400","$361,700","$365,700",-,,N,Yes,,"zz.Ejiofor, Justina",Submitted to Sponsor,Vendor onboarding completed,0,-,Commited,CTB,BC5100015,BC5100059,ATR730053,,8/29/26,9/10/26,900000534,83631510,,"$816,800",7800000534,TFT,Casey Rivera,LO - SHAW-APP,PO SR Required,8242,C_Forecast,DIV_1307 - Pmts Virt Sol Innov and Cons Bkg Tech Admin,3/4/26,"Matera, Jill",AST0700533,,,,,,,,,-,-,"$31,800","$29,800","$27,800","$28,100","$28,300","$28,900","$29,100","$29,700","$29,300","$29,700","$29,900","$31,800","$32,500","$32,100","$32,300","$32,800","$32,100","$35,800","$36,700","$35,700","$35,900","$36,600","$36,100","$41,400","$42,600",-,-,-,-,-,-,-,-,-,-,-,-,-,-,-,-,-,-,-,-,-,-,-,-,-,-,-,-,-,-,-,-,-,-,-,-,-,-,-,-,-,-,-,-,-,-,-,-,-,-,-,-,-,-,-,-,-,-,-,-,-
100556,SW,133,CTCCPTPYMTS,A8200050 - Software License,"Datadog, Inc.",Datadog,Cloud monitoring and observability subscription renewal,11/11/26,11/30/28,VRM200237,"$103,300","$640,500","$732,300",-,,N,Yes,0,"K, Srikantesh",Analyst Review,No action required,,,New,RTB,BC5100051,BC5100051,ATR730051,,4/27/26,6/11/26,900000556,25246458,,"$1,476,100",7800000556,,Morgan Patel,BDCMS,395301,742,C_Forecast,DIV_2636 - Teller,6/14/26,"Ashwathappa, Rakesh",AST0700555,,,,,,,,,-,-,-,"$53,500","$49,800","$50,200","$50,500","$51,500","$51,700","$52,600","$51,900","$52,400","$52,800","$56,100","$57,300","$56,500","$57,000","$58,000","$56,700","$63,400","$65,100","$63,500","$64,100","$65,500","$64,800","$74,400","$76,700","$80,100",-,-,-,-,-,-,-,-,-,-,-,-,-,-,-,-,-,-,-,-,-,-,-,-,-,-,-,-,-,-,-,-,-,-,-,-,-,-,-,-,-,-,-,-,-,-,-,-,-,-,-,-,-,-,-,-,-,-,-,-
100535,T&M,129,CTADMIN,A8501906 - Outsourcing/Technical Contract,Deloitte Consulting LLP,Deloitte,Technology consulting services enterprise agreement,12/16/26,12/31/28,VRM200221,"$69,600","$896,200","$1,138,000",-,,N,Yes,,"Kollapally, Suraj",LOB Execution,Legal review pending,0,,Commited,CTB,BC5100068,BC5100063,ATR730067,,8/9/26,9/12/26,900000535,41763564,,"$2,103,800",7800000535,,Riley Kim,SMT#2144,1540,199,C_Forecast,DIV_2636 - Teller,4/7/26,"zz.Luloff, Julie",AST0700534,,,,,,,,,-,-,-,-,"$69,600","$70,300","$70,700","$72,000","$72,300","$73,600","$72,600","$73,300","$73,800","$78,500","$80,200","$79,100","$79,800","$81,100","$79,300","$88,700","$91,100","$88,800","$89,600","$91,600","$90,600","$104,100","$107,300","$112,100","$113,700",-,-,-,-,-,-,-,-,-,-,-,-,-,-,-,-,-,-,-,-,-,-,-,-,-,-,-,-,-,-,-,-,-,-,-,-,-,-,-,-,-,-,-,-,-,-,-,-,-,-,-,-,-,-,-,-,-,-,-
100536,DEPR,110,CTBSTT,Fixed Assets (Peoplesoft) - DEPR,FIS Global,FIS,Banking platform software and services enterprise agreement,10/7/26,10/31/31,VRM200184,"$9,600","$38,000","$48,700","$67,200",,N,No,,"zz.Ejiofor, Justina",Execution Complete,Migration dependency tracked,,-,New,CTB,BC5100105,BC5100046,ATR730032,,6/23/26,8/11/26,900000536,79679016,,"$417,200",7800000536,TFT,Reese Martin,Goldmine (WFF) GLDMN,219464,5754,C_Forecast,DIV_2842 - Digital Channel Technology,3/28/26,"Ashwathappa, Rakesh",AST0700535,,,,,,,,,-,-,"$3,400","$3,200","$3,000","$3,000","$3,000","$3,100","$3,100","$3,100","$3,100","$3,100","$3,100","$3,300","$3,400","$3,300","$3,400","$3,400","$3,400","$3,800","$3,900","$3,800","$3,800","$3,900","$3,900","$4,500","$4,600","$4,800","$4,900","$4,900","$5,000","$5,000","$4,900","$4,900","$5,000","$5,000","$5,000","$6,500","$6,800","$7,000","$7,200","$7,500","$7,500","$7,500","$7,500","$7,400","$7,300","$7,400","$7,400","$10,600","$11,100","$12,400","$12,600","$13,500","$13,200","$13,300","$13,200","$13,300","$13,300","$13,400","$13,300","$20,100","$20,900",-,-,-,-,-,-,-,-,-,-,-,-,-,-,-,-,-,-,-,-,-,-,-,-,-
100537,FB,129,CTHLT,A8501945 - Outsourcing Contract - Fixed Bid,FIS Global,FIS,Banking platform software and services renewal,12/22/26,12/31/32,VRM200210,"$105,000","$1,324,400","$1,725,400","$2,367,900",,N,Yes,0,"K, Srikantesh",Finance - Confirming,Invoice schedule under review,,,New,CTB,BC5100027,BC5100032,ATR730041,,9/2/26,12/1/26,900000537,85122507,,"$29,649,500",7800000537,,Morgan Patel,SFCOE,2472,8068,C_Forecast,DIV_2637 - Consumer Payments,8/7/26,"zz.Luloff, Julie",,,,,,,,,,-,-,-,-,"$105,000","$105,500","$105,700","$107,200","$107,200","$108,800","$107,000","$107,800","$108,400","$115,200","$117,700","$116,300","$117,600","$119,900","$117,700","$132,400","$136,600","$133,800","$135,700","$139,200","$138,400","$159,500","$164,800","$172,400","$175,000","$173,900","$177,300","$176,400","$174,400","$174,300","$178,100","$176,900","$177,500","$226,700","$236,600","$245,100","$250,700","$262,200","$260,000","$260,500","$261,300","$255,700","$253,800","$257,200","$258,200","$370,000","$389,300","$437,500","$444,900","$476,400","$466,000","$470,500","$469,300","$472,300","$473,400","$477,400","$471,700","$715,500","$743,500","$794,200","$829,100","$882,600","$897,700","$888,700","$885,400","$889,000","$867,600","$884,100","$879,900","$1,503,700","$1,579,600","$1,630,500","$1,768,100",-,-,-,-,-,-,-,-,-,-,-
100538,SAAS,116,CTARCHENG,A8201904 - Software as a Service,Broadcom Inc.,Broadcom,Infrastructure software maintenance,10/22/26,10/31/30,VRM200237,"$48,400","$186,800","$247,200","$336,900",,N,Yes,,"Tadas, Deepa P.",Analyst Review,Pending final statement of work,,,Commited,CTB,BC5100102,BC5100102,ATR730020,,4/26/26,8/6/26,900000538,82771733,,"$1,218,700",7800000538,,Riley Kim,CDP2C,824702,5766,C_Forecast,"DIV_1211 - Deposits, Operations and Debit Card Tech",5/18/26,"zz.Luloff, Julie",AST0700537,,,,,,,,,-,-,"$17,400","$16,100","$14,900","$15,000","$15,000","$15,100","$15,100","$15,300","$15,100","$15,200","$15,200","$16,200","$16,600","$16,400","$16,600","$17,000","$16,700","$18,800","$19,500","$19,100","$19,500","$20,000","$19,900","$23,000","$23,700","$24,800","$25,200","$25,000","$25,500","$25,300","$25,000","$24,900","$25,400","$25,200","$25,200","$32,100","$33,400","$34,600","$35,300","$36,900","$36,600","$36,600","$36,800","$36,000","$35,800","$36,300","$36,500","$52,500","$55,400",-,-,-,-,-,-,-,-,-,-,-,-,-,-,-,-,-,-,-,-,-,-,-,-,-,-,-,-,-,-,-,-,-,-,-,-,-
100539,TEL,135,CTEDP,A8292080 - Telecommunication,Infosys Limited,Infosys,Managed application support services enterprise agreement,9/22/26,9/30/27,VRM200202,"$119,000","$239,600",-,-,,N,Yes,4933,"Kollapally, Suraj",Finance Review,Consolidated under enterprise agreement,,,Commited,RTB,BC5100049,BC5100049,ATR730017,,5/7/26,9/8/26,900000539,25620967,,"$358,600",7800000539,,Priya Shah,ACCLQ,4131,4269,C_Forecast,DIV_1307 - Pmts Virt Sol Innov and Cons Bkg Tech Admin,7/3/26,System,,,,,,,,,,-,"$33,700","$30,700","$28,400","$26,200","$26,300","$26,200","$26,500","$26,400","$26,700","$26,200","$26,400","$26,600","$28,300",-,-,-,-,-,-,-,-,-,-,-,-,-,-,-,-,-,-,-,-,-,-,-,-,-,-,-,-,-,-,-,-,-,-,-,-,-,-,-,-,-,-,-,-,-,-,-,-,-,-,-,-,-,-,-,-,-,-,-,-,-,-,-,-,-,-,-,-,-,-,-,-,-,-
100540,SW,110,CTARCHENG,Fixed Assets (Peoplesoft) - SWM,IBM Corporation,IBM,Mainframe software and technical support renewal,9/22/26,3/31/27,VRM200209,"$194,600","$134,800",-,-,VRM Status/beeline#,Y,Yes,0,"Tadas, Deepa P.",Finance - Confirming,Migration dependency tracked,,,Commited,CTB,BC5100083,BC5100083,ATR730044,,6/13/26,6/25/26,900000540,69936307,,"$329,400",7800000540,TFT,Casey Rivera,HK,436372,7548,C_Forecast,DIV_1307 - Pmts Virt Sol Innov and Cons Bkg Tech Admin,2/26/26,"K, Srikantesh",AST0700539,,,,,,,,,-,"$54,200","$49,900","$46,800","$43,700","$44,300","$44,700","$45,800",-,-,-,-,-,-,-,-,-,-,-,-,-,-,-,-,-,-,-,-,-,-,-,-,-,-,-,-,-,-,-,-,-,-,-,-,-,-,-,-,-,-,-,-,-,-,-,-,-,-,-,-,-,-,-,-,-,-,-,-,-,-,-,-,-,-,-,-,-,-,-,-,-,-,-,-,-,-,-,-
100542,TEL,119,CTTOCIO,A8292080 - Telecommunication,Tata Consultancy Services,TCS,Application maintenance and delivery services renewal,10/24/26,4/30/27,VRM200160,"$45,600","$58,000",-,-,,N,Yes,0,"zz.Ejiofor, Justina",Finance - Managing,Budget owner confirmed,,,Commited,CTB,BC5100003,BC5100100,ATR730047,,6/6/26,8/3/26,900000542,23444866,,"$103,600",7800000542,TFT,Dana Williams,LVRMP,6146,2931,C_Forecast,DIV_1550 - Branch Operations Enablement,6/12/26,"Eckman, Bradly T.",AST0700541,,,,,,,,,-,-,"$16,300","$15,200","$14,100","$14,300","$14,400","$14,600","$14,700",-,-,-,-,-,-,-,-,-,-,-,-,-,-,-,-,-,-,-,-,-,-,-,-,-,-,-,-,-,-,-,-,-,-,-,-,-,-,-,-,-,-,-,-,-,-,-,-,-,-,-,-,-,-,-,-,-,-,-,-,-,-,-,-,-,-,-,-,-,-,-,-,-,-,-,-,-,-,-
100551,DEPR,136,CTEDP,Fixed Assets (Peoplesoft) - DEPR,Broadcom Inc.,Broadcom,Infrastructure software maintenance,9/9/26,9/30/28,VRM200149,"$67,600","$189,200","$173,300",-,,N,No,0,"Tadas, Deepa P.",Execution Complete,Migration dependency tracked,,-,Renewal,CTB,BC5100073,BC5100051,ATR730016,,6/21/26,7/11/26,900000551,46554731,,"$430,100",7800000551,,Avery Johnson,AIM,254069,3752,C_Forecast,DIV_1548 - Pmts Virt Sol Innov Platform Management,8/7/26,"Kollapally, Suraj",,,,,,,,,,-,"$19,000","$17,400","$16,200","$15,000","$15,100","$15,100","$15,300","$15,300","$15,500","$15,300","$15,400","$15,500","$16,500","$16,800","$16,600","$16,800","$17,100","$16,800","$18,900","$19,500","$19,100","$19,400","$19,900","$19,800","$22,800",-,-,-,-,-,-,-,-,-,-,-,-,-,-,-,-,-,-,-,-,-,-,-,-,-,-,-,-,-,-,-,-,-,-,-,-,-,-,-,-,-,-,-,-,-,-,-,-,-,-,-,-,-,-,-,-,-,-,-,-,-,-
100541,TEL,136,CTTOCIO,A8292080 - Telecommunication,"Datadog, Inc.",Datadog,Cloud monitoring and observability subscription renewal,9/3/26,9/30/28,VRM200142,"$71,600","$209,200","$186,900",-,,N,No,0,"Eckman, Bradley T.",Execution Complete,Vendor onboarding completed,,,Renewal,CTB,BC5100079,BC5100079,ATR730051,,7/11/26,8/8/26,900000541,41763564,,"$467,700",7800000541,TFT,Reese Martin,LVRMP,437686,MarTech,C_Forecast,DIV_1550 - Branch Operations Enablement,1/27/26,"Agarwal, Ushika",,,,,,,,,,-,"$20,000","$18,400","$17,200","$16,000","$16,200","$16,400","$16,700","$16,800","$17,200","$17,000","$17,200","$17,300","$18,400","$18,800","$18,500","$18,700","$19,000","$18,500","$20,700","$21,200","$20,600","$20,800","$21,200","$20,900","$24,000",-,-,-,-,-,-,-,-,-,-,-,-,-,-,-,-,-,-,-,-,-,-,-,-,-,-,-,-,-,-,-,-,-,-,-,-,-,-,-,-,-,-,-,-,-,-,-,-,-,-,-,-,-,-,-,-,-,-,-,-,-,-
100543,SAAS,115,CTMARTECH,Fixed Assets (Peoplesoft) - SAAS,Adobe Inc.,Adobe,Digital experience platform subscription renewal,10/28/26,10/31/28,VRM200170,"$254,200","$1,001,700","$1,029,800",-,,N,Yes,4933,"Eckman, Bradley T.",Submitted to Sponsor,Legal review pending,,-,New,RTB,BC5100056,BC5100052,ATR730054,,10/13/26,10/26/26,900000543,48819904,,"$2,285,700",7800000543,TFT,Casey Rivera,BDCMS,PO SR Required,7377,C_Forecast,DIV_2714 - Enterprise Data Platforms,1/11/26,"Abiodun, Dare",AST0700542,,,,,,,,,-,-,"$90,800","$84,700","$78,700","$79,200","$79,500","$80,800","$81,000","$82,300","$81,100","$81,800","$82,200","$87,400","$89,300","$88,100","$89,000","$90,600","$88,700","$99,500","$102,400","$100,100","$101,300","$103,700","$102,900","$118,400","$122,200",-,-,-,-,-,-,-,-,-,-,-,-,-,-,-,-,-,-,-,-,-,-,-,-,-,-,-,-,-,-,-,-,-,-,-,-,-,-,-,-,-,-,-,-,-,-,-,-,-,-,-,-,-,-,-,-,-,-,-,-,-
100544,T&M,117,CTHLT,A8501946 - Outsourcing Contract - Time & Materials,Microsoft Corporation,Microsoft,Enterprise software subscriptions and support renewal,9/1/26,9/30/30,VRM200104,"$92,200","$258,100","$336,200","$461,700",,N,Yes,0,"zz.Ejiofor, Justina",Finance Review,Pricing validation in progress,0,-,Commited,RTB,BC5100089,BC5100089,ATR730079,,1/13/26,3/14/26,900000544,66407957,,"$1,623,500",7800000544,,Avery Johnson,GLDMN,2263,5013,C_Forecast,DIV_1307 - Pmts Virt Sol Innov and Cons Bkg Tech Admin,2/9/26,"Eckman, Bradly T.",AST0700543,,,,,,,,,-,"$25,900","$23,700","$22,100","$20,500","$20,600","$20,600","$20,900","$20,900","$21,200","$20,900","$21,000","$21,100","$22,400","$22,900","$22,700","$22,900","$23,400","$22,900","$25,800","$26,600","$26,100","$26,400","$27,100","$27,000","$31,100","$32,100","$33,600","$34,100","$33,900","$34,600","$34,400","$34,000","$34,000","$34,700","$34,500","$34,600","$44,200","$46,100","$47,800","$48,900","$51,100","$50,700","$50,800","$50,900","$49,800","$49,500","$50,100","$50,300","$72,100",-,-,-,-,-,-,-,-,-,-,-,-,-,-,-,-,-,-,-,-,-,-,-,-,-,-,-,-,-,-,-,-,-,-,-,-,-,-
100579,DEPR,110,CTMARTECH,Fixed Assets (Peoplesoft) - DEPR,Microsoft Corporation,Microsoft,Enterprise software subscriptions and support renewal,10/17/26,4/30/27,VRM200221,"$99,700","$124,800",-,-,,N,Yes,,"S, Rajashekar",Finance - Confirming,Migration dependency tracked,,,New,CTB,BC5100021,BC5100021,ATR730059,,8/20/26,8/22/26,900000579,46554731,,"$224,500",7800000579,TFT,Alex Morgan,CDP2C,1634,7019,C_Forecast,DIV_2842 - Digital Channel Technology,1/17/26,"Tadas, Deepa P.",AST0700578,,,,,,,,,-,-,"$35,700","$33,200","$30,800","$31,000","$31,000","$31,400","$31,400",-,-,-,-,-,-,-,-,-,-,-,-,-,-,-,-,-,-,-,-,-,-,-,-,-,-,-,-,-,-,-,-,-,-,-,-,-,-,-,-,-,-,-,-,-,-,-,-,-,-,-,-,-,-,-,-,-,-,-,-,-,-,-,-,-,-,-,-,-,-,-,-,-,-,-,-,-,-,-
100545,SAAS,113,CTPLATFORM,A8201904 - Software as a Service,"Fiserv, Inc.",Fiserv,Payments processing software and support,10/24/26,10/31/32,VRM200153,"$135,900","$524,100","$693,700","$945,200",,N,Yes,,"zz.Ejiofor, Justina",LOB Execution,Includes affiliate services,0,,New,RTB,BC5100019,BC5100019,ATR730068,,3/11/26,3/18/26,900000545,64932177,,"$10,566,300",7800000545,,Cameron Smith,SMT#2144,PO SR Required,MarTech,C_Forecast,DIV_1307 - Pmts Virt Sol Innov and Cons Bkg Tech Admin,3/27/26,"zz.Luloff, Julie",AST0700544,,,,,,,,,-,-,"$48,700","$45,300","$41,900","$42,000","$42,000","$42,500","$42,400","$43,000","$42,200","$42,600","$42,800","$45,500","$46,500","$46,000","$46,600","$47,600","$46,900","$52,900","$54,700","$53,700","$54,600","$56,100","$55,800","$64,400","$66,600","$69,700","$70,700","$70,200","$71,500","$71,000","$70,100","$69,900","$71,200","$70,600","$70,700","$90,100","$93,800","$97,000","$99,100","$103,600","$102,600","$102,800","$103,100","$101,000","$100,400","$101,900","$102,500","$147,200","$155,300","$174,900","$178,400","$191,400","$187,600","$189,700","$189,500","$190,900","$191,300","$192,900","$190,500","$288,600","$299,500","$319,400","$332,700","$353,400","$358,700","$354,300","$352,200","$352,900","$343,800","$349,700","$347,700","$593,600","$623,400",-,-,-,-,-,-,-,-,-,-,-,-,-
100546,SW,111,CTCCPTPYMTS,Fixed Assets (Peoplesoft) - SWM,Broadcom Inc.,Broadcom,Infrastructure software maintenance,9/28/26,9/30/32,VRM200139,"$101,900","$279,400","$376,200","$507,700",,N,Yes,,"zz.Luloff, Julie",Finance - Managing,Budget owner confirmed,,-,New,RTB,BC5100023,BC5100043,ATR730055,Web Server,2/6/26,5/18/26,900000546,69397315,,"$5,374,900",7800000546,TFT,Priya Shah,CFMS,9428,4800,C_Forecast,DIV_1550 - Branch Operations Enablement,3/22/26,"Kollapally, Suraj",,,,,,,,,,-,"$28,800","$26,300","$24,300","$22,500","$22,500","$22,400","$22,600","$22,600","$22,900","$22,500","$22,600","$22,700","$24,200","$24,800","$24,600","$25,000","$25,600","$25,200","$28,500","$29,600","$29,100","$29,600","$30,500","$30,400","$35,100","$36,300","$37,900","$38,400","$38,100","$38,800","$38,400","$37,900","$37,700","$38,300","$37,900","$37,800","$48,200","$50,100","$51,700","$52,800","$55,100","$54,600","$54,700","$54,900","$53,800","$53,600","$54,500","$55,000","$79,100","$83,700","$94,500","$96,600","$103,800","$102,000","$103,200","$103,200","$103,900","$104,200","$105,000","$103,500","$156,700","$162,300","$172,700","$179,500","$190,300","$192,700","$189,900","$188,400","$188,400","$183,200","$186,200","$184,900","$315,600",-,-,-,-,-,-,-,-,-,-,-,-,-,-
100595,SW,130,CTHLT,Fixed Assets (Peoplesoft) - SWL,"Cisco Systems, Inc.",Cisco,Network hardware maintenance and support enterprise agreement,12/7/26,12/31/27,VRM200104,"$13,200","$164,200",-,-,,N,Yes,0,"zz.Luloff, Julie",Management Review,Migration dependency tracked,,,Commited,RTB,BC5100069,BC5100069,ATR730001,,6/5/26,9/17/26,900000595,78831110,,"$177,400",7800000595,TFT,Cameron Smith,1CR5,8209,8114,C_Forecast,DIV_1307 - Pmts Virt Sol Innov and Cons Bkg Tech Admin,1/5/26,"Abiodun, Dare",AST0700594,,,,,,,,,-,-,-,-,"$13,200","$13,200","$13,200","$13,300","$13,300","$13,400","$13,200","$13,300","$13,400","$14,200","$14,600","$14,400","$14,700",-,-,-,-,-,-,-,-,-,-,-,-,-,-,-,-,-,-,-,-,-,-,-,-,-,-,-,-,-,-,-,-,-,-,-,-,-,-,-,-,-,-,-,-,-,-,-,-,-,-,-,-,-,-,-,-,-,-,-,-,-,-,-,-,-,-,-,-,-,-,-
100597,SAAS,113,CTCCPTPYMTS,Fixed Assets (Peoplesoft) - SAAS,"Cisco Systems, Inc.",Cisco,Network hardware maintenance and support renewal,11/16/26,11/30/27,VRM200129,"$104,200","$596,900",-,-,,N,Yes,0,"S, Rajashekar",Submitted to Sponsor,Pending final statement of work,,-,Renewal,RTB,BC5100116,BC5100002,ATR730065,,11/1/26,11/14/26,900000597,25620967,,"$701,100",7800000597,,Reese Martin,ICEDQ,1903,MarTech,C_Forecast,DIV_2842 - Digital Channel Technology,2/7/26,"K, Srikantesh",AST0700596,,,,,,,,,-,-,-,"$53,900","$50,300","$50,900","$51,300","$52,400","$52,700","$53,800","$53,100","$53,800","$54,200","$57,700","$58,900","$58,100",-,-,-,-,-,-,-,-,-,-,-,-,-,-,-,-,-,-,-,-,-,-,-,-,-,-,-,-,-,-,-,-,-,-,-,-,-,-,-,-,-,-,-,-,-,-,-,-,-,-,-,-,-,-,-,-,-,-,-,-,-,-,-,-,-,-,-,-,-,-,-,-
100547,SW,128,CTHLT,Fixed Assets (Peoplesoft) - SWL,"Cisco Systems, Inc.",Cisco,Network hardware maintenance and support renewal,12/20/26,12/31/31,VRM200141,"$47,900","$631,500","$791,100","$1,080,200",,N,Yes,0,"S, Rajashekar",LOB Review,Renewal documentation completed,0,,Commited,CTB,BC5100089,BC5100089,ATR730001,,8/7/26,9/4/26,900000547,71578742,,"$7,396,300",7800000547,,Cameron Smith,Goldmine (WFF) GLDMN,339919,4754,C_Forecast,DIV_2383 - Consumer Lending Technology Architecture,3/11/26,"Matera, Jill",AST0700546,,,,,,,,,-,-,-,-,"$47,900","$48,500","$49,000","$50,100","$50,600","$51,700","$51,200","$51,900","$52,400","$55,800","$57,100","$56,400","$56,800","$57,700","$56,300","$62,800","$64,200","$62,300","$62,600","$63,600","$62,600","$71,600","$73,500","$76,500","$77,400","$76,900","$78,400","$78,200","$77,700","$78,000","$80,300","$80,300","$81,300","$104,800","$110,300","$115,200","$118,800","$125,200","$124,900","$125,800","$126,600","$124,100","$123,100","$124,500","$124,500","$177,400","$185,300","$206,500","$208,000","$220,600","$213,700","$213,700","$211,400","$211,200","$210,500","$211,500","$208,500","$316,300","$329,200","$352,900","$370,200",-,-,-,-,-,-,-,-,-,-,-,-,-,-,-,-,-,-,-,-,-,-,-
100548,SW,128,CTHLT,A8200050 - Software License,Google LLC,Google Cloud,Cloud data and analytics services enterprise agreement,9/15/26,9/30/29,VRM200239,"$753,000","$2,198,600","$2,768,300","$2,599,300",beeline#,Y,No,,"zz.Luloff, Julie",Execution Complete,Consolidated under enterprise agreement,,,Renewal,CTB,BC5100058,BC5100058,ATR730034,Web Server,7/5/26,8/17/26,900000548,17098283,,"$8,319,200",7800000548,TFT,Dana Williams,RADIA,PO SR Required,5076,C_Forecast,DIV_2637 - Consumer Payments,7/24/26,"Tadas, Deepa P.",,,,,,,,,,-,"$210,000","$193,200","$181,000","$168,800","$170,700","$172,000","$175,600","$176,800","$180,400","$178,300","$180,400","$181,700","$193,400","$197,700","$195,000","$196,600","$199,600","$194,900","$217,800","$223,100","$217,100","$218,400","$222,600","$219,800","$251,900","$259,100","$270,200","$273,800","$272,100","$277,800","$277,000","$275,000","$276,000","$283,600","$283,500","$286,200","$368,100",-,-,-,-,-,-,-,-,-,-,-,-,-,-,-,-,-,-,-,-,-,-,-,-,-,-,-,-,-,-,-,-,-,-,-,-,-,-,-,-,-,-,-,-,-,-,-,-,-,-
100560,SW,132,CTBSTT,A8200045 - Software Maintenance,Broadcom Inc.,Broadcom,Infrastructure software maintenance renewal,10/19/26,4/30/27,VRM200232,"$284,400","$350,800",-,-,VRM status,Y,Yes,0,"Eckman, Bradley T.",New,Vendor onboarding completed,0,,New,CTB,BC5100017,BC5100058,ATR730069,,6/22/26,7/8/26,900000560,20721778,,"$635,200",7800000560,TFT,Cameron Smith,QLTRCS,716895,2509,C_Forecast,DIV_1548 - Pmts Virt Sol Innov Platform Management,8/7/26,"Tadas, Deepa P.",AST0700559,,,,,,,,,-,-,"$102,200","$94,800","$87,400","$87,500","$87,200","$88,200","$87,900",-,-,-,-,-,-,-,-,-,-,-,-,-,-,-,-,-,-,-,-,-,-,-,-,-,-,-,-,-,-,-,-,-,-,-,-,-,-,-,-,-,-,-,-,-,-,-,-,-,-,-,-,-,-,-,-,-,-,-,-,-,-,-,-,-,-,-,-,-,-,-,-,-,-,-,-,-,-,-
100561,DATA,140,CTMARTECH,A8590820 - Other Outside Data Processing,"Salesforce, Inc.",Salesforce,Customer relationship management platform enterprise agreement,11/5/26,5/31/28,VRM200106,"$19,600","$124,800","$59,900",-,,N,Yes,,"S, Rajashekar",Finance - Confirming,Vendor onboarding completed,,-,Renewal,RTB,BC5100078,BC5100078,ATR730062,,10/12/26,10/13/26,900000561,73905445,,"$204,300",7800000561,,Jordan Lee,SBLO,3900,MarTech,C_Forecast,DIV_2636 - Teller,2/25/26,"K, Srikantesh",AST0700560,,,,,,,,,-,-,-,"$10,100","$9,500","$9,600","$9,700","$9,900","$10,000","$10,200","$10,100","$10,300","$10,400","$11,000","$11,300","$11,100","$11,200","$11,400","$11,100","$12,400","$12,700","$12,300",-,-,-,-,-,-,-,-,-,-,-,-,-,-,-,-,-,-,-,-,-,-,-,-,-,-,-,-,-,-,-,-,-,-,-,-,-,-,-,-,-,-,-,-,-,-,-,-,-,-,-,-,-,-,-,-,-,-,-,-,-,-,-,-,-,-
100549,SAAS,112,CTEDP,A8201904 - Software as a Service,"Fiserv, Inc.",Fiserv,Payments processing software and support renewal,11/20/26,11/30/29,VRM200201,"$51,500","$319,800","$406,000","$499,100",,N,Yes,,"zz.Luloff, Julie",Analyst Review,No action required,0,,Commited,RTB,BC5100110,BC5100110,ATR730055,,4/10/26,8/24/26,900000549,20721778,,"$1,276,400",7800000549,TFT,Priya Shah,SMT#2144,213634,2471,C_Forecast,DIV_1307 - Pmts Virt Sol Innov and Cons Bkg Tech Admin,6/23/26,"K, Srikantesh",AST0700548,,,,,,,,,-,-,-,"$26,700","$24,800","$25,100","$25,200","$25,700","$25,800","$26,300","$25,900","$26,200","$26,300","$28,000","$28,600","$28,200","$28,500","$28,900","$28,300","$31,700","$32,500","$31,700","$32,000","$32,700","$32,300","$37,100","$38,300","$40,000","$40,500","$40,300","$41,200","$41,000","$40,700","$40,800","$41,800","$41,700","$42,100","$54,000","$56,600","$58,900",-,-,-,-,-,-,-,-,-,-,-,-,-,-,-,-,-,-,-,-,-,-,-,-,-,-,-,-,-,-,-,-,-,-,-,-,-,-,-,-,-,-,-,-,-,-,-,-
100550,SW,137,CTBSTT,Fixed Assets (Peoplesoft) - SWL,Adobe Inc.,Adobe,Digital experience platform subscription,12/1/26,12/31/32,VRM200202,"$19,400","$246,400","$316,500","$435,900",,N,Yes,0,"zz.Ejiofor, Justina",Finance - Managing,Pending final statement of work,,-,Commited,CTB,BC5100094,BC5100094,ATR730046,,8/12/26,10/10/26,900000550,79123087,,"$5,477,900",7800000550,,Riley Kim,ATMP,6392,6878,C_Forecast,DIV_3055 - Cybersecurity Platform Services,5/3/26,System,,,,,,,,,,-,-,-,-,"$19,400","$19,500","$19,600","$19,900","$19,900","$20,200","$19,900","$20,100","$20,200","$21,500","$22,000","$21,700","$21,900","$22,300","$21,800","$24,500","$25,200","$24,600","$24,900","$25,500","$25,300","$29,100","$30,000","$31,400","$31,900","$31,700","$32,400","$32,200","$31,900","$31,900","$32,700","$32,600","$32,700","$41,900","$43,800","$45,500","$46,600","$48,800","$48,500","$48,600","$48,800","$47,700","$47,300","$47,900","$48,000","$68,600","$72,100","$80,800","$81,900","$87,500","$85,400","$86,100","$85,700","$86,100","$86,300","$87,000","$86,000","$130,500","$135,700","$145,200","$151,800","$162,000","$165,100","$163,800","$163,600","$164,600","$161,000","$164,300","$163,800","$280,300","$294,700","$304,300","$329,900",-,-,-,-,-,-,-,-,-,-,-
100553,SW,143,CTHLT,Fixed Assets (Peoplesoft) - SWL,"Amazon Web Services, Inc.",AWS,Cloud infrastructure and managed services,11/14/26,11/30/29,VRM200193,"$79,200","$472,500","$636,000","$769,100",,N,Yes,0,"Kollapally, Suraj",Finance - Confirming,Migration dependency tracked,,-,Commited,RTB,BC5100091,BC5100091,ATR730079,Web Server,6/17/26,8/12/26,900000553,89176144,,"$1,956,800",7800000553,,Jamie Chen,DMSBA,3670,MarTech,C_Forecast,DIV_2842 - Digital Channel Technology,5/14/26,"zz.Brennecke, Jana",,,,,,,,,,-,-,-,"$41,200","$38,000","$38,000","$37,900","$38,300","$38,200","$38,700","$38,000","$38,300","$38,500","$40,900","$41,900","$41,600","$42,200","$43,200","$42,600","$48,200","$50,000","$49,200","$50,100","$51,600","$51,400","$59,300","$61,300","$64,100","$65,000","$64,500","$65,600","$65,000","$64,000","$63,700","$64,800","$64,100","$64,000","$81,400","$84,600","$87,400",-,-,-,-,-,-,-,-,-,-,-,-,-,-,-,-,-,-,-,-,-,-,-,-,-,-,-,-,-,-,-,-,-,-,-,-,-,-,-,-,-,-,-,-,-,-,-,-
100554,SW,127,CTBSTT,Fixed Assets (Peoplesoft) - SWM,Tata Consultancy Services,TCS,Application maintenance and delivery services,12/28/26,12/31/32,VRM200137,"$146,000","$1,927,200","$2,413,600","$3,295,100",,N,Yes,,"zz.Ejiofor, Justina",New,Pricing validation in progress,,,New,CTB,BC5100045,BC5100045,ATR730073,,12/5/26,12/18/26,900000554,67978097,,"$42,090,100",7800000554,,Cameron Smith,SMT#2144,PO SR Required,5415,C_Forecast,DIV_2383 - Consumer Lending Technology Architecture,8/5/26,"Matera, Jill",,,,,,,,,,-,-,-,-,"$146,000","$148,000","$149,500","$152,900","$154,300","$157,800","$156,300","$158,400","$159,900","$170,400","$174,300","$172,000","$173,400","$176,000","$171,700","$191,600","$195,900","$190,100","$190,900","$194,000","$191,100","$218,500","$224,200","$233,400","$236,200","$234,500","$239,200","$238,600","$236,900","$238,000","$244,800","$245,100","$247,900","$319,600","$336,400","$351,500","$362,600","$381,900","$381,000","$383,700","$386,200","$378,500","$375,700","$379,900","$379,900","$541,200","$565,400","$629,900","$634,600","$672,900","$651,800","$652,000","$644,800","$644,300","$642,200","$645,100","$636,200","$964,900","$1,004,300","$1,076,600","$1,129,400","$1,210,000","$1,239,700","$1,237,300","$1,243,300","$1,259,600","$1,240,000","$1,274,100","$1,277,900","$2,198,600","$2,322,300","$2,406,800","$2,616,200",-,-,-,-,-,-,-,-,-,-,-
100555,OEM,130,CTDLR,Fixed Assets (Peoplesoft) - OEM,FIS Global,FIS,Banking platform software and services,9/7/26,9/30/30,VRM200222,"$45,600","$133,200","$167,900","$230,900",VRM status,Y,No,,"S, Rajashekar",Execution Complete,Migration dependency tracked,,-,Commited,CTB,BC5100051,BC5100010,ATR730022,,8/18/26,8/24/26,900000555,80602808,,"$824,900",7800000555,,Riley Kim,SMT#2452 & SR#SR1994083716,3598,4660,C_Forecast,"DIV_1211 - Deposits, Operations and Debit Card Tech",1/2/26,"zz.Luloff, Julie",,,,,,,,,,-,"$12,700","$11,700","$11,000","$10,200","$10,400","$10,400","$10,700","$10,700","$10,900","$10,800","$10,900","$11,000","$11,700","$12,000","$11,800","$11,900","$12,100","$11,800","$13,200","$13,500","$13,200","$13,300","$13,500","$13,300","$15,300","$15,700","$16,400","$16,600","$16,500","$16,900","$16,800","$16,700","$16,700","$17,200","$17,200","$17,400","$22,300","$23,500","$24,500","$25,200","$26,500","$26,300","$26,500","$26,600","$26,100","$25,800","$26,100","$26,100","$37,300",-,-,-,-,-,-,-,-,-,-,-,-,-,-,-,-,-,-,-,-,-,-,-,-,-,-,-,-,-,-,-,-,-,-,-,-,-,-
100558,TEL,114,CTCCPTPYMTS,A8292080 - Telecommunication,Snowflake Inc.,Snowflake,Cloud data platform subscription,10/28/26,10/31/30,VRM200122,"$31,100","$121,000","$157,900","$216,300",,N,Yes,0,"Kollapally, Suraj",Submitted to Sponsor,Consolidated under enterprise agreement,0,,Renewal,CTB,BC5100055,BC5100055,ATR730037,,8/25/26,10/20/26,900000558,36520612,,"$784,900",7800000558,,Alex Morgan,GLDMN,363114,6545,C_Forecast,DIV_2636 - Teller,5/25/26,"Matera, Jill",,,,,,,,,,-,-,"$11,100","$10,400","$9,600","$9,600","$9,700","$9,800","$9,800","$9,900","$9,800","$9,900","$9,900","$10,500","$10,800","$10,600","$10,700","$11,000","$10,800","$12,100","$12,500","$12,200","$12,400","$12,700","$12,700","$14,600","$15,100","$15,800","$16,000","$15,900","$16,200","$16,100","$15,900","$15,900","$16,300","$16,200","$16,200","$20,700","$21,600","$22,400","$22,900","$24,000","$23,800","$23,800","$23,900","$23,400","$23,200","$23,500","$23,600","$33,800","$35,600",-,-,-,-,-,-,-,-,-,-,-,-,-,-,-,-,-,-,-,-,-,-,-,-,-,-,-,-,-,-,-,-,-,-,-,-,-
100559,OEM,135,CTPLATFORM,Fixed Assets (Peoplesoft) - OEM,FIS Global,FIS,Banking platform software and services renewal,12/2/26,12/31/29,VRM200184,"$7,600","$95,400","$126,300","$172,300",beeline#,Y,Yes,0,"Kollapally, Suraj",Submitted to Sponsor,Consolidated under enterprise agreement,,-,Renewal,CTB,BC5100031,BC5100031,ATR730032,,10/29/26,11/27/26,900000559,34668383,,"$401,600",7800000559,,Priya Shah,SAMP,6574,MarTech,C_Forecast,DIV_2921 - Cloud Infrastructure Engineering,7/14/26,System,AST0700558,,,,,,,,,-,-,-,-,"$7,600","$7,600","$7,600","$7,700","$7,700","$7,800","$7,700","$7,800","$7,800","$8,300","$8,500","$8,400","$8,500","$8,700","$8,500","$9,600","$10,000","$9,800","$9,900","$10,200","$10,200","$11,700","$12,100","$12,700","$12,900","$12,800","$13,000","$12,900","$12,800","$12,700","$13,000","$12,900","$12,900","$16,400","$17,100","$17,700","$18,100",-,-,-,-,-,-,-,-,-,-,-,-,-,-,-,-,-,-,-,-,-,-,-,-,-,-,-,-,-,-,-,-,-,-,-,-,-,-,-,-,-,-,-,-,-,-,-
100562,SAAS,139,CTDLR,Fixed Assets (Peoplesoft) - SAAS,"Datadog, Inc.",Datadog,Cloud monitoring and observability subscription renewal,12/23/26,12/31/31,VRM200105,"$31,500","$410,200","$516,300","$709,700",type/start,Y,No,0,"Kollapally, Suraj",Execution Complete,Legal review pending,0,,Commited,RTB,BC5100064,BC5100064,ATR730061,,9/16/26,11/8/26,900000562,65433502,,"$4,835,600",7800000562,TFT,Reese Martin,CFMS,996213,4465,C_Forecast,DIV_2921 - Cloud Infrastructure Engineering,7/2/26,"Abiodun, Dare",,,,,,,,,,-,-,-,-,"$31,500","$31,800","$32,100","$32,800","$33,000","$33,600","$33,300","$33,600","$33,900","$36,100","$36,900","$36,400","$36,700","$37,200","$36,400","$40,600","$41,600","$40,500","$40,700","$41,500","$41,000","$47,000","$48,300","$50,400","$51,100","$50,800","$51,800","$51,700","$51,300","$51,500","$52,900","$52,900","$53,400","$68,700","$72,100","$75,200","$77,400","$81,300","$81,000","$81,400","$81,800","$80,100","$79,500","$80,300","$80,300","$114,600","$119,800","$133,700","$135,000","$143,500","$139,300","$139,700","$138,500","$138,700","$138,500","$139,400","$137,600","$208,900","$217,500","$233,100","$244,400",-,-,-,-,-,-,-,-,-,-,-,-,-,-,-,-,-,-,-,-,-,-,-
100563,DEPR,140,CTARCHENG,Fixed Assets (Peoplesoft) - DEPR,FIS Global,FIS,Banking platform software and services enterprise agreement,9/8/26,9/30/31,VRM200187,"$22,100","$63,300","$80,400","$111,000",VRM status,Y,Yes,0,"Eckman, Bradley T.",LOB Execution,Migration dependency tracked,,-,Renewal,CTB,BC5100069,BC5100089,ATR730022,,5/31/26,6/12/26,900000563,28535918,,"$661,400",7800000563,TFT,Cameron Smith,BREF,570969,6357,C_Forecast,DIV_1548 - Pmts Virt Sol Innov Platform Management,8/6/26,System,AST0700562,,,,,,,,,-,"$6,200","$5,700","$5,300","$4,900","$5,000","$5,000","$5,100","$5,100","$5,200","$5,100","$5,200","$5,200","$5,500","$5,700","$5,600","$5,600","$5,700","$5,600","$6,300","$6,400","$6,300","$6,300","$6,500","$6,400","$7,400","$7,600","$7,900","$8,000","$8,000","$8,200","$8,100","$8,100","$8,100","$8,300","$8,300","$8,300","$10,700","$11,200","$11,700","$12,000","$12,600","$12,500","$12,500","$12,600","$12,300","$12,200","$12,300","$12,400","$17,600","$18,500","$20,700","$20,900","$22,300","$21,700","$21,800","$21,700","$21,700","$21,800","$21,900","$21,700","$32,900",-,-,-,-,-,-,-,-,-,-,-,-,-,-,-,-,-,-,-,-,-,-,-,-,-,-
100564,T&M,132,CTADMIN,A8501906 - Outsourcing/Technical Contract,"Salesforce, Inc.",Salesforce,Customer relationship management platform enterprise agreement,9/1/26,9/30/31,VRM200163,"$198,800","$563,700","$724,000","$997,500",VRM,Y,Yes,,"K, Srikantesh",Finance Review,Includes affiliate services,,,New,CTB,BC5100005,BC5100047,ATR730072,,4/6/26,5/29/26,900000564,55627280,,"$5,937,000",7800000564,,Reese Martin,1DBI,2760,4359,C_Forecast,"DIV_1211 - Deposits, Operations and Debit Card Tech",1/20/26,"Abiodun, Dare",AST0700563,,,,,,,,,-,"$55,700","$51,100","$47,700","$44,300","$44,600","$44,700","$45,500","$45,600","$46,300","$45,600","$46,000","$46,300","$49,200","$50,200","$49,600","$50,100","$50,900","$49,900","$56,000","$57,600","$56,300","$57,000","$58,300","$57,900","$66,600","$68,700","$71,900","$72,900","$72,500","$74,000","$73,700","$73,000","$73,100","$74,800","$74,500","$74,900","$95,900","$100,300","$104,100","$106,700","$111,700","$110,900","$111,200","$111,500","$109,100","$108,200","$109,600","$109,800","$157,000","$164,800","$184,800","$187,400","$200,200","$195,400","$196,900","$196,000","$197,000","$197,300","$199,000","$196,700","$298,500",-,-,-,-,-,-,-,-,-,-,-,-,-,-,-,-,-,-,-,-,-,-,-,-,-,-
100569,OEM,133,CTARCHENG,Fixed Assets (Peoplesoft) - OEM,"Salesforce, Inc.",Salesforce,Customer relationship management platform renewal,12/4/26,6/30/27,VRM200108,"$9,800","$61,300",-,-,,N,Yes,0,"zz.Ejiofor, Justina",Finance Review,Budget owner confirmed,0,-,New,CTB,BC5100059,BC5100059,ATR730006,,6/26/26,7/3/26,900000569,80364626,,"$71,100",7800000569,,Dana Williams,ICEDQ,2101,3170,C_Forecast,DIV_3188 - Marketing Technology Enablement,3/3/26,"zz.Luloff, Julie",AST0700568,,,,,,,,,-,-,-,-,"$9,800","$9,900","$10,000","$10,200","$10,300","$10,500","$10,400",-,-,-,-,-,-,-,-,-,-,-,-,-,-,-,-,-,-,-,-,-,-,-,-,-,-,-,-,-,-,-,-,-,-,-,-,-,-,-,-,-,-,-,-,-,-,-,-,-,-,-,-,-,-,-,-,-,-,-,-,-,-,-,-,-,-,-,-,-,-,-,-,-,-,-,-,-
100572,TEL,126,CTSB,A8292080 - Telecommunication,IBM Corporation,IBM,Mainframe software and technical support enterprise agreement,9/14/26,9/30/28,VRM200135,"$42,700","$119,300","$109,200",-,,N,Yes,4933,"S, Rajashekar",Finance - Managing,No action required,0,,Renewal,CTB,BC5100100,BC5100100,ATR730026,,2/19/26,3/19/26,900000572,31834659,,"$271,200",7800000572,TFT,Priya Shah,HK,2706,24,C_Forecast,DIV_2636 - Teller,4/18/26,"Ashwathappa, Rakesh",,,,,,,,,,-,"$12,000","$11,000","$10,200","$9,500","$9,500","$9,500","$9,600","$9,700","$9,800","$9,600","$9,700","$9,800","$10,400","$10,600","$10,500","$10,600","$10,800","$10,600","$11,900","$12,300","$12,000","$12,200","$12,500","$12,500","$14,400",-,-,-,-,-,-,-,-,-,-,-,-,-,-,-,-,-,-,-,-,-,-,-,-,-,-,-,-,-,-,-,-,-,-,-,-,-,-,-,-,-,-,-,-,-,-,-,-,-,-,-,-,-,-,-,-,-,-,-,-,-,-
100565,TEL,129,CTARCHENG,A8292080 - Telecommunication,"Salesforce, Inc.",Salesforce,Customer relationship management platform,12/21/26,12/31/30,VRM200190,"$16,900","$212,800","$277,200","$380,300",check investment date,Y,Yes,,"zz.Brennecke, Jana",New,Includes affiliate services,,,Renewal,RTB,BC5100090,BC5100034,ATR730041,,5/10/26,10/20/26,900000565,93480267,,"$1,483,300",7800000565,TFT,Priya Shah,SAMP,PO SR Required,MarTech,C_Forecast,DIV_1548 - Pmts Virt Sol Innov Platform Management,2/17/26,"Agarwal, Ushika",,,,,,,,,,-,-,-,-,"$16,900","$17,000","$17,000","$17,200","$17,200","$17,500","$17,200","$17,300","$17,400","$18,500","$18,900","$18,700","$18,900","$19,300","$18,900","$21,300","$21,900","$21,500","$21,800","$22,400","$22,200","$25,600","$26,500","$27,700","$28,100","$27,900","$28,500","$28,300","$28,000","$28,000","$28,600","$28,400","$28,500","$36,400","$38,000","$39,400","$40,300","$42,100","$41,800","$41,800","$42,000","$41,100","$40,800","$41,300","$41,500","$59,400","$62,500","$70,300","$71,500",-,-,-,-,-,-,-,-,-,-,-,-,-,-,-,-,-,-,-,-,-,-,-,-,-,-,-,-,-,-,-,-,-,-,-
100566,T&M,112,CTHLT,A8501946 - Outsourcing Contract - Time & Materials,Verizon Business Network Services,Verizon,Enterprise telecommunications services enterprise agreement,12/18/26,12/31/29,VRM200205,"$19,200","$239,800","$317,400","$432,400",,N,Yes,0,"S, Rajashekar",LOB Review,Renewal documentation completed,0,,Commited,RTB,BC5100063,BC5100063,ATR730036,,7/25/26,8/7/26,900000566,17855383,,"$1,008,800",7800000566,,Alex Morgan,SMT#2144,5873,8929,C_Forecast,DIV_2636 - Teller,6/6/26,System,AST0700565,,,,,,,,,-,-,-,-,"$19,200","$19,200","$19,200","$19,400","$19,400","$19,700","$19,300","$19,500","$19,600","$20,800","$21,300","$21,100","$21,300","$21,800","$21,400","$24,200","$25,000","$24,600","$25,000","$25,700","$25,500","$29,500","$30,500","$31,900","$32,300","$32,100","$32,700","$32,500","$32,100","$32,000","$32,600","$32,300","$32,300","$41,200","$42,900","$44,400","$45,300",-,-,-,-,-,-,-,-,-,-,-,-,-,-,-,-,-,-,-,-,-,-,-,-,-,-,-,-,-,-,-,-,-,-,-,-,-,-,-,-,-,-,-,-,-,-,-
100567,FB,137,CTHLT,A8501945 - Outsourcing Contract - Fixed Bid,"ServiceNow, Inc.",ServiceNow,IT service management subscription renewal,10/6/26,10/31/30,VRM200136,"$194,500","$743,400","$1,001,100","$1,351,000",,N,Yes,0,"K, Srikantesh",LOB Review,Consolidated under enterprise agreement,0,-,Commited,RTB,BC5100107,BC5100107,ATR730020,,8/16/26,8/28/26,900000567,59052659,,"$4,883,900",7800000567,,Morgan Patel,SMT#2144,3982,MarTech,C_Forecast,DIV_2383 - Consumer Lending Technology Architecture,8/7/26,"K, Srikantesh",,,,,,,,,,-,-,"$69,900","$64,800","$59,800","$59,800","$59,600","$60,300","$60,100","$60,900","$59,800","$60,200","$60,500","$64,400","$66,000","$65,400","$66,400","$68,000","$67,100","$75,900","$78,700","$77,400","$78,800","$81,200","$80,900","$93,400","$96,500","$100,900","$102,300","$101,500","$103,200","$102,300","$100,800","$100,200","$102,000","$100,900","$100,700","$128,200","$133,200","$137,600","$140,400","$146,600","$145,200","$145,500","$146,100","$143,200","$142,600","$145,100","$146,300","$210,600","$222,700",-,-,-,-,-,-,-,-,-,-,-,-,-,-,-,-,-,-,-,-,-,-,-,-,-,-,-,-,-,-,-,-,-,-,-,-,-
100568,SW,122,CTCCPTPYMTS,Fixed Assets (Peoplesoft) - SWL,Verizon Business Network Services,Verizon,Enterprise telecommunications services renewal,9/25/26,9/30/28,VRM200178,"$86,300","$256,100","$228,600",-,,N,Yes,0,"zz.Ejiofor, Justina",LOB Review,Consolidated under enterprise agreement,,,New,RTB,BC5100014,BC5100014,ATR730046,Web Server,3/20/26,7/20/26,900000568,72457656,,"$571,000",7800000568,TFT,Jamie Chen,MOD,8536,4515,C_Forecast,DIV_2637 - Consumer Payments,1/16/26,"Abiodun, Dare",,,,,,,,,,-,"$24,000","$22,100","$20,800","$19,400","$19,700","$19,900","$20,300","$20,500","$21,000","$20,800","$21,000","$21,200","$22,600","$23,200","$22,900","$23,000","$23,400","$22,800","$25,500","$26,000","$25,300","$25,400","$25,800","$25,400","$29,000",-,-,-,-,-,-,-,-,-,-,-,-,-,-,-,-,-,-,-,-,-,-,-,-,-,-,-,-,-,-,-,-,-,-,-,-,-,-,-,-,-,-,-,-,-,-,-,-,-,-,-,-,-,-,-,-,-,-,-,-,-,-
100570,TEL,120,CTHLT,A8292080 - Telecommunication,Broadcom Inc.,Broadcom,Infrastructure software maintenance,10/22/26,10/31/28,VRM200191,"$196,700","$785,400","$799,600",-,,N,Yes,0,"zz.Ejiofor, Justina",LOB Review,Vendor onboarding completed,,,Commited,RTB,BC5100046,BC5100046,ATR730063,,7/19/26,9/13/26,900000570,72834704,,"$1,781,700",7800000570,TFT,Morgan Patel,Goldmine (WFF) GLDMN,PO SR Required,MarTech,C_Forecast,DIV_1307 - Pmts Virt Sol Innov and Cons Bkg Tech Admin,1/22/26,"Ashwathappa, Rakesh",AST0700569,,,,,,,,,-,-,"$70,100","$65,600","$61,000","$61,600","$61,900","$63,100","$63,400","$64,500","$63,600","$64,300","$64,700","$68,800","$70,300","$69,300","$69,900","$71,100","$69,500","$77,800","$79,900","$77,900","$78,600","$80,200","$79,400","$91,200","$94,000",-,-,-,-,-,-,-,-,-,-,-,-,-,-,-,-,-,-,-,-,-,-,-,-,-,-,-,-,-,-,-,-,-,-,-,-,-,-,-,-,-,-,-,-,-,-,-,-,-,-,-,-,-,-,-,-,-,-,-,-,-
100571,SAAS,144,CTHLT,Fixed Assets (Peoplesoft) - SAAS,"Cisco Systems, Inc.",Cisco,Network hardware maintenance and support renewal,11/3/26,11/30/29,VRM200198,"$90,400","$553,900","$711,700","$875,700",VRM,Y,No,0,"S, Rajashekar",Execution Complete,Legal review pending,,,New,CTB,BC5100115,BC5100115,ATR730048,Web Server,7/31/26,10/9/26,900000571,99826360,,"$2,231,700",7800000571,TFT,Avery Johnson,DCSN,508079,2575,C_Forecast,DIV_2714 - Enterprise Data Platforms,2/19/26,System,AST0700570,,,,,,,,,-,-,-,"$46,900","$43,500","$43,800","$44,000","$44,700","$44,800","$45,500","$44,800","$45,200","$45,500","$48,300","$49,400","$48,700","$49,200","$50,100","$49,100","$55,000","$56,600","$55,400","$56,000","$57,300","$56,900","$65,500","$67,500","$70,600","$71,700","$71,300","$72,700","$72,500","$71,800","$71,800","$73,600","$73,200","$73,600","$94,300","$98,600","$102,300",-,-,-,-,-,-,-,-,-,-,-,-,-,-,-,-,-,-,-,-,-,-,-,-,-,-,-,-,-,-,-,-,-,-,-,-,-,-,-,-,-,-,-,-,-,-,-,-
100573,T&M,125,CTARCHENG,A8501946 - Outsourcing Contract - Time & Materials,FIS Global,FIS,Banking platform software and services enterprise agreement,11/10/26,11/30/28,VRM200125,"$120,700","$725,300","$862,400",-,VRM Status/beeline#,Y,Yes,0,"Tadas, Deepa P.",Analyst Review,Migration dependency tracked,,-,Renewal,CTB,BC5100108,BC5100108,ATR730018,,7/25/26,8/25/26,900000573,69382946,,"$1,708,400",7800000573,,Avery Johnson,1CR5,728235,1418,C_Forecast,"DIV_1211 - Deposits, Operations and Debit Card Tech",6/25/26,"zz.Brennecke, Jana",AST0700572,,,,,,,,,-,-,-,"$62,700","$58,000","$58,100","$58,100","$58,800","$58,700","$59,500","$58,500","$58,900","$59,200","$62,900","$64,400","$63,700","$64,500","$65,900","$64,900","$73,200","$75,700","$74,300","$75,500","$77,700","$77,300","$89,200","$92,200","$96,500",-,-,-,-,-,-,-,-,-,-,-,-,-,-,-,-,-,-,-,-,-,-,-,-,-,-,-,-,-,-,-,-,-,-,-,-,-,-,-,-,-,-,-,-,-,-,-,-,-,-,-,-,-,-,-,-,-,-,-,-
100574,FB,124,CTADMIN,A8501945 - Outsourcing Contract - Fixed Bid,"Cisco Systems, Inc.",Cisco,Network hardware maintenance and support renewal,9/22/26,9/30/28,VRM200162,"$442,500","$1,213,600","$1,144,900",-,,N,Yes,0,"zz.Brennecke, Jana",Finance - Confirming,Vendor onboarding completed,0,-,New,RTB,BC5100035,BC5100035,ATR730049,,2/27/26,5/2/26,900000574,70826451,,"$2,801,000",7800000574,,Casey Rivera,HOGAN CIS,6344,8519,C_Forecast,DIV_2637 - Consumer Payments,8/7/26,"Eckman, Bradly T.",AST0700573,,,,,,,,,-,"$125,200","$114,000","$105,700","$97,600","$97,600","$97,300","$98,400","$98,100","$99,300","$97,600","$98,300","$98,800","$105,200","$107,800","$106,800","$108,400","$111,100","$109,600","$123,800","$128,400","$126,400","$128,700","$132,500","$132,000","$152,400",-,-,-,-,-,-,-,-,-,-,-,-,-,-,-,-,-,-,-,-,-,-,-,-,-,-,-,-,-,-,-,-,-,-,-,-,-,-,-,-,-,-,-,-,-,-,-,-,-,-,-,-,-,-,-,-,-,-,-,-,-,-
100575,DATA,133,CTDLR,A8590820 - Other Outside Data Processing,"ServiceNow, Inc.",ServiceNow,IT service management subscription renewal,12/27/26,12/31/29,VRM200169,"$61,500","$811,200","$1,016,000","$1,387,100",,N,Yes,0,"Eckman, Bradley T.",Finance - Managing,Invoice schedule under review,0,,Renewal,CTB,BC5100086,BC5100086,ATR730047,,11/2/26,11/18/26,900000575,20721778,,"$3,275,800",7800000575,TFT,Jamie Chen,ACCLQ,PO SR Required,MarTech,C_Forecast,DIV_2714 - Enterprise Data Platforms,1/5/26,"Kollapally, Suraj",AST0700574,,,,,,,,,-,-,-,-,"$61,500","$62,300","$62,900","$64,400","$64,900","$66,400","$65,800","$66,700","$67,300","$71,700","$73,400","$72,400","$73,000","$74,100","$72,300","$80,600","$82,500","$80,000","$80,300","$81,700","$80,400","$92,000","$94,400","$98,300","$99,400","$98,700","$100,700","$100,400","$99,700","$100,200","$103,100","$103,200","$104,400","$134,500","$141,600","$148,000","$152,600",-,-,-,-,-,-,-,-,-,-,-,-,-,-,-,-,-,-,-,-,-,-,-,-,-,-,-,-,-,-,-,-,-,-,-,-,-,-,-,-,-,-,-,-,-,-,-
100577,TEL,134,CTMARTECH,A8292080 - Telecommunication,Broadcom Inc.,Broadcom,Infrastructure software maintenance renewal,10/7/26,4/30/28,VRM200219,"$12,900","$51,900","$19,700",-,check investment date,Y,Yes,,"K, Srikantesh",Finance - Confirming,No action required,,,Renewal,CTB,BC5100082,BC5100077,ATR730020,,8/5/26,10/5/26,900000577,58536181,,"$84,500",7800000577,,Riley Kim,DCSN,949721,176,C_Forecast,DIV_3188 - Marketing Technology Enablement,5/9/26,"Tadas, Deepa P.",AST0700576,,,,,,,,,-,-,"$4,600","$4,300","$4,000","$4,100","$4,100","$4,200","$4,200","$4,300","$4,200","$4,200","$4,300","$4,500","$4,600","$4,600","$4,600","$4,700","$4,600","$5,100","$5,300",-,-,-,-,-,-,-,-,-,-,-,-,-,-,-,-,-,-,-,-,-,-,-,-,-,-,-,-,-,-,-,-,-,-,-,-,-,-,-,-,-,-,-,-,-,-,-,-,-,-,-,-,-,-,-,-,-,-,-,-,-,-,-,-,-,-,-
100576,TEL,132,CTSB,A8292080 - Telecommunication,Snowflake Inc.,Snowflake,Cloud data platform subscription enterprise agreement,12/16/26,12/31/33,VRM200243,"$7,100","$92,400","$116,200","$159,500",,N,Yes,0,"K, Srikantesh",Finance - Confirming,Vendor onboarding completed,,-,Renewal,CTB,BC5100081,BC5100081,ATR730019,,10/19/26,10/28/26,900000576,72931216,,"$16,070,900",7800000576,,Alex Morgan,TTMS,PO SR Required,5379,C_Forecast,DIV_2383 - Consumer Lending Technology Architecture,4/15/26,System,AST0700575,,,,,,,,,-,-,-,-,"$7,100","$7,200","$7,200","$7,400","$7,400","$7,600","$7,500","$7,600","$7,600","$8,100","$8,300","$8,200","$8,300","$8,400","$8,200","$9,100","$9,400","$9,100","$9,200","$9,300","$9,200","$10,600","$10,900","$11,300","$11,500","$11,400","$11,700","$11,600","$11,500","$11,600","$11,900","$11,900","$12,000","$15,400","$16,200","$16,900","$17,400","$18,300","$18,200","$18,300","$18,400","$18,000","$17,900","$18,100","$18,100","$25,800","$27,000","$30,100","$30,400","$32,300","$31,300","$31,400","$31,200","$31,200","$31,200","$31,400","$31,000","$47,000","$48,900","$52,400","$55,000","$58,800","$60,200","$60,000","$60,100","$60,800","$59,700","$61,200","$61,300","$105,200","$110,900","$114,800","$124,600","$167,600","$165,600","$165,200","$163,600","$161,200","$161,100","$160,200","$159,600","$898,200","$892,000","$3,271,900"
100580,T&M,125,CTTOCIO,A8501906 - Outsourcing/Technical Contract,"Oracle America, Inc.",Oracle,Database platform licensing and maintenance enterprise agreement,11/10/26,5/31/28,VRM200185,"$41,000","$245,900","$120,100",-,,N,No,,"S, Rajashekar",Execution Complete,Migration dependency tracked,,-,Renewal,RTB,BC5100043,BC5100043,ATR730037,,5/24/26,7/29/26,900000580,78831110,,"$407,000",7800000580,TFT,Reese Martin,1DBI,9278,MarTech,C_Forecast,DIV_2921 - Cloud Infrastructure Engineering,6/26/26,"Agarwal, Ushika",AST0700579,,,,,,,,,-,-,-,"$21,300","$19,700","$19,700","$19,700","$19,900","$19,900","$20,200","$19,800","$20,000","$20,100","$21,300","$21,800","$21,600","$21,900","$22,400","$22,000","$24,800","$25,700","$25,200",-,-,-,-,-,-,-,-,-,-,-,-,-,-,-,-,-,-,-,-,-,-,-,-,-,-,-,-,-,-,-,-,-,-,-,-,-,-,-,-,-,-,-,-,-,-,-,-,-,-,-,-,-,-,-,-,-,-,-,-,-,-,-,-,-,-
100581,T&M,129,CTADMIN,A8501946 - Outsourcing Contract - Time & Materials,"Salesforce, Inc.",Salesforce,Customer relationship management platform enterprise agreement,11/2/26,11/30/32,VRM200157,"$206,300","$1,231,000","$1,657,400","$2,236,600",beeline#,Y,Yes,0,"zz.Luloff, Julie",Analyst Review,Pending final statement of work,,-,New,RTB,BC5100115,BC5100115,ATR730047,,9/14/26,10/1/26,900000581,10016160,,"$26,407,500",7800000581,,Reese Martin,LVRMP,355894,7750,C_Forecast,"DIV_1211 - Deposits, Operations and Debit Card Tech",6/6/26,System,,,,,,,,,,-,-,-,"$107,300","$99,000","$99,000","$98,700","$99,800","$99,500","$100,800","$99,000","$99,700","$100,200","$106,700","$109,300","$108,300","$110,000","$112,600","$111,100","$125,600","$130,200","$128,200","$130,500","$134,400","$133,900","$154,600","$159,800","$167,100","$169,400","$168,000","$170,800","$169,400","$166,800","$166,000","$168,800","$167,000","$166,800","$212,200","$220,600","$227,800","$232,400","$242,700","$240,400","$240,900","$241,900","$237,100","$236,100","$240,200","$242,200","$348,700","$368,700","$416,400","$425,500","$457,600","$449,300","$454,900","$454,600","$458,000","$459,000","$462,500","$456,200","$690,200","$714,900","$760,900","$791,000","$838,400","$848,900","$836,600","$829,900","$830,100","$807,400","$820,400","$814,800","$1,390,800","$1,460,500","$1,508,500",-,-,-,-,-,-,-,-,-,-,-,-
100582,OEM,122,CTARCHENG,Fixed Assets (Peoplesoft) - OEM,"Cisco Systems, Inc.",Cisco,Network hardware maintenance and support,10/28/26,10/31/29,VRM200238,"$118,800","$488,600","$611,900","$654,200",,N,Yes,,"zz.Brennecke, Jana",Management Review,Includes affiliate services,,,New,CTB,BC5100029,BC5100029,ATR730077,,8/27/26,10/11/26,900000582,31369608,,"$1,873,500",7800000582,,Riley Kim,DCSN,102749,8845,C_Forecast,DIV_3188 - Marketing Technology Enablement,8/7/26,"Eckman, Bradly T.",AST0700581,,,,,,,,,-,-,"$42,200","$39,600","$37,000","$37,500","$37,900","$38,800","$39,100","$40,000","$39,600","$40,200","$40,500","$43,200","$44,200","$43,600","$44,000","$44,600","$43,500","$48,600","$49,700","$48,200","$48,400","$49,200","$48,400","$55,400","$56,800","$59,200","$59,900","$59,400","$60,600","$60,500","$60,100","$60,300","$62,100","$62,100","$62,800","$81,000","$85,300",-,-,-,-,-,-,-,-,-,-,-,-,-,-,-,-,-,-,-,-,-,-,-,-,-,-,-,-,-,-,-,-,-,-,-,-,-,-,-,-,-,-,-,-,-,-,-,-,-
100583,T&M,113,CTHLT,A8501946 - Outsourcing Contract - Time & Materials,"Amazon Web Services, Inc.",AWS,Cloud infrastructure and managed services renewal,9/6/26,3/31/28,VRM200140,"$64,200","$187,500","$52,200",-,,N,Yes,,"zz.Luloff, Julie",Analyst Review,Security assessment completed,,,Commited,RTB,BC5100026,BC5100026,ATR730023,,7/10/26,8/22/26,900000583,22153861,,"$303,900",7800000583,TFT,Jordan Lee,HK,4926,6560,C_Forecast,DIV_3188 - Marketing Technology Enablement,7/4/26,"Kollapally, Suraj",,,,,,,,,,-,"$17,900","$16,500","$15,400","$14,400","$14,500","$14,700","$15,000","$15,100","$15,400","$15,200","$15,400","$15,500","$16,500","$16,800","$16,600","$16,800","$17,000","$16,600","$18,600",-,-,-,-,-,-,-,-,-,-,-,-,-,-,-,-,-,-,-,-,-,-,-,-,-,-,-,-,-,-,-,-,-,-,-,-,-,-,-,-,-,-,-,-,-,-,-,-,-,-,-,-,-,-,-,-,-,-,-,-,-,-,-,-,-,-,-,-
100584,SAAS,143,CTCCPTPYMTS,A8201904 - Software as a Service,Microsoft Corporation,Microsoft,Enterprise software subscriptions and support,12/20/26,12/31/31,VRM200166,"$40,500","$521,300","$662,000","$912,700",,N,No,,"S, Rajashekar",Execution Complete,Invoice schedule under review,0,-,New,RTB,BC5100088,BC5100102,ATR730019,Web Server,5/30/26,11/23/26,900000584,17654768,,"$6,201,900",7800000584,,Dana Williams,SBLO,4625,3439,C_Forecast,DIV_1550 - Branch Operations Enablement,7/5/26,"Eckman, Bradly T.",AST0700583,,,,,,,,,-,-,-,-,"$40,500","$40,900","$41,100","$41,900","$42,100","$42,800","$42,200","$42,700","$42,900","$45,700","$46,600","$46,000","$46,400","$47,200","$46,100","$51,600","$53,000","$51,700","$52,100","$53,300","$52,700","$60,600","$62,400","$65,200","$66,100","$65,800","$67,100","$66,900","$66,400","$66,500","$68,300","$68,100","$68,600","$88,100","$92,300","$96,000","$98,600","$103,400","$102,800","$103,200","$103,600","$101,300","$100,500","$101,700","$101,700","$145,300","$152,200","$170,200","$172,200","$183,500","$178,600","$179,500","$178,400","$179,100","$179,100","$180,500","$178,300","$270,700","$281,800","$301,800","$316,000",-,-,-,-,-,-,-,-,-,-,-,-,-,-,-,-,-,-,-,-,-,-,-
100586,SAAS,137,CTTOCIO,Fixed Assets (Peoplesoft) - SAAS,"Oracle America, Inc.",Oracle,Database platform licensing and maintenance renewal,10/26/26,10/31/28,VRM200211,"$64,800","$252,300","$262,500",-,,N,Yes,,"zz.Brennecke, Jana",Submitted to Sponsor,Legal review pending,,,Renewal,RTB,BC5100077,BC5100077,ATR730041,,6/2/26,10/24/26,900000586,27672672,,"$579,600",7800000586,,Casey Rivera,AIM,320382,7961,C_Forecast,DIV_2636 - Teller,7/10/26,"zz.Luloff, Julie",,,,,,,,,,-,-,"$23,200","$21,600","$20,000","$20,100","$20,100","$20,400","$20,400","$20,700","$20,400","$20,600","$20,700","$21,900","$22,400","$22,200","$22,400","$22,800","$22,400","$25,200","$26,000","$25,500","$25,900","$26,500","$26,400","$30,400","$31,400",-,-,-,-,-,-,-,-,-,-,-,-,-,-,-,-,-,-,-,-,-,-,-,-,-,-,-,-,-,-,-,-,-,-,-,-,-,-,-,-,-,-,-,-,-,-,-,-,-,-,-,-,-,-,-,-,-,-,-,-,-
100585,SW,144,CTSB,A8200050 - Software License,Accenture LLP,Accenture,Application development and consulting services enterprise agreement,12/15/26,12/31/30,VRM200162,"$30,100","$383,000","$492,200","$678,100",check investment date,Y,No,0,"Kollapally, Suraj",Execution Complete,Includes affiliate services,0,,Renewal,CTB,BC5100008,BC5100008,ATR730008,,7/30/26,9/29/26,900000585,17855383,,"$2,654,900",7800000585,,Taylor Brooks,LVRMP,893408,7889,C_Forecast,DIV_3055 - Cybersecurity Platform Services,4/13/26,"Kollapally, Suraj",AST0700584,,,,,,,,,-,-,-,-,"$30,100","$30,300","$30,400","$30,900","$31,000","$31,500","$31,000","$31,300","$31,400","$33,400","$34,100","$33,700","$34,000","$34,600","$33,900","$38,100","$39,200","$38,300","$38,700","$39,700","$39,300","$45,300","$46,700","$48,800","$49,600","$49,300","$50,300","$50,100","$49,600","$49,700","$50,900","$50,600","$50,900","$65,200","$68,200","$70,800","$72,500","$76,000","$75,400","$75,600","$75,800","$74,200","$73,600","$74,500","$74,600","$106,700","$112,100","$125,600","$127,400",-,-,-,-,-,-,-,-,-,-,-,-,-,-,-,-,-,-,-,-,-,-,-,-,-,-,-,-,-,-,-,-,-,-,-
100587,SAAS,134,CTMARTECH,Fixed Assets (Peoplesoft) - SAAS,Accenture LLP,Accenture,Application development and consulting services renewal,10/14/26,10/31/30,VRM200120,"$141,700","$546,500","$723,300","$985,900",check investment date,Y,Yes,0,"S, Rajashekar",Finance Review,Pending final statement of work,0,-,Renewal,RTB,BC5100032,BC5100032,ATR730001,,8/17/26,9/26/26,900000587,66644506,,"$3,565,900",7800000587,,Alex Morgan,ACCLQ,9946,2771,C_Forecast,DIV_2714 - Enterprise Data Platforms,5/3/26,"K, Srikantesh",AST0700586,,,,,,,,,-,-,"$50,800","$47,200","$43,700","$43,800","$43,800","$44,300","$44,200","$44,800","$44,100","$44,400","$44,600","$47,400","$48,500","$48,000","$48,600","$49,700","$48,900","$55,100","$57,000","$56,000","$56,900","$58,500","$58,200","$67,200","$69,400","$72,700","$73,700","$73,200","$74,600","$74,000","$73,100","$72,900","$74,300","$73,600","$73,700","$94,000","$97,900","$101,200","$103,400","$108,000","$107,000","$107,200","$107,600","$105,300","$104,700","$106,300","$106,900","$153,500","$162,000",-,-,-,-,-,-,-,-,-,-,-,-,-,-,-,-,-,-,-,-,-,-,-,-,-,-,-,-,-,-,-,-,-,-,-,-,-
100588,SW,131,CTMARTECH,Fixed Assets (Peoplesoft) - SWL,"Datadog, Inc.",Datadog,Cloud monitoring and observability subscription,9/20/26,9/30/29,VRM200190,"$201,700","$553,100","$744,700","$699,100",type/start,Y,Yes,0,"Tadas, Deepa P.",Management Review,Consolidated under enterprise agreement,,,Renewal,CTB,BC5100008,BC5100008,ATR730036,,6/20/26,8/28/26,900000588,82246365,,"$2,198,600",7800000588,TFT,Reese Martin,HK,5531,4341,C_Forecast,DIV_2636 - Teller,5/18/26,"zz.Brennecke, Jana",,,,,,,,,,-,"$57,000","$52,000","$48,200","$44,500","$44,500","$44,400","$44,800","$44,700","$45,300","$44,500","$44,800","$45,000","$47,900","$49,100","$48,700","$49,400","$50,600","$49,900","$56,400","$58,500","$57,600","$58,600","$60,400","$60,200","$69,500","$71,800","$75,100","$76,100","$75,500","$76,800","$76,100","$75,000","$74,600","$75,900","$75,000","$74,900","$95,300",-,-,-,-,-,-,-,-,-,-,-,-,-,-,-,-,-,-,-,-,-,-,-,-,-,-,-,-,-,-,-,-,-,-,-,-,-,-,-,-,-,-,-,-,-,-,-,-,-,-
100589,T&M,136,CTEDP,A8501906 - Outsourcing/Technical Contract,"Datadog, Inc.",Datadog,Cloud monitoring and observability subscription,10/3/26,10/31/30,VRM200215,"$124,400","$511,300","$640,300","$874,100",VRM Status/beeline#,Y,No,,"Tadas, Deepa P.",Execution Complete,Budget owner confirmed,,,Renewal,RTB,BC5100016,BC5100016,ATR730025,,2/13/26,5/15/26,900000589,70844641,,"$3,252,000",7800000589,,Dana Williams,Goldmine (WFF) GLDMN,104676,5045,C_Forecast,DIV_3188 - Marketing Technology Enablement,5/2/26,"K, Srikantesh",AST0700588,,,,,,,,,-,-,"$44,200","$41,500","$38,700","$39,300","$39,700","$40,600","$40,900","$41,900","$41,500","$42,000","$42,400","$45,200","$46,200","$45,600","$46,000","$46,700","$45,500","$50,800","$52,000","$50,400","$50,600","$51,500","$50,700","$58,000","$59,500","$61,900","$62,700","$62,200","$63,500","$63,300","$62,800","$63,100","$65,000","$65,000","$65,800","$84,800","$89,200","$93,200","$96,200","$101,300","$101,100","$101,800","$102,400","$100,400","$99,700","$100,800","$100,800","$143,600","$150,000",-,-,-,-,-,-,-,-,-,-,-,-,-,-,-,-,-,-,-,-,-,-,-,-,-,-,-,-,-,-,-,-,-,-,-,-,-
100590,FB,111,CTMARTECH,A8501947 - Consulting Services - Fixed Bid,Tata Consultancy Services,TCS,Application maintenance and delivery services renewal,9/20/26,9/30/29,VRM200143,"$44,100","$128,700","$162,100","$152,300",,N,No,0,"K, Srikantesh",Execution Complete,Vendor onboarding completed,,,New,CTB,BC5100099,BC5100099,ATR730011,,3/31/26,9/18/26,900000590,62453992,,"$487,200",7800000590,TFT,Jordan Lee,ICEDQ,3111,798,C_Forecast,"DIV_1211 - Deposits, Operations and Debit Card Tech",8/7/26,"Kollapally, Suraj",AST0700589,,,,,,,,,-,"$12,300","$11,300","$10,600","$9,900","$10,000","$10,100","$10,300","$10,300","$10,600","$10,400","$10,600","$10,600","$11,300","$11,600","$11,400","$11,500","$11,700","$11,400","$12,800","$13,100","$12,700","$12,800","$13,000","$12,900","$14,700","$15,200","$15,800","$16,000","$15,900","$16,300","$16,200","$16,100","$16,200","$16,600","$16,600","$16,800","$21,600",-,-,-,-,-,-,-,-,-,-,-,-,-,-,-,-,-,-,-,-,-,-,-,-,-,-,-,-,-,-,-,-,-,-,-,-,-,-,-,-,-,-,-,-,-,-,-,-,-,-
100593,DEPR,113,CTBSTT,Fixed Assets (Peoplesoft) - DEPR,"ServiceNow, Inc.",ServiceNow,IT service management subscription enterprise agreement,10/13/26,10/31/27,VRM200138,"$91,200","$292,300",-,-,,N,No,0,"Tadas, Deepa P.",Execution Complete,Pricing validation in progress,0,,New,RTB,BC5100004,BC5100004,ATR730045,,3/7/26,7/23/26,900000593,79750370,,"$383,500",7800000593,,Reese Martin,WFIG,PO SR Required,8119,C_Forecast,DIV_1548 - Pmts Virt Sol Innov Platform Management,4/1/26,"Agarwal, Ushika",AST0700592,,,,,,,,,-,-,"$32,600","$30,400","$28,200","$28,300","$28,300","$28,700","$28,700","$29,200","$28,700","$28,900","$29,000","$30,900","$31,600",-,-,-,-,-,-,-,-,-,-,-,-,-,-,-,-,-,-,-,-,-,-,-,-,-,-,-,-,-,-,-,-,-,-,-,-,-,-,-,-,-,-,-,-,-,-,-,-,-,-,-,-,-,-,-,-,-,-,-,-,-,-,-,-,-,-,-,-,-,-,-,-,-
100591,SW,126,CTCPR,A8200045 - Software Maintenance,Accenture LLP,Accenture,Application development and consulting services enterprise agreement,10/6/26,10/31/28,VRM200229,"$118,500","$473,400","$481,900",-,,N,Yes,0,"Kollapally, Suraj",LOB Execution,Consolidated under enterprise agreement,,,New,RTB,BC5100027,BC5100027,ATR730027,,4/21/26,8/5/26,900000591,64686422,,"$1,073,800",7800000591,,Morgan Patel,SMT#2452 & SR#SR1994083716,387242,6956,C_Forecast,DIV_2921 - Cloud Infrastructure Engineering,4/1/26,"zz.Luloff, Julie",AST0700590,,,,,,,,,-,-,"$42,200","$39,500","$36,800","$37,100","$37,300","$38,000","$38,200","$38,900","$38,400","$38,700","$39,000","$41,500","$42,400","$41,800","$42,100","$42,800","$41,900","$46,900","$48,100","$46,900","$47,300","$48,400","$47,900","$55,000","$56,700",-,-,-,-,-,-,-,-,-,-,-,-,-,-,-,-,-,-,-,-,-,-,-,-,-,-,-,-,-,-,-,-,-,-,-,-,-,-,-,-,-,-,-,-,-,-,-,-,-,-,-,-,-,-,-,-,-,-,-,-,-
100592,SW,122,CTHLT,Fixed Assets (Peoplesoft) - SWM,Deloitte Consulting LLP,Deloitte,Technology consulting services renewal,9/16/26,9/30/28,VRM200148,"$707,300","$2,005,700","$1,817,000",-,VRM,Y,Yes,4933,"K, Srikantesh",Finance - Managing,Consolidated under enterprise agreement,,,New,CTB,BC5100033,BC5100033,ATR730017,Web Server,2/6/26,6/17/26,900000592,72173433,,"$4,530,000",7800000592,,Priya Shah,SFCOE,192322,9134,C_Forecast,DIV_1307 - Pmts Virt Sol Innov and Cons Bkg Tech Admin,5/16/26,"Matera, Jill",AST0700591,,,,,,,,,-,"$198,200","$181,800","$169,700","$157,600","$158,700","$159,200","$161,800","$162,200","$164,800","$162,300","$163,800","$164,600","$175,000","$178,800","$176,400","$178,100","$181,300","$177,600","$199,300","$205,100","$200,500","$202,700","$207,600","$205,900","$237,000",-,-,-,-,-,-,-,-,-,-,-,-,-,-,-,-,-,-,-,-,-,-,-,-,-,-,-,-,-,-,-,-,-,-,-,-,-,-,-,-,-,-,-,-,-,-,-,-,-,-,-,-,-,-,-,-,-,-,-,-,-,-
100596,SW,142,CTSB,Fixed Assets (Peoplesoft) - SWL,Accenture LLP,Accenture,Application development and consulting services,11/9/26,11/30/32,VRM200145,"$52,000","$331,800","$415,600","$567,400",,N,Yes,,"K, Srikantesh",LOB Review,Renewal documentation completed,,-,Commited,CTB,BC5100002,BC5100002,ATR730011,,4/12/26,10/2/26,900000596,79750370,,"$6,823,200",7800000596,,Priya Shah,1CR5,PO SR Required,9193,C_Forecast,DIV_1307 - Pmts Virt Sol Innov and Cons Bkg Tech Admin,5/8/26,"Matera, Jill",,,,,,,,,,-,-,-,"$26,900","$25,100","$25,500","$25,700","$26,300","$26,600","$27,200","$26,900","$27,300","$27,500","$29,300","$30,000","$29,600","$29,900","$30,300","$29,600","$33,000","$33,700","$32,700","$32,900","$33,400","$32,900","$37,600","$38,600","$40,200","$40,700","$40,400","$41,200","$41,100","$40,800","$41,000","$42,200","$42,200","$42,700","$55,000","$57,900","$60,500","$62,400","$65,800","$65,600","$66,100","$66,500","$65,200","$64,700","$65,400","$65,400","$93,200","$97,300","$108,400","$109,300","$115,900","$112,200","$112,200","$111,000","$110,900","$110,600","$111,100","$109,500","$166,100","$172,900","$185,300","$194,500","$208,300","$213,400","$213,000","$214,100","$216,900","$213,500","$219,400","$220,000","$378,500","$399,800","$414,400",-,-,-,-,-,-,-,-,-,-,-,-
100598,DEPR,141,CTARCHENG,Fixed Assets (Peoplesoft) - DEPR,Google LLC,Google Cloud,Cloud data and analytics services enterprise agreement,12/4/26,12/31/28,VRM200102,"$12,900","$166,500","$211,300",-,,N,Yes,,"K, Srikantesh",Submitted to Sponsor,Invoice schedule under review,0,,New,CTB,BC5100057,BC5100035,ATR730066,,5/21/26,9/7/26,900000598,64932177,,"$390,700",7800000598,,Jordan Lee,ATMP,6108,6832,C_Forecast,DIV_1550 - Branch Operations Enablement,6/16/26,System,AST0700597,,,,,,,,,-,-,-,-,"$12,900","$13,100","$13,100","$13,400","$13,400","$13,700","$13,500","$13,600","$13,700","$14,600","$14,900","$14,700","$14,800","$15,100","$14,700","$16,500","$16,900","$16,500","$16,700","$17,000","$16,800","$19,300","$19,900","$20,800","$21,100",-,-,-,-,-,-,-,-,-,-,-,-,-,-,-,-,-,-,-,-,-,-,-,-,-,-,-,-,-,-,-,-,-,-,-,-,-,-,-,-,-,-,-,-,-,-,-,-,-,-,-,-,-,-,-,-,-,-,-
100599,T&M,139,CTSB,A8501946 - Outsourcing Contract - Time & Materials,"Fiserv, Inc.",Fiserv,Payments processing software and support enterprise agreement,9/15/26,9/30/27,VRM200139,"$176,500","$367,500",-,-,beeline#,Y,Yes,,"K, Srikantesh",LOB Execution,Security assessment completed,,,Commited,CTB,BC5100104,BC5100103,ATR730035,,2/15/26,8/26/26,900000599,24226673,,"$544,000",7800000599,,Riley Kim,TTMS,998528,8752,C_Forecast,"DIV_1211 - Deposits, Operations and Debit Card Tech",8/7/26,"Matera, Jill",AST0700598,,,,,,,,,-,"$49,500","$45,400","$42,300","$39,300","$39,600","$39,700","$40,400","$40,500","$41,100","$40,500","$40,900","$41,100","$43,700",-,-,-,-,-,-,-,-,-,-,-,-,-,-,-,-,-,-,-,-,-,-,-,-,-,-,-,-,-,-,-,-,-,-,-,-,-,-,-,-,-,-,-,-,-,-,-,-,-,-,-,-,-,-,-,-,-,-,-,-,-,-,-,-,-,-,-,-,-,-,-,-,-,-
100600,SAAS,124,CTHLT,Fixed Assets (Peoplesoft) - SAAS,"Datadog, Inc.",Datadog,Cloud monitoring and observability subscription,9/23/26,9/30/28,VRM200167,"$295,000","$825,800","$756,800",-,,N,Yes,4933,"Tadas, Deepa P.",Management Review,Migration dependency tracked,,-,Renewal,CTB,BC5100089,BC5100097,ATR730050,Web Server,7/12/26,9/16/26,900000600,46554731,,"$1,877,600",7800000600,,Riley Kim,BREF,1458,MarTech,C_Forecast,DIV_2636 - Teller,2/20/26,"Tadas, Deepa P.",AST0700599,,,,,,,,,-,"$82,900","$75,900","$70,700","$65,500","$65,800","$65,900","$66,800","$66,900","$67,800","$66,700","$67,300","$67,600","$71,800","$73,400","$72,500","$73,300","$74,800","$73,400","$82,600","$85,200","$83,500","$84,600","$86,900","$86,300","$99,500",-,-,-,-,-,-,-,-,-,-,-,-,-,-,-,-,-,-,-,-,-,-,-,-,-,-,-,-,-,-,-,-,-,-,-,-,-,-,-,-,-,-,-,-,-,-,-,-,-,-,-,-,-,-,-,-,-,-,-,-,-,-
100615,SW,128,CTEDP,A8200050 - Software License,AT&T Corp.,AT&T,Network and telecommunications services,10/18/26,10/31/27,VRM200208,"$69,500","$220,600",-,-,,N,No,0,"Tadas, Deepa P.",Execution Complete,Security assessment completed,,,Commited,RTB,BC5100074,BC5100074,ATR730004,,4/17/26,4/27/26,900000615,55957750,,"$290,100",7800000615,,Jordan Lee,BREF,7500,5469,C_Forecast,DIV_1548 - Pmts Virt Sol Innov Platform Management,3/13/26,"Tadas, Deepa P.",,,,,,,,,,-,-,"$24,900","$23,200","$21,400","$21,500","$21,400","$21,700","$21,700","$22,000","$21,600","$21,800","$21,900","$23,200","$23,800",-,-,-,-,-,-,-,-,-,-,-,-,-,-,-,-,-,-,-,-,-,-,-,-,-,-,-,-,-,-,-,-,-,-,-,-,-,-,-,-,-,-,-,-,-,-,-,-,-,-,-,-,-,-,-,-,-,-,-,-,-,-,-,-,-,-,-,-,-,-,-,-,-
100616,SW,133,CTBSTT,A8200045 - Software Maintenance,Tata Consultancy Services,TCS,Application maintenance and delivery services renewal,9/8/26,3/31/28,VRM200199,"$91,300","$250,800","$71,100",-,VRM status,Y,Yes,0,"S, Rajashekar",New,Security assessment completed,,,Renewal,RTB,BC5100095,BC5100107,ATR730002,,7/5/26,8/5/26,900000616,55627280,,"$413,200",7800000616,TFT,Priya Shah,DCSN,699398,MarTech,C_Forecast,DIV_2842 - Digital Channel Technology,7/25/26,"Tadas, Deepa P.",AST0700615,,,,,,,,,-,"$25,800","$23,600","$21,800","$20,100","$20,200","$20,100","$20,300","$20,300","$20,500","$20,200","$20,300","$20,400","$21,700","$22,300","$22,100","$22,400","$22,900","$22,600","$25,600",-,-,-,-,-,-,-,-,-,-,-,-,-,-,-,-,-,-,-,-,-,-,-,-,-,-,-,-,-,-,-,-,-,-,-,-,-,-,-,-,-,-,-,-,-,-,-,-,-,-,-,-,-,-,-,-,-,-,-,-,-,-,-,-,-,-,-,-
100601,SW,116,CTDLR,A8200050 - Software License,Infosys Limited,Infosys,Managed application support services renewal,12/4/26,12/31/30,VRM200213,"$79,000","$987,800","$1,307,300","$1,781,700",,N,Yes,0,"zz.Brennecke, Jana",LOB Execution,Legal review pending,0,,New,RTB,BC5100117,BC5100117,ATR730059,,11/5/26,11/15/26,900000601,15162594,,"$6,933,500",7800000601,TFT,Cameron Smith,SMT#2452 & SR#SR1994083716,9218,5842,C_Forecast,"DIV_1211 - Deposits, Operations and Debit Card Tech",5/6/26,"zz.Brennecke, Jana",AST0700600,,,,,,,,,-,-,-,-,"$79,000","$79,100","$79,100","$80,100","$80,000","$81,000","$79,600","$80,200","$80,600","$85,700","$87,700","$86,800","$87,900","$89,800","$88,400","$99,600","$103,000","$101,200","$102,900","$105,700","$105,300","$121,400","$125,500","$131,300","$133,200","$132,300","$134,700","$133,800","$132,100","$131,700","$134,300","$133,100","$133,200","$169,800","$176,900","$182,900","$186,900","$195,200","$193,400","$193,700","$194,400","$190,400","$189,200","$192,100","$193,200","$277,500","$292,700","$329,700","$336,200",-,-,-,-,-,-,-,-,-,-,-,-,-,-,-,-,-,-,-,-,-,-,-,-,-,-,-,-,-,-,-,-,-,-,-
100602,SAAS,112,CTPLATFORM,A8201904 - Software as a Service,Deloitte Consulting LLP,Deloitte,Technology consulting services enterprise agreement,10/11/26,10/31/31,VRM200197,"$27,300","$104,700","$140,900","$190,200",,N,Yes,,"S, Rajashekar",LOB Execution,Includes affiliate services,0,-,Commited,CTB,BC5100030,BC5100086,ATR730025,,3/15/26,3/29/26,900000602,24292245,,"$1,188,900",7800000602,,Riley Kim,1DBI,288768,MarTech,C_Forecast,DIV_1550 - Branch Operations Enablement,5/21/26,"Agarwal, Ushika",AST0700601,,,,,,,,,-,-,"$9,800","$9,100","$8,400","$8,400","$8,400","$8,500","$8,500","$8,600","$8,400","$8,500","$8,500","$9,100","$9,300","$9,200","$9,300","$9,600","$9,400","$10,700","$11,100","$10,900","$11,100","$11,400","$11,400","$13,100","$13,600","$14,200","$14,400","$14,300","$14,500","$14,400","$14,200","$14,100","$14,400","$14,200","$14,200","$18,000","$18,700","$19,400","$19,800","$20,600","$20,400","$20,500","$20,600","$20,200","$20,100","$20,400","$20,600","$29,600","$31,300","$35,400","$36,200","$38,900","$38,200","$38,700","$38,600","$38,900","$39,000","$39,300","$38,800","$58,700","$60,800",-,-,-,-,-,-,-,-,-,-,-,-,-,-,-,-,-,-,-,-,-,-,-,-,-
100603,DATA,115,CTCPR,A8590820 - Other Outside Data Processing,"Salesforce, Inc.",Salesforce,Customer relationship management platform,10/14/26,10/31/30,VRM200135,"$153,100","$629,000","$787,700","$1,075,400",,N,Yes,,"S, Rajashekar",Submitted to Sponsor,Consolidated under enterprise agreement,,,Commited,CTB,BC5100000,BC5100000,ATR730010,,8/26/26,9/18/26,900000603,81722199,,"$4,000,800",7800000603,,Cameron Smith,PWDW,540508,7637,C_Forecast,DIV_1307 - Pmts Virt Sol Innov and Cons Bkg Tech Admin,2/25/26,System,,,,,,,,,,-,-,"$54,400","$51,000","$47,700","$48,300","$48,800","$49,900","$50,400","$51,500","$51,000","$51,700","$52,200","$55,600","$56,900","$56,100","$56,600","$57,400","$56,000","$62,500","$63,900","$62,100","$62,300","$63,300","$62,400","$71,300","$73,200","$76,200","$77,100","$76,500","$78,100","$77,900","$77,300","$77,700","$79,900","$80,000","$80,900","$104,300","$109,800","$114,700","$118,300","$124,700","$124,400","$125,200","$126,000","$123,500","$122,600","$124,000","$124,000","$176,700","$184,500",-,-,-,-,-,-,-,-,-,-,-,-,-,-,-,-,-,-,-,-,-,-,-,-,-,-,-,-,-,-,-,-,-,-,-,-,-
100604,SW,124,CTDLR,Fixed Assets (Peoplesoft) - SWL,"Oracle America, Inc.",Oracle,Database platform licensing and maintenance enterprise agreement,9/9/26,9/30/30,VRM200181,"$244,900","$715,200","$900,600","$1,237,600",,N,No,,"zz.Luloff, Julie",Execution Complete,No action required,,,Commited,RTB,BC5100098,BC5100098,ATR730023,,8/21/26,8/31/26,900000604,24256323,,"$4,424,500",7800000604,,Riley Kim,QLTRCS,2159,6819,C_Forecast,DIV_2714 - Enterprise Data Platforms,6/2/26,"zz.Brennecke, Jana",AST0700603,,,,,,,,,-,"$68,300","$62,800","$58,900","$54,900","$55,500","$56,000","$57,100","$57,500","$58,700","$58,000","$58,700","$59,100","$62,900","$64,300","$63,400","$64,000","$64,900","$63,400","$70,900","$72,600","$70,600","$71,100","$72,400","$71,500","$81,900","$84,300","$87,900","$89,100","$88,500","$90,400","$90,100","$89,500","$89,800","$92,300","$92,200","$93,100","$119,800","$125,800","$131,100","$135,000","$141,900","$141,300","$142,000","$142,700","$139,700","$138,600","$140,100","$140,100","$199,800",-,-,-,-,-,-,-,-,-,-,-,-,-,-,-,-,-,-,-,-,-,-,-,-,-,-,-,-,-,-,-,-,-,-,-,-,-,-
100605,SAAS,121,CTDLR,Fixed Assets (Peoplesoft) - SAAS,Adobe Inc.,Adobe,Digital experience platform subscription renewal,12/2/26,12/31/29,VRM200193,"$31,700","$408,100","$518,400","$714,700",,N,Yes,4933,"Tadas, Deepa P.",Finance - Confirming,Consolidated under enterprise agreement,,-,New,CTB,BC5100003,BC5100003,ATR730044,,9/4/26,11/9/26,900000605,99826360,,"$1,672,900",7800000605,,Cameron Smith,SMT#2144,1826,MarTech,C_Forecast,DIV_2921 - Cloud Infrastructure Engineering,7/5/26,"zz.Luloff, Julie",AST0700604,,,,,,,,,-,-,-,-,"$31,700","$32,000","$32,200","$32,800","$32,900","$33,500","$33,100","$33,400","$33,600","$35,800","$36,500","$36,000","$36,300","$36,900","$36,100","$40,400","$41,500","$40,500","$40,800","$41,700","$41,300","$47,400","$48,900","$51,100","$51,800","$51,500","$52,600","$52,400","$52,000","$52,100","$53,400","$53,300","$53,700","$69,000","$72,300","$75,200","$77,200",-,-,-,-,-,-,-,-,-,-,-,-,-,-,-,-,-,-,-,-,-,-,-,-,-,-,-,-,-,-,-,-,-,-,-,-,-,-,-,-,-,-,-,-,-,-,-
100606,SW,110,CTSB,A8200050 - Software License,Verizon Business Network Services,Verizon,Enterprise telecommunications services enterprise agreement,9/5/26,9/30/30,VRM200210,"$80,300","$227,700","$292,700","$403,000",,N,No,0,"zz.Brennecke, Jana",Execution Complete,No action required,0,,Commited,CTB,BC5100061,BC5100043,ATR730078,,2/20/26,9/5/26,900000606,12345780,,"$1,423,500",7800000606,,Alex Morgan,TTMS,863731,4315,C_Forecast,DIV_1548 - Pmts Virt Sol Innov Platform Management,1/8/26,"Tadas, Deepa P.",,,,,,,,,,-,"$22,500","$20,600","$19,300","$17,900","$18,000","$18,100","$18,400","$18,400","$18,700","$18,400","$18,600","$18,700","$19,900","$20,300","$20,000","$20,200","$20,600","$20,200","$22,600","$23,300","$22,800","$23,000","$23,600","$23,400","$26,900","$27,800","$29,000","$29,500","$29,300","$29,900","$29,800","$29,500","$29,500","$30,200","$30,100","$30,300","$38,700","$40,500","$42,100","$43,100","$45,100","$44,800","$44,900","$45,100","$44,100","$43,700","$44,300","$44,400","$63,400",-,-,-,-,-,-,-,-,-,-,-,-,-,-,-,-,-,-,-,-,-,-,-,-,-,-,-,-,-,-,-,-,-,-,-,-,-,-
100607,DEPR,131,CTCCPTPYMTS,Fixed Assets (Peoplesoft) - DEPR,IBM Corporation,IBM,Mainframe software and technical support enterprise agreement,10/16/26,10/31/32,VRM200139,"$45,600","$177,700","$231,500","$317,600",beeline#,Y,Yes,0,"K, Srikantesh",Submitted to Sponsor,Pending final statement of work,0,,New,CTB,BC5100013,BC5100013,ATR730063,,7/11/26,10/15/26,900000607,48053527,,"$3,552,300",7800000607,TFT,Jordan Lee,TTMS,8084,9809,C_Forecast,DIV_1307 - Pmts Virt Sol Innov and Cons Bkg Tech Admin,1/28/26,"Ashwathappa, Rakesh",,,,,,,,,,-,-,"$16,300","$15,200","$14,100","$14,200","$14,200","$14,400","$14,400","$14,600","$14,300","$14,500","$14,500","$15,400","$15,800","$15,600","$15,800","$16,100","$15,800","$17,800","$18,300","$17,900","$18,200","$18,700","$18,600","$21,400","$22,100","$23,100","$23,500","$23,300","$23,800","$23,700","$23,400","$23,400","$23,900","$23,700","$23,800","$30,400","$31,700","$32,900","$33,600","$35,200","$34,900","$34,900","$35,000","$34,300","$34,000","$34,500","$34,600","$49,600","$52,200","$58,700","$59,700","$63,900","$62,500","$63,100","$62,900","$63,300","$63,500","$64,000","$63,300","$96,000","$99,700","$106,500","$111,200","$118,400","$120,400","$119,200","$118,700","$119,200","$116,400","$118,600","$118,000","$201,700","$211,800",-,-,-,-,-,-,-,-,-,-,-,-,-
100631,DEPR,130,CTTOCIO,Fixed Assets (Peoplesoft) - DEPR,"Datadog, Inc.",Datadog,Cloud monitoring and observability subscription renewal,10/15/26,10/31/28,VRM200136,"$15,500","$63,700","$64,200",-,,N,Yes,,"Kollapally, Suraj",Analyst Review,Invoice schedule under review,0,-,Commited,RTB,BC5100030,BC5100104,ATR730064,,4/24/26,9/17/26,900000631,19838691,,"$143,400",7800000631,TFT,Reese Martin,MOD,2112,5018,C_Forecast,"DIV_1211 - Deposits, Operations and Debit Card Tech",8/7/26,System,AST0700630,,,,,,,,,-,-,"$5,500","$5,200","$4,800","$4,900","$4,900","$5,100","$5,100","$5,200","$5,200","$5,200","$5,300","$5,600","$5,800","$5,700","$5,700","$5,800","$5,700","$6,300","$6,500","$6,300","$6,300","$6,400","$6,300","$7,200","$7,400",-,-,-,-,-,-,-,-,-,-,-,-,-,-,-,-,-,-,-,-,-,-,-,-,-,-,-,-,-,-,-,-,-,-,-,-,-,-,-,-,-,-,-,-,-,-,-,-,-,-,-,-,-,-,-,-,-,-,-,-,-
100608,DATA,116,CTADMIN,A8590820 - Other Outside Data Processing,"ServiceNow, Inc.",ServiceNow,IT service management subscription renewal,11/11/26,11/30/31,VRM200236,"$10,900","$65,300","$86,500","$118,100",,N,Yes,,"zz.Brennecke, Jana",New,Migration dependency tracked,0,,Commited,RTB,BC5100036,BC5100036,ATR730006,,5/22/26,10/7/26,900000608,29829067,,"$768,300",7800000608,TFT,Dana Williams,DMSBA,1543,6802,C_Forecast,DIV_2383 - Consumer Lending Technology Architecture,3/8/26,"Matera, Jill",AST0700607,,,,,,,,,-,-,-,"$5,700","$5,200","$5,200","$5,200","$5,300","$5,300","$5,400","$5,300","$5,300","$5,300","$5,700","$5,800","$5,700","$5,800","$5,900","$5,900","$6,600","$6,800","$6,700","$6,800","$7,000","$7,000","$8,000","$8,300","$8,700","$8,800","$8,800","$8,900","$8,900","$8,800","$8,700","$8,900","$8,800","$8,800","$11,300","$11,700","$12,100","$12,400","$12,900","$12,800","$12,800","$12,900","$12,600","$12,500","$12,700","$12,800","$18,400","$19,400","$21,800","$22,300","$23,900","$23,400","$23,700","$23,700","$23,800","$23,900","$24,100","$23,800","$36,000","$37,400","$39,900",-,-,-,-,-,-,-,-,-,-,-,-,-,-,-,-,-,-,-,-,-,-,-,-
100609,SW,113,CTARCHENG,Fixed Assets (Peoplesoft) - SWL,Tata Consultancy Services,TCS,Application maintenance and delivery services,9/26/26,9/30/28,VRM200190,"$198,700","$544,900","$514,100",-,,N,No,0,"K, Srikantesh",Execution Complete,Invoice schedule under review,,,New,CTB,BC5100106,BC5100097,ATR730077,,1/30/26,9/11/26,900000609,93861256,,"$1,257,700",7800000609,,Dana Williams,AMT/ePIC,3087,MarTech,C_Forecast,DIV_3188 - Marketing Technology Enablement,4/11/26,"zz.Brennecke, Jana",AST0700608,,,,,,,,,-,"$56,200","$51,200","$47,500","$43,800","$43,800","$43,700","$44,200","$44,000","$44,600","$43,800","$44,100","$44,400","$47,200","$48,400","$48,000","$48,700","$49,900","$49,200","$55,600","$57,600","$56,800","$57,800","$59,500","$59,300","$68,400",-,-,-,-,-,-,-,-,-,-,-,-,-,-,-,-,-,-,-,-,-,-,-,-,-,-,-,-,-,-,-,-,-,-,-,-,-,-,-,-,-,-,-,-,-,-,-,-,-,-,-,-,-,-,-,-,-,-,-,-,-,-
100610,SW,111,CTADMIN,Fixed Assets (Peoplesoft) - SWM,FIS Global,FIS,Banking platform software and services enterprise agreement,12/19/26,12/31/31,VRM200222,"$16,100","$212,200","$265,800","$362,800",type/start,Y,Yes,,"Eckman, Bradley T.",LOB Review,Pricing validation in progress,,,Commited,RTB,BC5100040,BC5100040,ATR730006,Web Server,12/3/26,12/17/26,900000610,20721778,,"$2,485,100",7800000610,,Reese Martin,LVRMP,3778,5913,C_Forecast,DIV_3188 - Marketing Technology Enablement,8/7/26,"zz.Luloff, Julie",,,,,,,,,,-,-,-,-,"$16,100","$16,300","$16,500","$16,800","$17,000","$17,400","$17,200","$17,400","$17,600","$18,800","$19,200","$18,900","$19,100","$19,400","$18,900","$21,100","$21,600","$20,900","$21,000","$21,400","$21,000","$24,100","$24,700","$25,700","$26,000","$25,800","$26,300","$26,300","$26,100","$26,200","$27,000","$27,000","$27,300","$35,200","$37,000","$38,700","$39,900","$42,100","$42,000","$42,300","$42,500","$41,700","$41,400","$41,800","$41,800","$59,600","$62,300","$69,400","$69,900","$74,100","$71,800","$71,800","$71,000","$71,000","$70,700","$71,000","$70,100","$106,300","$110,600","$118,600","$124,400",-,-,-,-,-,-,-,-,-,-,-,-,-,-,-,-,-,-,-,-,-,-,-
100643,OEM,143,CTTOCIO,Fixed Assets (Peoplesoft) - OEM,"ServiceNow, Inc.",ServiceNow,IT service management subscription,9/4/26,9/30/28,VRM200162,"$133,600","$369,700","$343,400",-,,N,Yes,,"zz.Luloff, Julie",Submitted to Sponsor,Consolidated under enterprise agreement,,,New,RTB,BC5100083,BC5100083,ATR730075,,7/4/26,8/19/26,900000643,99857616,,"$846,700",7800000643,TFT,Morgan Patel,DCSN,328719,3419,C_Forecast,DIV_2636 - Teller,8/7/26,"zz.Brennecke, Jana",AST0700642,,,,,,,,,-,"$37,700","$34,400","$32,000","$29,500","$29,600","$29,600","$30,000","$29,900","$30,300","$29,800","$30,000","$30,200","$32,100","$32,800","$32,500","$32,900","$33,600","$33,100","$37,300","$38,600","$37,900","$38,500","$39,600","$39,400","$45,400",-,-,-,-,-,-,-,-,-,-,-,-,-,-,-,-,-,-,-,-,-,-,-,-,-,-,-,-,-,-,-,-,-,-,-,-,-,-,-,-,-,-,-,-,-,-,-,-,-,-,-,-,-,-,-,-,-,-,-,-,-,-
100611,SAAS,128,CTTOCIO,Fixed Assets (Peoplesoft) - SAAS,Adobe Inc.,Adobe,Digital experience platform subscription renewal,9/12/26,9/30/30,VRM200110,"$203,000","$592,900","$746,600","$1,026,000",,N,No,4933,"S, Rajashekar",Execution Complete,No action required,0,,Commited,RTB,BC5100011,BC5100011,ATR730076,Web Server,6/22/26,7/21/26,900000611,92795115,,"$3,668,000",7800000611,,Cameron Smith,CORE,189997,1477,C_Forecast,DIV_1307 - Pmts Virt Sol Innov and Cons Bkg Tech Admin,8/7/26,"K, Srikantesh",,,,,,,,,,-,"$56,600","$52,100","$48,800","$45,500","$46,000","$46,400","$47,400","$47,700","$48,600","$48,100","$48,600","$49,000","$52,200","$53,300","$52,600","$53,000","$53,800","$52,600","$58,700","$60,200","$58,500","$58,900","$60,000","$59,300","$67,900","$69,900","$72,900","$73,900","$73,400","$74,900","$74,700","$74,200","$74,400","$76,500","$76,500","$77,200","$99,300","$104,300","$108,700","$111,900","$117,600","$117,100","$117,700","$118,300","$115,800","$114,900","$116,200","$116,200","$165,700",-,-,-,-,-,-,-,-,-,-,-,-,-,-,-,-,-,-,-,-,-,-,-,-,-,-,-,-,-,-,-,-,-,-,-,-,-,-
100612,SW,130,CTBSTT,A8200045 - Software Maintenance,AT&T Corp.,AT&T,Network and telecommunications services,10/11/26,10/31/30,VRM200210,"$71,800","$286,500","$364,000","$501,600",VRM Status/beeline#,Y,Yes,,"zz.Luloff, Julie",LOB Review,Includes affiliate services,,,Commited,RTB,BC5100084,BC5100084,ATR730065,,6/26/26,8/29/26,900000612,35037909,,"$1,837,000",7800000612,TFT,Alex Morgan,PWDW,5959,MarTech,C_Forecast,DIV_1550 - Branch Operations Enablement,7/11/26,"Eckman, Bradly T.",AST0700611,,,,,,,,,-,-,"$25,600","$23,900","$22,300","$22,500","$22,600","$23,000","$23,100","$23,500","$23,200","$23,500","$23,600","$25,100","$25,600","$25,300","$25,500","$25,900","$25,400","$28,400","$29,100","$28,400","$28,700","$29,300","$29,000","$33,300","$34,300","$35,800","$36,400","$36,100","$36,900","$36,800","$36,500","$36,600","$37,500","$37,400","$37,700","$48,400","$50,700","$52,800","$54,200","$56,800","$56,500","$56,700","$56,900","$55,700","$55,200","$55,900","$55,900","$79,800","$83,700",-,-,-,-,-,-,-,-,-,-,-,-,-,-,-,-,-,-,-,-,-,-,-,-,-,-,-,-,-,-,-,-,-,-,-,-,-
100613,SW,123,CTTOCIO,Fixed Assets (Peoplesoft) - SWM,Microsoft Corporation,Microsoft,Enterprise software subscriptions and support enterprise agreement,9/18/26,9/30/32,VRM200202,"$167,000","$473,700","$608,500","$838,600",,N,Yes,,"K, Srikantesh",Management Review,Pricing validation in progress,0,,Renewal,RTB,BC5100017,BC5100017,ATR730076,Web Server,2/13/26,9/13/26,900000613,71578742,,"$8,877,000",7800000613,TFT,Cameron Smith,SAMP,8361,MarTech,C_Forecast,DIV_2636 - Teller,7/18/26,"Eckman, Bradly T.",AST0700612,,,,,,,,,-,"$46,800","$42,900","$40,100","$37,200","$37,500","$37,600","$38,200","$38,300","$38,900","$38,300","$38,700","$38,900","$41,300","$42,200","$41,700","$42,100","$42,800","$41,900","$47,100","$48,400","$47,300","$47,900","$49,000","$48,600","$56,000","$57,800","$60,400","$61,300","$61,000","$62,200","$62,000","$61,400","$61,400","$62,900","$62,600","$63,000","$80,600","$84,300","$87,500","$89,700","$93,900","$93,200","$93,500","$93,800","$91,700","$91,000","$92,100","$92,300","$132,000","$138,600","$155,300","$157,500","$168,300","$164,200","$165,500","$164,800","$165,600","$165,900","$167,300","$165,300","$250,900","$261,000","$279,200","$292,000","$311,500","$317,400","$315,000","$314,500","$316,500","$309,500","$316,000","$315,000","$538,900",-,-,-,-,-,-,-,-,-,-,-,-,-,-
100614,SAAS,119,CTARCHENG,A8201904 - Software as a Service,Microsoft Corporation,Microsoft,Enterprise software subscriptions and support enterprise agreement,10/2/26,10/31/30,VRM200164,"$77,700","$302,900","$394,400","$541,200",,N,Yes,0,"K, Srikantesh",Finance - Managing,Security assessment completed,0,,Renewal,RTB,BC5100051,BC5100051,ATR730037,Web Server,2/25/26,4/2/26,900000614,21371525,,"$1,962,500",7800000614,TFT,Jamie Chen,MOD,584436,373,C_Forecast,DIV_1307 - Pmts Virt Sol Innov and Cons Bkg Tech Admin,3/25/26,System,AST0700613,,,,,,,,,-,-,"$27,800","$25,900","$24,000","$24,100","$24,200","$24,500","$24,500","$24,900","$24,500","$24,700","$24,800","$26,300","$26,900","$26,600","$26,900","$27,400","$26,900","$30,300","$31,200","$30,600","$31,000","$31,800","$31,600","$36,500","$37,700","$39,400","$40,000","$39,800","$40,500","$40,300","$39,900","$39,800","$40,700","$40,400","$40,600","$51,800","$54,100","$56,000","$57,300","$59,900","$59,400","$59,500","$59,700","$58,400","$58,000","$58,800","$59,000","$84,600","$89,000",-,-,-,-,-,-,-,-,-,-,-,-,-,-,-,-,-,-,-,-,-,-,-,-,-,-,-,-,-,-,-,-,-,-,-,-,-
100617,FB,125,CTTOCIO,A8501947 - Consulting Services - Fixed Bid,"Datadog, Inc.",Datadog,Cloud monitoring and observability subscription enterprise agreement,11/25/26,11/30/33,VRM200222,"$67,800","$432,100","$541,200","$738,900",,N,Yes,0,"S, Rajashekar",LOB Execution,Pending final statement of work,0,,New,CTB,BC5100026,BC5100026,ATR730025,,4/1/26,4/3/26,900000617,17731304,,"$39,149,200",7800000617,,Cameron Smith,GLDMN,PO SR Required,4904,C_Forecast,DIV_2714 - Enterprise Data Platforms,7/10/26,"zz.Luloff, Julie",AST0700616,,,,,,,,,-,-,-,"$35,100","$32,700","$33,200","$33,500","$34,300","$34,600","$35,400","$35,000","$35,500","$35,800","$38,200","$39,100","$38,600","$38,900","$39,500","$38,500","$43,000","$43,900","$42,600","$42,800","$43,500","$42,800","$49,000","$50,300","$52,300","$53,000","$52,600","$53,600","$53,500","$53,100","$53,400","$54,900","$55,000","$55,600","$71,700","$75,400","$78,800","$81,300","$85,600","$85,400","$86,000","$86,600","$84,900","$84,200","$85,200","$85,200","$121,400","$126,800","$141,200","$142,300","$150,900","$146,200","$146,200","$144,600","$144,500","$144,000","$144,700","$142,700","$216,400","$225,200","$241,400","$253,300","$271,300","$278,000","$277,500","$278,800","$282,400","$278,100","$285,700","$286,600","$493,000","$520,800","$539,700","$586,600","$789,500","$780,500","$778,600","$770,700","$758,700","$757,100","$751,100","$746,900","$4,192,700","$4,153,600","$15,196,400"
100621,FB,131,CTDLR,A8501945 - Outsourcing Contract - Fixed Bid,Google LLC,Google Cloud,Cloud data and analytics services enterprise agreement,12/25/26,12/31/27,VRM200217,"$52,100","$657,300",-,-,,N,No,0,"zz.Luloff, Julie",Execution Complete,Security assessment completed,,-,Renewal,CTB,BC5100104,BC5100104,ATR730067,,7/29/26,11/10/26,900000621,16170894,,"$709,400",7800000621,TFT,Morgan Patel,CFSBI,1201,9457,C_Forecast,DIV_1548 - Pmts Virt Sol Innov Platform Management,5/13/26,"zz.Brennecke, Jana",AST0700620,,,,,,,,,-,-,-,-,"$52,100","$52,400","$52,400","$53,200","$53,200","$54,000","$53,100","$53,500","$53,800","$57,200","$58,400","$57,700","$58,400",-,-,-,-,-,-,-,-,-,-,-,-,-,-,-,-,-,-,-,-,-,-,-,-,-,-,-,-,-,-,-,-,-,-,-,-,-,-,-,-,-,-,-,-,-,-,-,-,-,-,-,-,-,-,-,-,-,-,-,-,-,-,-,-,-,-,-,-,-,-,-
100626,SW,129,CTPLATFORM,Fixed Assets (Peoplesoft) - SWM,Deloitte Consulting LLP,Deloitte,Technology consulting services,9/27/26,3/31/28,VRM200155,"$98,300","$282,600","$78,600",-,,N,Yes,0,"Eckman, Bradley T.",LOB Execution,Budget owner confirmed,,-,New,RTB,BC5100095,BC5100066,ATR730054,Web Server,6/8/26,7/7/26,900000626,87080284,,"$459,500",7800000626,TFT,Morgan Patel,GLDMN,834178,3786,C_Forecast,DIV_2921 - Cloud Infrastructure Engineering,7/10/26,"Kollapally, Suraj",,,,,,,,,,-,"$27,500","$25,200","$23,600","$22,000","$22,200","$22,300","$22,700","$22,800","$23,200","$22,900","$23,100","$23,300","$24,700","$25,300","$24,900","$25,200","$25,600","$25,000","$28,000",-,-,-,-,-,-,-,-,-,-,-,-,-,-,-,-,-,-,-,-,-,-,-,-,-,-,-,-,-,-,-,-,-,-,-,-,-,-,-,-,-,-,-,-,-,-,-,-,-,-,-,-,-,-,-,-,-,-,-,-,-,-,-,-,-,-,-,-
100619,SAAS,139,CTDLR,A8201904 - Software as a Service,Verizon Business Network Services,Verizon,Enterprise telecommunications services enterprise agreement,12/13/26,12/31/33,VRM200183,"$17,000","$219,000","$278,100","$383,300",,N,Yes,0,"zz.Luloff, Julie",Finance - Managing,Invoice schedule under review,,-,Commited,RTB,BC5100105,BC5100017,ATR730062,,5/23/26,7/15/26,900000619,39003177,,"$38,566,500",7800000619,,Jamie Chen,ACCLQ,485660,MarTech,C_Forecast,DIV_1307 - Pmts Virt Sol Innov and Cons Bkg Tech Admin,4/16/26,"Abiodun, Dare",,,,,,,,,,-,-,-,-,"$17,000","$17,200","$17,300","$17,600","$17,700","$18,000","$17,700","$17,900","$18,000","$19,200","$19,600","$19,300","$19,500","$19,800","$19,400","$21,700","$22,300","$21,700","$21,900","$22,400","$22,100","$25,400","$26,200","$27,400","$27,800","$27,600","$28,200","$28,100","$27,900","$27,900","$28,700","$28,600","$28,800","$37,000","$38,800","$40,300","$41,400","$43,400","$43,200","$43,300","$43,500","$42,600","$42,200","$42,700","$42,700","$61,000","$63,900","$71,500","$72,300","$77,100","$75,000","$75,400","$74,900","$75,200","$75,200","$75,800","$74,900","$113,700","$118,400","$126,800","$132,800","$141,900","$144,900","$144,100","$144,200","$145,400","$142,500","$145,800","$145,600","$249,500","$262,600","$271,400","$294,400","$395,800","$391,100","$390,400","$387,100","$382,000","$382,500","$381,100","$380,700","$2,147,600","$2,138,300","$7,861,700"
100620,T&M,120,CTCCPTPYMTS,A8501946 - Outsourcing Contract - Time & Materials,Broadcom Inc.,Broadcom,Infrastructure software maintenance enterprise agreement,11/10/26,11/30/30,VRM200192,"$59,900","$367,000","$471,700","$649,700",,N,Yes,0,"S, Rajashekar",Finance - Managing,No action required,,,Renewal,RTB,BC5100042,BC5100042,ATR730059,,8/10/26,8/10/26,900000620,24564257,,"$2,453,000",7800000620,,Taylor Brooks,DMSBA,992141,MarTech,C_Forecast,DIV_1548 - Pmts Virt Sol Innov Platform Management,2/5/26,"Ashwathappa, Rakesh",AST0700619,,,,,,,,,-,-,-,"$31,100","$28,800","$29,000","$29,100","$29,600","$29,700","$30,200","$29,700","$30,000","$30,100","$32,000","$32,700","$32,300","$32,600","$33,200","$32,500","$36,500","$37,500","$36,700","$37,100","$38,000","$37,700","$43,400","$44,800","$46,800","$47,500","$47,200","$48,200","$48,000","$47,600","$47,600","$48,700","$48,500","$48,800","$62,500","$65,300","$67,800","$69,500","$72,800","$72,200","$72,400","$72,700","$71,100","$70,500","$71,400","$71,500","$102,300","$107,400","$120,400",-,-,-,-,-,-,-,-,-,-,-,-,-,-,-,-,-,-,-,-,-,-,-,-,-,-,-,-,-,-,-,-,-,-,-,-
100622,FB,121,CTMARTECH,A8501945 - Outsourcing Contract - Fixed Bid,Google LLC,Google Cloud,Cloud data and analytics services,10/15/26,10/31/30,VRM200178,"$111,800","$430,800","$570,400","$777,300",,N,No,,"S, Rajashekar",Execution Complete,Vendor onboarding completed,,,New,RTB,BC5100009,BC5100009,ATR730069,,7/8/26,8/23/26,900000622,99975075,,"$2,811,500",7800000622,TFT,Dana Williams,BDCMS,5532,MarTech,C_Forecast,DIV_2636 - Teller,4/8/26,"Agarwal, Ushika",AST0700621,,,,,,,,,-,-,"$40,100","$37,300","$34,400","$34,500","$34,500","$34,900","$34,900","$35,300","$34,700","$35,000","$35,200","$37,400","$38,300","$37,800","$38,300","$39,200","$38,500","$43,500","$44,900","$44,200","$44,900","$46,100","$45,900","$53,000","$54,800","$57,300","$58,100","$57,700","$58,800","$58,400","$57,600","$57,400","$58,600","$58,100","$58,100","$74,100","$77,200","$79,800","$81,500","$85,100","$84,400","$84,500","$84,800","$83,000","$82,500","$83,800","$84,300","$121,100","$127,700",-,-,-,-,-,-,-,-,-,-,-,-,-,-,-,-,-,-,-,-,-,-,-,-,-,-,-,-,-,-,-,-,-,-,-,-,-
100623,DEPR,111,CTPLATFORM,Fixed Assets (Peoplesoft) - DEPR,"Amazon Web Services, Inc.",AWS,Cloud infrastructure and managed services,10/19/26,4/30/28,VRM200112,"$98,200","$375,200","$146,200",-,,N,Yes,0,"zz.Ejiofor, Justina",Submitted to Sponsor,Pending final statement of work,,-,Renewal,CTB,BC5100054,BC5100052,ATR730021,,5/10/26,6/23/26,900000623,72931216,,"$619,600",7800000623,TFT,Jordan Lee,ATMP,4223,9312,C_Forecast,DIV_1307 - Pmts Virt Sol Innov and Cons Bkg Tech Admin,2/5/26,"zz.Brennecke, Jana",AST0700622,,,,,,,,,-,-,"$35,300","$32,700","$30,200","$30,200","$30,100","$30,400","$30,300","$30,700","$30,200","$30,400","$30,600","$32,500","$33,300","$33,000","$33,500","$34,300","$33,900","$38,300","$39,700",-,-,-,-,-,-,-,-,-,-,-,-,-,-,-,-,-,-,-,-,-,-,-,-,-,-,-,-,-,-,-,-,-,-,-,-,-,-,-,-,-,-,-,-,-,-,-,-,-,-,-,-,-,-,-,-,-,-,-,-,-,-,-,-,-,-,-
100624,DATA,113,CTEDP,A8590820 - Other Outside Data Processing,"Fiserv, Inc.",Fiserv,Payments processing software and support renewal,9/6/26,9/30/30,VRM200156,"$214,900","$636,600","$797,500","$1,088,900",,N,Yes,,"Eckman, Bradley T.",Submitted to Sponsor,Pricing validation in progress,,,Commited,CTB,BC5100015,BC5100015,ATR730052,,1/27/26,2/25/26,900000624,74601581,,"$3,923,600",7800000624,,Avery Johnson,SMT#2452 & SR#SR1994083716,2710,1014,C_Forecast,DIV_2636 - Teller,2/19/26,"Agarwal, Ushika",AST0700623,,,,,,,,,-,"$59,800","$55,100","$51,700","$48,300","$48,900","$49,400","$50,500","$51,000","$52,100","$51,600","$52,300","$52,800","$56,300","$57,600","$56,800","$57,300","$58,200","$56,700","$63,300","$64,700","$62,800","$63,100","$64,100","$63,100","$72,200","$74,100","$77,100","$78,100","$77,500","$79,100","$78,800","$78,300","$78,600","$80,900","$81,000","$81,900","$105,600","$111,200","$116,200","$119,800","$126,200","$125,900","$126,800","$127,600","$125,100","$124,100","$125,600","$125,500","$178,900",-,-,-,-,-,-,-,-,-,-,-,-,-,-,-,-,-,-,-,-,-,-,-,-,-,-,-,-,-,-,-,-,-,-,-,-,-,-
100625,SW,119,CTTOCIO,Fixed Assets (Peoplesoft) - SWM,Accenture LLP,Accenture,Application development and consulting services renewal,12/4/26,12/31/32,VRM200177,"$76,300","$994,300","$1,251,700","$1,720,000",end date with fcst,Y,No,,"Tadas, Deepa P.",Execution Complete,Pricing validation in progress,,,New,RTB,BC5100012,BC5100012,ATR730050,Web Server,9/14/26,10/12/26,900000625,51060710,,"$21,827,700",7800000625,TFT,Dana Williams,ACCLQ,1599,1322,C_Forecast,DIV_3188 - Marketing Technology Enablement,1/16/26,"K, Srikantesh",AST0700624,,,,,,,,,-,-,-,-,"$76,300","$77,200","$77,800","$79,400","$79,900","$81,600","$80,600","$81,600","$82,200","$87,500","$89,400","$88,200","$88,900","$90,300","$88,100","$98,500","$100,900","$98,100","$98,800","$100,600","$99,400","$113,900","$117,100","$122,200","$123,800","$123,000","$125,600","$125,300","$124,300","$124,800","$128,200","$128,200","$129,400","$166,500","$174,800","$182,300","$187,600","$197,200","$196,300","$197,300","$198,300","$194,200","$192,600","$194,800","$194,800","$277,700","$290,500","$324,200","$327,300","$347,800","$337,800","$338,700","$335,800","$336,300","$335,900","$338,000","$333,700","$506,500","$527,300","$565,100","$592,500","$634,100","$648,700","$646,300","$648,200","$655,200","$643,600","$659,800","$660,300","$1,133,700","$1,195,300","$1,236,800","$1,342,800",-,-,-,-,-,-,-,-,-,-,-
100628,SW,129,CTHLT,A8200050 - Software License,"ServiceNow, Inc.",ServiceNow,IT service management subscription enterprise agreement,10/10/26,10/31/33,VRM200183,"$103,900","$404,300","$526,700","$723,000",VRM status,Y,Yes,,"Kollapally, Suraj",LOB Review,Migration dependency tracked,,,Commited,RTB,BC5100055,BC5100055,ATR730064,,8/7/26,8/15/26,900000628,72661983,,"$22,989,100",7800000628,TFT,Jamie Chen,CDP2C,709866,MarTech,C_Forecast,DIV_2842 - Digital Channel Technology,8/7/26,"Matera, Jill",,,,,,,,,,-,-,"$37,200","$34,600","$32,100","$32,200","$32,300","$32,700","$32,700","$33,200","$32,700","$32,900","$33,100","$35,200","$35,900","$35,500","$35,900","$36,600","$35,900","$40,400","$41,700","$40,900","$41,400","$42,500","$42,300","$48,700","$50,300","$52,600","$53,400","$53,100","$54,100","$53,900","$53,300","$53,200","$54,400","$54,000","$54,200","$69,200","$72,200","$74,800","$76,600","$80,100","$79,400","$79,500","$79,800","$78,100","$77,500","$78,500","$78,800","$113,000","$118,900","$133,600","$135,800","$145,500","$142,300","$143,700","$143,300","$144,200","$144,500","$145,800","$144,000","$218,500","$227,000","$242,500","$253,200","$269,500","$274,100","$271,400","$270,300","$271,500","$264,900","$269,900","$268,700","$459,100","$482,300","$497,800","$539,900","$726,200","$718,800","$719,300","$715,600","$709,100","$713,300","$714,100","$717,000","$4,065,000","$4,065,900",-
100629,SW,132,CTMARTECH,Fixed Assets (Peoplesoft) - SWM,"Cisco Systems, Inc.",Cisco,Network hardware maintenance and support enterprise agreement,11/12/26,11/30/28,VRM200195,"$63,400","$380,900","$452,800",-,,N,Yes,0,"Eckman, Bradley T.",Management Review,Renewal documentation completed,,,Renewal,CTB,BC5100107,BC5100031,ATR730054,,8/12/26,10/11/26,900000629,17985831,,"$897,100",7800000629,,Casey Rivera,ATMP,6007,MarTech,C_Forecast,DIV_2714 - Enterprise Data Platforms,2/6/26,"Abiodun, Dare",,,,,,,,,,-,-,-,"$32,900","$30,500","$30,500","$30,500","$30,900","$30,800","$31,200","$30,700","$30,900","$31,100","$33,100","$33,800","$33,500","$33,900","$34,600","$34,100","$38,400","$39,700","$39,000","$39,700","$40,800","$40,600","$46,800","$48,400","$50,700",-,-,-,-,-,-,-,-,-,-,-,-,-,-,-,-,-,-,-,-,-,-,-,-,-,-,-,-,-,-,-,-,-,-,-,-,-,-,-,-,-,-,-,-,-,-,-,-,-,-,-,-,-,-,-,-,-,-,-,-
100630,FB,128,CTBSTT,A8501947 - Consulting Services - Fixed Bid,"Fiserv, Inc.",Fiserv,Payments processing software and support renewal,11/19/26,11/30/30,VRM200188,"$75,200","$448,700","$604,100","$815,100",,N,Yes,,"Kollapally, Suraj",LOB Review,Vendor onboarding completed,0,,Renewal,CTB,BC5100015,BC5100015,ATR730013,,8/8/26,8/26/26,900000630,87080284,,"$3,056,700",7800000630,TFT,Dana Williams,SMT#2144,2658,2672,C_Forecast,DIV_1550 - Branch Operations Enablement,4/21/26,"Abiodun, Dare",AST0700629,,,,,,,,,-,-,-,"$39,100","$36,100","$36,100","$36,000","$36,400","$36,300","$36,700","$36,100","$36,300","$36,500","$38,900","$39,800","$39,500","$40,100","$41,100","$40,500","$45,800","$47,500","$46,700","$47,600","$49,000","$48,800","$56,300","$58,200","$60,900","$61,700","$61,200","$62,300","$61,700","$60,800","$60,500","$61,500","$60,900","$60,800","$77,300","$80,400","$83,000","$84,700","$88,400","$87,600","$87,800","$88,200","$86,400","$86,100","$87,500","$88,300","$127,100","$134,400","$151,800",-,-,-,-,-,-,-,-,-,-,-,-,-,-,-,-,-,-,-,-,-,-,-,-,-,-,-,-,-,-,-,-,-,-,-,-
100632,SAAS,131,CTCCPTPYMTS,A8201904 - Software as a Service,Tata Consultancy Services,TCS,Application maintenance and delivery services enterprise agreement,9/26/26,9/30/29,VRM200134,"$452,000","$1,319,900","$1,661,900","$1,560,600",,N,Yes,0,"Eckman, Bradley T.",LOB Execution,Consolidated under enterprise agreement,,-,Renewal,CTB,BC5100022,BC5100022,ATR730033,,5/29/26,8/23/26,900000632,82925005,,"$4,994,400",7800000632,TFT,Taylor Brooks,1DBI,1113,7161,C_Forecast,"DIV_1211 - Deposits, Operations and Debit Card Tech",7/25/26,"K, Srikantesh",AST0700631,,,,,,,,,-,"$126,100","$116,000","$108,600","$101,300","$102,500","$103,300","$105,400","$106,100","$108,300","$107,000","$108,300","$109,100","$116,100","$118,700","$117,100","$118,000","$119,900","$117,000","$130,800","$134,000","$130,300","$131,100","$133,600","$131,900","$151,200","$155,500","$162,200","$164,400","$163,400","$166,800","$166,300","$165,100","$165,700","$170,300","$170,200","$171,800","$221,000",-,-,-,-,-,-,-,-,-,-,-,-,-,-,-,-,-,-,-,-,-,-,-,-,-,-,-,-,-,-,-,-,-,-,-,-,-,-,-,-,-,-,-,-,-,-,-,-,-,-
100663,TEL,114,CTDLR,A8292080 - Telecommunication,Adobe Inc.,Adobe,Digital experience platform subscription,12/1/26,6/30/27,VRM200249,"$12,300","$75,300",-,-,type/start,Y,Yes,0,"Eckman, Bradley T.",Submitted to Sponsor,Consolidated under enterprise agreement,,-,Commited,RTB,BC5100027,BC5100027,ATR730020,,5/13/26,8/11/26,900000663,92856708,,"$87,600",7800000663,,Reese Martin,HOGAN CIS,562762,875,C_Forecast,DIV_1548 - Pmts Virt Sol Innov Platform Management,4/22/26,"Ashwathappa, Rakesh",AST0700662,,,,,,,,,-,-,-,-,"$12,300","$12,400","$12,400","$12,600","$12,600","$12,800","$12,500",-,-,-,-,-,-,-,-,-,-,-,-,-,-,-,-,-,-,-,-,-,-,-,-,-,-,-,-,-,-,-,-,-,-,-,-,-,-,-,-,-,-,-,-,-,-,-,-,-,-,-,-,-,-,-,-,-,-,-,-,-,-,-,-,-,-,-,-,-,-,-,-,-,-,-,-,-
100633,DEPR,115,CTTOCIO,Fixed Assets (Peoplesoft) - DEPR,Google LLC,Google Cloud,Cloud data and analytics services,9/9/26,9/30/30,VRM200117,"$42,100","$121,500","$154,500","$212,800",,N,Yes,,"Eckman, Bradley T.",Submitted to Sponsor,Invoice schedule under review,,,Renewal,CTB,BC5100042,BC5100107,ATR730029,,7/28/26,8/14/26,900000633,17731304,,"$755,600",7800000633,TFT,Reese Martin,SBLO,4795,932,C_Forecast,DIV_2383 - Consumer Lending Technology Architecture,6/5/26,"K, Srikantesh",AST0700632,,,,,,,,,-,"$11,800","$10,800","$10,100","$9,400","$9,500","$9,600","$9,800","$9,800","$10,000","$9,900","$9,900","$10,000","$10,600","$10,900","$10,700","$10,800","$11,000","$10,800","$12,000","$12,400","$12,100","$12,200","$12,400","$12,300","$14,100","$14,600","$15,200","$15,400","$15,300","$15,700","$15,600","$15,500","$15,500","$15,900","$15,900","$16,000","$20,500","$21,500","$22,400","$23,000","$24,100","$24,000","$24,100","$24,200","$23,600","$23,400","$23,700","$23,700","$33,900",-,-,-,-,-,-,-,-,-,-,-,-,-,-,-,-,-,-,-,-,-,-,-,-,-,-,-,-,-,-,-,-,-,-,-,-,-,-
100634,SW,114,CTARCHENG,A8200045 - Software Maintenance,Accenture LLP,Accenture,Application development and consulting services enterprise agreement,10/19/26,10/31/33,VRM200123,"$85,200","$336,000","$431,700","$594,700",,N,No,,"K, Srikantesh",Execution Complete,Includes affiliate services,0,-,Commited,RTB,BC5100073,BC5100037,ATR730056,,3/25/26,3/29/26,900000634,49431794,,"$18,931,400",7800000634,,Morgan Patel,BREF,6078,8356,C_Forecast,DIV_3055 - Cybersecurity Platform Services,2/3/26,"Matera, Jill",AST0700633,,,,,,,,,-,-,"$30,400","$28,400","$26,400","$26,600","$26,700","$27,100","$27,200","$27,600","$27,200","$27,400","$27,600","$29,300","$29,900","$29,600","$29,800","$30,400","$29,700","$33,400","$34,300","$33,600","$34,000","$34,800","$34,500","$39,700","$41,000","$42,800","$43,500","$43,200","$44,100","$43,900","$43,500","$43,600","$44,600","$44,400","$44,700","$57,200","$59,800","$62,100","$63,600","$66,600","$66,100","$66,300","$66,500","$65,100","$64,500","$65,300","$65,500","$93,600","$98,300","$110,100","$111,700","$119,300","$116,500","$117,400","$116,900","$117,500","$117,700","$118,600","$117,200","$178,000","$185,100","$198,000","$207,100","$220,900","$225,200","$223,400","$223,100","$224,500","$219,500","$224,100","$223,400","$382,200","$401,900","$415,000","$450,000","$604,900","$598,100","$597,600","$593,500","$586,800","$588,900","$588,000","$588,900","$3,330,700","$3,324,300",-
100635,SW,128,CTBSTT,Fixed Assets (Peoplesoft) - SWL,IBM Corporation,IBM,Mainframe software and technical support renewal,11/20/26,11/30/28,VRM200124,"$83,800","$507,600","$594,200",-,,N,Yes,4933,"zz.Brennecke, Jana",Finance Review,Includes affiliate services,,-,Renewal,RTB,BC5100075,BC5100075,ATR730065,Web Server,8/19/26,11/10/26,900000635,67174430,,"$1,185,600",7800000635,,Casey Rivera,ICEDQ,342776,9558,C_Forecast,"DIV_1211 - Deposits, Operations and Debit Card Tech",3/9/26,"zz.Luloff, Julie",AST0700634,,,,,,,,,-,-,-,"$43,500","$40,300","$40,500","$40,500","$41,100","$41,100","$41,700","$41,000","$41,300","$41,500","$44,100","$45,100","$44,600","$45,100","$46,000","$45,100","$50,700","$52,300","$51,300","$52,000","$53,400","$53,000","$61,100","$63,200","$66,100",-,-,-,-,-,-,-,-,-,-,-,-,-,-,-,-,-,-,-,-,-,-,-,-,-,-,-,-,-,-,-,-,-,-,-,-,-,-,-,-,-,-,-,-,-,-,-,-,-,-,-,-,-,-,-,-,-,-,-,-
100636,SAAS,141,CTEDP,Fixed Assets (Peoplesoft) - SAAS,Microsoft Corporation,Microsoft,Enterprise software subscriptions and support enterprise agreement,12/18/26,12/31/28,VRM200196,"$35,300","$441,800","$584,800",-,,N,Yes,0,"Eckman, Bradley T.",Analyst Review,No action required,,,Commited,CTB,BC5100081,BC5100081,ATR730078,Web Server,5/27/26,6/2/26,900000636,17654768,,"$1,061,900",7800000636,TFT,Taylor Brooks,DMSBA,9363,5777,C_Forecast,DIV_3188 - Marketing Technology Enablement,2/3/26,"K, Srikantesh",AST0700635,,,,,,,,,-,-,-,-,"$35,300","$35,400","$35,400","$35,800","$35,800","$36,200","$35,600","$35,900","$36,100","$38,300","$39,200","$38,800","$39,300","$40,200","$39,500","$44,600","$46,100","$45,300","$46,000","$47,300","$47,100","$54,300","$56,100","$58,700","$59,600",-,-,-,-,-,-,-,-,-,-,-,-,-,-,-,-,-,-,-,-,-,-,-,-,-,-,-,-,-,-,-,-,-,-,-,-,-,-,-,-,-,-,-,-,-,-,-,-,-,-,-,-,-,-,-,-,-,-,-
100637,DEPR,122,CTADMIN,Fixed Assets (Peoplesoft) - DEPR,IBM Corporation,IBM,Mainframe software and technical support,11/2/26,11/30/29,VRM200212,"$11,700","$69,700","$94,100","$113,700",,N,Yes,0,"Tadas, Deepa P.",LOB Execution,Consolidated under enterprise agreement,0,,Commited,RTB,BC5100028,BC5100066,ATR730077,,5/16/26,6/6/26,900000637,73461498,,"$289,200",7800000637,,Cameron Smith,CFMS,672099,796,C_Forecast,DIV_2636 - Teller,8/7/26,"K, Srikantesh",AST0700636,,,,,,,,,-,-,-,"$6,100","$5,600","$5,600","$5,600","$5,700","$5,600","$5,700","$5,600","$5,700","$5,700","$6,000","$6,200","$6,100","$6,200","$6,400","$6,300","$7,100","$7,400","$7,300","$7,400","$7,600","$7,600","$8,800","$9,100","$9,500","$9,600","$9,500","$9,700","$9,600","$9,500","$9,400","$9,600","$9,500","$9,500","$12,000","$12,500","$12,900",-,-,-,-,-,-,-,-,-,-,-,-,-,-,-,-,-,-,-,-,-,-,-,-,-,-,-,-,-,-,-,-,-,-,-,-,-,-,-,-,-,-,-,-,-,-,-,-
100640,SW,119,CTTOCIO,Fixed Assets (Peoplesoft) - SWM,Google LLC,Google Cloud,Cloud data and analytics services enterprise agreement,11/18/26,5/31/27,VRM200248,"$61,700","$153,300",-,-,,N,No,,"zz.Ejiofor, Justina",Execution Complete,Legal review pending,,-,Renewal,CTB,BC5100006,BC5100006,ATR730055,,8/18/26,11/9/26,900000640,79247393,,"$215,000",7800000640,,Alex Morgan,AIM,6374,4160,C_Forecast,DIV_2714 - Enterprise Data Platforms,7/27/26,System,AST0700639,,,,,,,,,-,-,-,"$32,000","$29,700","$30,000","$30,200","$30,800","$30,900","$31,400",-,-,-,-,-,-,-,-,-,-,-,-,-,-,-,-,-,-,-,-,-,-,-,-,-,-,-,-,-,-,-,-,-,-,-,-,-,-,-,-,-,-,-,-,-,-,-,-,-,-,-,-,-,-,-,-,-,-,-,-,-,-,-,-,-,-,-,-,-,-,-,-,-,-,-,-,-,-
100641,T&M,137,CTPLATFORM,A8501906 - Outsourcing/Technical Contract,"Oracle America, Inc.",Oracle,Database platform licensing and maintenance enterprise agreement,11/1/26,11/30/27,VRM200151,"$87,200","$486,600",-,-,,N,Yes,4933,"Kollapally, Suraj",Finance - Confirming,Budget owner confirmed,,-,New,CTB,BC5100009,BC5100009,ATR730069,,6/30/26,8/31/26,900000641,38393124,,"$573,800",7800000641,,Reese Martin,ACCLQ,PO SR Required,8521,C_Forecast,DIV_2636 - Teller,2/2/26,"zz.Brennecke, Jana",AST0700640,,,,,,,,,-,-,-,"$45,200","$42,000","$42,200","$42,400","$43,100","$43,200","$43,900","$43,200","$43,600","$43,800","$46,600","$47,600","$47,000",-,-,-,-,-,-,-,-,-,-,-,-,-,-,-,-,-,-,-,-,-,-,-,-,-,-,-,-,-,-,-,-,-,-,-,-,-,-,-,-,-,-,-,-,-,-,-,-,-,-,-,-,-,-,-,-,-,-,-,-,-,-,-,-,-,-,-,-,-,-,-,-
100638,T&M,121,CTMARTECH,A8501946 - Outsourcing Contract - Time & Materials,"Fiserv, Inc.",Fiserv,Payments processing software and support enterprise agreement,12/28/26,12/31/28,VRM200216,"$34,300","$452,200","$566,000",-,,N,No,,"Tadas, Deepa P.",Execution Complete,Budget owner confirmed,,-,Commited,RTB,BC5100003,BC5100003,ATR730072,,5/8/26,12/25/26,900000638,21371525,,"$1,052,500",7800000638,TFT,Dana Williams,HK,3234,MarTech,C_Forecast,DIV_2842 - Digital Channel Technology,2/17/26,"zz.Luloff, Julie",AST0700637,,,,,,,,,-,-,-,-,"$34,300","$34,700","$35,100","$35,900","$36,200","$37,000","$36,700","$37,200","$37,500","$40,000","$40,900","$40,300","$40,700","$41,300","$40,300","$44,900","$45,900","$44,600","$44,800","$45,500","$44,800","$51,200","$52,600","$54,700","$55,400",-,-,-,-,-,-,-,-,-,-,-,-,-,-,-,-,-,-,-,-,-,-,-,-,-,-,-,-,-,-,-,-,-,-,-,-,-,-,-,-,-,-,-,-,-,-,-,-,-,-,-,-,-,-,-,-,-,-,-
100639,OEM,122,CTSB,Fixed Assets (Peoplesoft) - OEM,IBM Corporation,IBM,Mainframe software and technical support renewal,9/18/26,9/30/30,VRM200178,"$183,200","$535,100","$673,700","$925,800",,N,Yes,,"Kollapally, Suraj",Management Review,Renewal documentation completed,0,,Renewal,CTB,BC5100085,BC5100085,ATR730049,,5/13/26,7/9/26,900000639,36298788,,"$3,309,900",7800000639,TFT,Casey Rivera,PWDW,292645,8213,C_Forecast,"DIV_1211 - Deposits, Operations and Debit Card Tech",4/15/26,"Agarwal, Ushika",,,,,,,,,,-,"$51,100","$47,000","$44,000","$41,100","$41,500","$41,900","$42,700","$43,000","$43,900","$43,400","$43,900","$44,200","$47,100","$48,100","$47,500","$47,900","$48,600","$47,400","$53,000","$54,300","$52,800","$53,200","$54,200","$53,500","$61,300","$63,000","$65,800","$66,600","$66,200","$67,600","$67,400","$66,900","$67,200","$69,000","$69,000","$69,700","$89,600","$94,100","$98,100","$101,000","$106,100","$105,700","$106,200","$106,800","$104,500","$103,700","$104,800","$104,800","$149,500",-,-,-,-,-,-,-,-,-,-,-,-,-,-,-,-,-,-,-,-,-,-,-,-,-,-,-,-,-,-,-,-,-,-,-,-,-,-
100644,TEL,124,CTCPR,A8292080 - Telecommunication,Tata Consultancy Services,TCS,Application maintenance and delivery services enterprise agreement,11/12/26,11/30/29,VRM200117,"$44,000","$262,700","$353,900","$427,800",,N,Yes,,"S, Rajashekar",Finance Review,Budget owner confirmed,,-,New,RTB,BC5100025,BC5100025,ATR730068,,6/22/26,9/20/26,900000644,17572971,,"$1,088,400",7800000644,,Morgan Patel,LVRMP,906101,MarTech,C_Forecast,DIV_2921 - Cloud Infrastructure Engineering,8/2/26,"Agarwal, Ushika",AST0700643,,,,,,,,,-,-,-,"$22,900","$21,100","$21,100","$21,100","$21,300","$21,200","$21,500","$21,100","$21,300","$21,400","$22,800","$23,300","$23,100","$23,500","$24,000","$23,700","$26,800","$27,800","$27,400","$27,900","$28,700","$28,600","$33,000","$34,100","$35,700","$36,200","$35,900","$36,500","$36,200","$35,600","$35,400","$36,000","$35,600","$35,600","$45,300","$47,100","$48,600",-,-,-,-,-,-,-,-,-,-,-,-,-,-,-,-,-,-,-,-,-,-,-,-,-,-,-,-,-,-,-,-,-,-,-,-,-,-,-,-,-,-,-,-,-,-,-,-
100645,SW,127,CTCCPTPYMTS,Fixed Assets (Peoplesoft) - SWL,Verizon Business Network Services,Verizon,Enterprise telecommunications services,12/13/26,12/31/29,VRM200240,"$36,000","$475,400","$595,500","$812,800",,N,Yes,0,"K, Srikantesh",LOB Execution,Legal review pending,,-,Renewal,RTB,BC5100002,BC5100002,ATR730070,,8/8/26,10/6/26,900000645,66407957,,"$1,919,700",7800000645,TFT,Priya Shah,BREF,409780,5889,C_Forecast,DIV_1307 - Pmts Virt Sol Innov and Cons Bkg Tech Admin,3/19/26,"Kollapally, Suraj",,,,,,,,,,-,-,-,-,"$36,000","$36,500","$36,900","$37,700","$38,100","$38,900","$38,600","$39,100","$39,400","$42,000","$43,000","$42,400","$42,800","$43,400","$42,400","$47,300","$48,300","$46,900","$47,100","$47,900","$47,100","$53,900","$55,300","$57,600","$58,300","$57,800","$59,000","$58,900","$58,400","$58,700","$60,400","$60,500","$61,200","$78,800","$83,000","$86,700","$89,400",-,-,-,-,-,-,-,-,-,-,-,-,-,-,-,-,-,-,-,-,-,-,-,-,-,-,-,-,-,-,-,-,-,-,-,-,-,-,-,-,-,-,-,-,-,-,-
100646,TEL,114,CTTOCIO,A8292080 - Telecommunication,FIS Global,FIS,Banking platform software and services renewal,11/15/26,5/31/28,VRM200110,"$166,400","$1,046,200","$501,000",-,,N,No,0,"S, Rajashekar",Execution Complete,Renewal documentation completed,,-,Commited,RTB,BC5100055,BC5100055,ATR730019,,9/11/26,9/18/26,900000646,56815272,,"$1,713,600",7800000646,,Reese Martin,TTMS,1737,6441,C_Forecast,DIV_2714 - Enterprise Data Platforms,5/19/26,"K, Srikantesh",,,,,,,,,,-,-,-,"$86,100","$80,300","$81,200","$81,900","$83,600","$84,100","$85,800","$84,800","$85,800","$86,500","$92,000","$94,100","$92,800","$93,600","$95,000","$92,800","$103,700","$106,200","$103,300",-,-,-,-,-,-,-,-,-,-,-,-,-,-,-,-,-,-,-,-,-,-,-,-,-,-,-,-,-,-,-,-,-,-,-,-,-,-,-,-,-,-,-,-,-,-,-,-,-,-,-,-,-,-,-,-,-,-,-,-,-,-,-,-,-,-
100647,SW,125,CTCPR,A8200045 - Software Maintenance,"Salesforce, Inc.",Salesforce,Customer relationship management platform renewal,9/13/26,9/30/27,VRM200223,"$196,800","$415,100",-,-,,N,Yes,0,"S, Rajashekar",Finance - Managing,Renewal documentation completed,,,Renewal,CTB,BC5100026,BC5100109,ATR730004,,3/4/26,8/31/26,900000647,93476311,,"$611,900",7800000647,TFT,Riley Kim,SBLO,7740,7336,C_Forecast,DIV_1307 - Pmts Virt Sol Innov and Cons Bkg Tech Admin,6/24/26,"Kollapally, Suraj",,,,,,,,,,-,"$55,000","$50,500","$47,300","$44,000","$44,400","$44,600","$45,500","$45,700","$46,500","$45,900","$46,300","$46,600","$49,600",-,-,-,-,-,-,-,-,-,-,-,-,-,-,-,-,-,-,-,-,-,-,-,-,-,-,-,-,-,-,-,-,-,-,-,-,-,-,-,-,-,-,-,-,-,-,-,-,-,-,-,-,-,-,-,-,-,-,-,-,-,-,-,-,-,-,-,-,-,-,-,-,-,-
100648,SW,141,CTSB,A8200050 - Software License,Accenture LLP,Accenture,Application development and consulting services,12/16/26,12/31/28,VRM200119,"$17,500","$222,600","$285,700",-,,N,Yes,,"K, Srikantesh",Finance Review,Migration dependency tracked,,,Renewal,RTB,BC5100000,BC5100000,ATR730053,,7/9/26,9/15/26,900000648,59119762,,"$525,800",7800000648,TFT,Alex Morgan,QLTRCS,174232,3541,C_Forecast,DIV_3055 - Cybersecurity Platform Services,3/21/26,System,AST0700647,,,,,,,,,-,-,-,-,"$17,500","$17,600","$17,700","$17,900","$18,000","$18,300","$18,000","$18,200","$18,300","$19,400","$19,800","$19,600","$19,800","$20,100","$19,700","$22,100","$22,700","$22,200","$22,500","$23,000","$22,800","$26,300","$27,100","$28,400","$28,800",-,-,-,-,-,-,-,-,-,-,-,-,-,-,-,-,-,-,-,-,-,-,-,-,-,-,-,-,-,-,-,-,-,-,-,-,-,-,-,-,-,-,-,-,-,-,-,-,-,-,-,-,-,-,-,-,-,-,-
100653,OEM,128,CTTOCIO,Fixed Assets (Peoplesoft) - OEM,"Cisco Systems, Inc.",Cisco,Network hardware maintenance and support renewal,11/9/26,5/31/27,VRM200212,"$37,500","$94,100",-,-,,N,Yes,,"zz.Ejiofor, Justina",Finance Review,Security assessment completed,,-,Commited,RTB,BC5100005,BC5100005,ATR730000,,8/17/26,10/1/26,900000653,29801315,,"$131,600",7800000653,TFT,Alex Morgan,RADIA,PO SR Required,7455,C_Forecast,DIV_2636 - Teller,6/12/26,"Matera, Jill",,,,,,,,,,-,-,-,"$19,400","$18,100","$18,300","$18,500","$18,900","$19,000","$19,400",-,-,-,-,-,-,-,-,-,-,-,-,-,-,-,-,-,-,-,-,-,-,-,-,-,-,-,-,-,-,-,-,-,-,-,-,-,-,-,-,-,-,-,-,-,-,-,-,-,-,-,-,-,-,-,-,-,-,-,-,-,-,-,-,-,-,-,-,-,-,-,-,-,-,-,-,-,-
100649,DEPR,139,CTADMIN,Fixed Assets (Peoplesoft) - DEPR,Snowflake Inc.,Snowflake,Cloud data platform subscription enterprise agreement,12/22/26,12/31/32,VRM200148,"$5,000","$63,000","$82,100","$112,800",,N,Yes,,"Tadas, Deepa P.",Finance Review,Vendor onboarding completed,,-,Commited,RTB,BC5100096,BC5100096,ATR730023,,6/1/26,10/1/26,900000649,83062823,,"$1,411,500",7800000649,,Jamie Chen,AMT/ePIC,603674,6115,C_Forecast,DIV_2714 - Enterprise Data Platforms,8/7/26,"Kollapally, Suraj",,,,,,,,,,-,-,-,-,"$5,000","$5,000","$5,000","$5,100","$5,100","$5,200","$5,100","$5,100","$5,200","$5,500","$5,600","$5,500","$5,600","$5,700","$5,600","$6,300","$6,500","$6,400","$6,500","$6,600","$6,600","$7,600","$7,800","$8,200","$8,300","$8,300","$8,400","$8,400","$8,300","$8,300","$8,500","$8,400","$8,500","$10,800","$11,300","$11,700","$11,900","$12,500","$12,400","$12,400","$12,400","$12,200","$12,100","$12,200","$12,300","$17,600","$18,500","$20,800","$21,200","$22,700","$22,200","$22,400","$22,300","$22,500","$22,500","$22,700","$22,500","$34,100","$35,400","$37,800","$39,500","$42,000","$42,700","$42,300","$42,200","$42,300","$41,300","$42,100","$41,900","$71,600","$75,200","$77,600","$84,200",-,-,-,-,-,-,-,-,-,-,-
100650,T&M,144,CTMARTECH,A8501946 - Outsourcing Contract - Time & Materials,"Oracle America, Inc.",Oracle,Database platform licensing and maintenance renewal,10/4/26,10/31/32,VRM200164,"$58,500","$225,600","$298,300","$406,800",end date with fcst,Y,No,4933,"zz.Brennecke, Jana",Execution Complete,No action required,0,-,New,CTB,BC5100078,BC5100078,ATR730048,,3/7/26,8/14/26,900000650,73905445,,"$4,545,900",7800000650,,Morgan Patel,AMT/ePIC,471803,3568,C_Forecast,DIV_2714 - Enterprise Data Platforms,5/22/26,"Ashwathappa, Rakesh",,,,,,,,,,-,-,"$21,000","$19,500","$18,000","$18,100","$18,100","$18,300","$18,200","$18,500","$18,200","$18,300","$18,400","$19,600","$20,000","$19,800","$20,100","$20,500","$20,200","$22,700","$23,500","$23,100","$23,500","$24,100","$24,000","$27,700","$28,600","$30,000","$30,400","$30,200","$30,800","$30,500","$30,200","$30,100","$30,700","$30,400","$30,400","$38,800","$40,400","$41,700","$42,600","$44,600","$44,100","$44,200","$44,400","$43,400","$43,200","$43,800","$44,100","$63,300","$66,800","$75,300","$76,700","$82,400","$80,700","$81,600","$81,500","$82,100","$82,300","$83,000","$82,000","$124,200","$128,800","$137,400","$143,100","$152,100","$154,300","$152,400","$151,500","$151,800","$147,900","$150,500","$149,600","$255,400","$268,200",-,-,-,-,-,-,-,-,-,-,-,-,-
100670,T&M,113,CTBSTT,A8501946 - Outsourcing Contract - Time & Materials,Accenture LLP,Accenture,Application development and consulting services renewal,12/25/26,6/30/28,VRM200111,"$61,200","$771,600","$452,300",-,,N,Yes,0,"Kollapally, Suraj",New,Budget owner confirmed,0,,New,RTB,BC5100028,BC5100028,ATR730023,,11/29/26,12/1/26,900000670,20721778,,"$1,285,100",7800000670,,Jamie Chen,AMT/ePIC,7679,220,C_Forecast,DIV_1548 - Pmts Virt Sol Innov Platform Management,5/28/26,"Tadas, Deepa P.",AST0700669,,,,,,,,,-,-,-,-,"$61,200","$61,500","$61,600","$62,400","$62,500","$63,400","$62,300","$62,800","$63,100","$67,100","$68,600","$67,800","$68,500","$69,900","$68,600","$77,100","$79,600","$78,000","$79,100",-,-,-,-,-,-,-,-,-,-,-,-,-,-,-,-,-,-,-,-,-,-,-,-,-,-,-,-,-,-,-,-,-,-,-,-,-,-,-,-,-,-,-,-,-,-,-,-,-,-,-,-,-,-,-,-,-,-,-,-,-,-,-,-,-
100674,T&M,133,CTBSTT,A8501946 - Outsourcing Contract - Time & Materials,IBM Corporation,IBM,Mainframe software and technical support enterprise agreement,10/19/26,4/30/27,VRM200216,"$43,600","$55,800",-,-,,N,No,,"S, Rajashekar",Execution Complete,Consolidated under enterprise agreement,0,-,New,CTB,BC5100090,BC5100090,ATR730054,,6/10/26,7/27/26,900000674,12490062,,"$99,400",7800000674,,Morgan Patel,DCSN,549700,5727,C_Forecast,DIV_2921 - Cloud Infrastructure Engineering,7/13/26,"Abiodun, Dare",AST0700673,,,,,,,,,-,-,"$15,500","$14,500","$13,600","$13,700","$13,800","$14,100","$14,200",-,-,-,-,-,-,-,-,-,-,-,-,-,-,-,-,-,-,-,-,-,-,-,-,-,-,-,-,-,-,-,-,-,-,-,-,-,-,-,-,-,-,-,-,-,-,-,-,-,-,-,-,-,-,-,-,-,-,-,-,-,-,-,-,-,-,-,-,-,-,-,-,-,-,-,-,-,-,-
100651,SAAS,114,CTARCHENG,A8201904 - Software as a Service,Microsoft Corporation,Microsoft,Enterprise software subscriptions and support enterprise agreement,12/9/26,12/31/32,VRM200215,"$19,000","$236,100","$317,800","$429,000",,N,Yes,0,"Tadas, Deepa P.",Finance - Confirming,Invoice schedule under review,,-,Renewal,CTB,BC5100009,BC5100009,ATR730072,,5/15/26,6/30/26,900000651,29429547,,"$5,356,900",7800000651,,Reese Martin,ACCLQ,6407,MarTech,C_Forecast,DIV_2714 - Enterprise Data Platforms,5/2/26,"Abiodun, Dare",AST0700650,,,,,,,,,-,-,-,-,"$19,000","$19,000","$18,900","$19,100","$19,100","$19,300","$19,000","$19,100","$19,200","$20,500","$21,000","$20,800","$21,100","$21,600","$21,300","$24,100","$25,000","$24,600","$25,000","$25,800","$25,700","$29,600","$30,600","$32,000","$32,500","$32,200","$32,800","$32,500","$32,000","$31,800","$32,400","$32,000","$32,000","$40,700","$42,300","$43,700","$44,600","$46,500","$46,100","$46,200","$46,400","$45,500","$45,300","$46,100","$46,400","$66,800","$70,700","$79,800","$81,600","$87,700","$86,100","$87,200","$87,200","$87,800","$88,000","$88,700","$87,500","$132,300","$137,100","$145,900","$151,700","$160,700","$162,700","$160,400","$159,100","$159,200","$154,800","$157,300","$156,200","$266,700","$280,000","$289,200","$314,100",-,-,-,-,-,-,-,-,-,-,-
100652,SAAS,124,CTARCHENG,Fixed Assets (Peoplesoft) - SAAS,Infosys Limited,Infosys,Managed application support services enterprise agreement,9/28/26,9/30/28,VRM200164,"$165,100","$489,700","$436,900",-,,N,Yes,,"S, Rajashekar",New,Includes affiliate services,0,-,Commited,RTB,BC5100015,BC5100015,ATR730009,Web Server,3/15/26,3/24/26,900000652,14835453,,"$1,091,700",7800000652,,Casey Rivera,ICEDQ,2888,5865,C_Forecast,DIV_2714 - Enterprise Data Platforms,6/21/26,"Eckman, Bradly T.",AST0700651,,,,,,,,,-,"$46,000","$42,300","$39,700","$37,100","$37,600","$38,000","$38,900","$39,200","$40,100","$39,700","$40,200","$40,600","$43,300","$44,300","$43,700","$44,100","$44,700","$43,600","$48,700","$49,800","$48,300","$48,500","$49,300","$48,500","$55,500",-,-,-,-,-,-,-,-,-,-,-,-,-,-,-,-,-,-,-,-,-,-,-,-,-,-,-,-,-,-,-,-,-,-,-,-,-,-,-,-,-,-,-,-,-,-,-,-,-,-,-,-,-,-,-,-,-,-,-,-,-,-
100654,FB,116,CTMARTECH,A8501947 - Consulting Services - Fixed Bid,Verizon Business Network Services,Verizon,Enterprise telecommunications services renewal,11/4/26,11/30/31,VRM200141,"$84,200","$522,700","$663,800","$914,800",,N,No,,"K, Srikantesh",Execution Complete,Pending final statement of work,0,-,New,RTB,BC5100075,BC5100075,ATR730060,,6/16/26,8/20/26,900000654,75471773,,"$5,944,200",7800000654,,Taylor Brooks,QLTRCS,965834,1334,C_Forecast,DIV_2637 - Consumer Payments,1/5/26,"Matera, Jill",AST0700653,,,,,,,,,-,-,-,"$43,600","$40,600","$41,000","$41,200","$42,000","$42,200","$42,900","$42,400","$42,800","$43,000","$45,800","$46,800","$46,100","$46,500","$47,300","$46,200","$51,800","$53,100","$51,800","$52,300","$53,400","$52,900","$60,700","$62,600","$65,400","$66,300","$65,900","$67,300","$67,100","$66,500","$66,700","$68,400","$68,300","$68,800","$88,300","$92,500","$96,200","$98,800","$103,700","$103,000","$103,400","$103,800","$101,600","$100,800","$101,900","$102,000","$145,600","$152,600","$170,600","$172,600","$183,900","$179,100","$180,000","$178,900","$179,500","$179,600","$180,900","$178,800","$271,400","$282,500","$302,500",-,-,-,-,-,-,-,-,-,-,-,-,-,-,-,-,-,-,-,-,-,-,-,-
100656,OEM,117,CTADMIN,Fixed Assets (Peoplesoft) - OEM,Google LLC,Google Cloud,Cloud data and analytics services renewal,10/22/26,10/31/31,VRM200237,"$20,700","$80,200","$104,300","$143,100",,N,Yes,,"Eckman, Bradley T.",LOB Review,Renewal documentation completed,,,Commited,RTB,BC5100010,BC5100035,ATR730051,,2/25/26,9/11/26,900000656,87080284,,"$889,200",7800000656,,Dana Williams,MOD,5850,5600,C_Forecast,"DIV_1211 - Deposits, Operations and Debit Card Tech",4/13/26,"Kollapally, Suraj",,,,,,,,,,-,-,"$7,400","$6,900","$6,400","$6,400","$6,400","$6,500","$6,500","$6,600","$6,500","$6,500","$6,600","$7,000","$7,100","$7,000","$7,100","$7,200","$7,100","$8,000","$8,300","$8,100","$8,200","$8,400","$8,400","$9,600","$10,000","$10,400","$10,600","$10,500","$10,700","$10,700","$10,500","$10,500","$10,800","$10,700","$10,700","$13,700","$14,300","$14,800","$15,200","$15,900","$15,700","$15,700","$15,800","$15,500","$15,300","$15,600","$15,600","$22,400","$23,500","$26,400","$26,900","$28,800","$28,200","$28,400","$28,400","$28,600","$28,600","$28,900","$28,500","$43,300","$44,900",-,-,-,-,-,-,-,-,-,-,-,-,-,-,-,-,-,-,-,-,-,-,-,-,-
100657,SAAS,130,CTTOCIO,Fixed Assets (Peoplesoft) - SAAS,"Amazon Web Services, Inc.",AWS,Cloud infrastructure and managed services renewal,12/15/26,12/31/30,VRM200188,"$111,300","$1,392,800","$1,843,500","$2,512,600",VRM Status/beeline#,Y,Yes,,"Tadas, Deepa P.",Management Review,Migration dependency tracked,,,Commited,RTB,BC5100110,BC5100079,ATR730005,,11/27/26,11/29/26,900000657,69397315,,"$9,777,200",7800000657,,Casey Rivera,HOGAN CIS,PO SR Required,9528,C_Forecast,DIV_2637 - Consumer Payments,6/14/26,"K, Srikantesh",AST0700656,,,,,,,,,-,-,-,-,"$111,300","$111,600","$111,500","$112,900","$112,700","$114,200","$112,300","$113,100","$113,700","$120,900","$123,700","$122,300","$123,900","$126,600","$124,600","$140,500","$145,300","$142,700","$145,000","$149,100","$148,400","$171,200","$177,000","$185,200","$187,900","$186,600","$190,000","$188,700","$186,300","$185,700","$189,400","$187,700","$187,900","$239,500","$249,400","$257,900","$263,500","$275,200","$272,700","$273,200","$274,100","$268,400","$266,800","$270,900","$272,500","$391,300","$412,800","$465,000","$474,100",-,-,-,-,-,-,-,-,-,-,-,-,-,-,-,-,-,-,-,-,-,-,-,-,-,-,-,-,-,-,-,-,-,-,-
100658,TEL,127,CTTOCIO,A8292080 - Telecommunication,Adobe Inc.,Adobe,Digital experience platform subscription renewal,9/11/26,9/30/30,VRM200110,"$162,900","$446,700","$601,600","$811,400",,N,Yes,,"zz.Luloff, Julie",Finance Review,Security assessment completed,,,Commited,CTB,BC5100033,BC5100028,ATR730076,,7/9/26,7/28/26,900000658,22153861,,"$2,846,200",7800000658,,Morgan Patel,AMT/ePIC,PO SR Required,1536,C_Forecast,DIV_2383 - Consumer Lending Technology Architecture,6/4/26,"Eckman, Bradly T.",AST0700657,,,,,,,,,-,"$46,100","$42,000","$38,900","$35,900","$35,900","$35,800","$36,200","$36,100","$36,600","$35,900","$36,200","$36,400","$38,700","$39,700","$39,300","$39,900","$40,900","$40,300","$45,600","$47,300","$46,500","$47,400","$48,800","$48,600","$56,100","$58,000","$60,600","$61,500","$61,000","$62,000","$61,400","$60,500","$60,200","$61,300","$60,600","$60,500","$77,000","$80,000","$82,600","$84,300","$88,000","$87,200","$87,400","$87,800","$86,000","$85,700","$87,100","$87,900","$126,500",-,-,-,-,-,-,-,-,-,-,-,-,-,-,-,-,-,-,-,-,-,-,-,-,-,-,-,-,-,-,-,-,-,-,-,-,-,-
100659,DATA,110,CTPLATFORM,A8590820 - Other Outside Data Processing,Microsoft Corporation,Microsoft,Enterprise software subscriptions and support enterprise agreement,10/21/26,10/31/30,VRM200116,"$71,300","$293,200","$367,000","$501,200",,N,No,4933,"S, Rajashekar",Execution Complete,Legal review pending,,,Renewal,RTB,BC5100035,BC5100034,ATR730061,,3/27/26,8/11/26,900000659,69210561,,"$1,864,500",7800000659,,Jamie Chen,TTMS,512421,MarTech,C_Forecast,DIV_2636 - Teller,5/24/26,"Eckman, Bradly T.",,,,,,,,,,-,-,"$25,300","$23,800","$22,200","$22,500","$22,700","$23,300","$23,500","$24,000","$23,800","$24,100","$24,300","$25,900","$26,500","$26,200","$26,400","$26,800","$26,100","$29,100","$29,800","$28,900","$29,000","$29,500","$29,100","$33,200","$34,100","$35,500","$35,900","$35,700","$36,400","$36,300","$36,000","$36,200","$37,200","$37,300","$37,700","$48,600","$51,200","$53,500","$55,100","$58,100","$58,000","$58,400","$58,700","$57,600","$57,100","$57,800","$57,800","$82,300","$86,000",-,-,-,-,-,-,-,-,-,-,-,-,-,-,-,-,-,-,-,-,-,-,-,-,-,-,-,-,-,-,-,-,-,-,-,-,-
100660,T&M,125,CTEDP,A8501906 - Outsourcing/Technical Contract,Adobe Inc.,Adobe,Digital experience platform subscription,10/1/26,10/31/31,VRM200149,"$157,800","$639,100","$804,700","$1,105,700",,N,Yes,,"Eckman, Bradley T.",LOB Execution,Includes affiliate services,,,Commited,CTB,BC5100063,BC5100063,ATR730017,,5/28/26,6/17/26,900000660,30473731,,"$6,900,700",7800000660,,Jordan Lee,QLTRCS,3482,4424,C_Forecast,DIV_2921 - Cloud Infrastructure Engineering,4/4/26,"zz.Luloff, Julie",,,,,,,,,,-,-,"$56,100","$52,600","$49,100","$49,600","$50,000","$51,100","$51,400","$52,400","$51,800","$52,400","$52,800","$56,200","$57,500","$56,700","$57,200","$58,000","$56,700","$63,300","$64,900","$63,100","$63,500","$64,700","$63,900","$73,200","$75,300","$78,500","$79,600","$79,100","$80,800","$80,500","$79,900","$80,200","$82,400","$82,400","$83,200","$107,000","$112,400","$117,200","$120,600","$126,800","$126,200","$126,900","$127,500","$124,800","$123,800","$125,200","$125,200","$178,600","$186,800","$208,400","$210,400","$223,600","$217,100","$217,700","$215,900","$216,200","$215,900","$217,300","$214,500","$325,600","$339,000",-,-,-,-,-,-,-,-,-,-,-,-,-,-,-,-,-,-,-,-,-,-,-,-,-
100661,T&M,131,CTMARTECH,A8501946 - Outsourcing Contract - Time & Materials,Tata Consultancy Services,TCS,Application maintenance and delivery services enterprise agreement,11/19/26,11/30/29,VRM200222,"$402,200","$2,495,200","$3,168,900","$3,896,000",,N,No,0,"K, Srikantesh",Execution Complete,Includes affiliate services,,-,Renewal,CTB,BC5100099,BC5100097,ATR730023,,6/2/26,11/9/26,900000661,21371525,,"$9,962,300",7800000661,TFT,Taylor Brooks,BDCMS,510150,1836,C_Forecast,DIV_1548 - Pmts Virt Sol Innov Platform Management,5/7/26,"Abiodun, Dare",,,,,,,,,,-,-,-,"$208,300","$193,900","$195,600","$196,800","$200,400","$201,300","$205,000","$202,200","$204,200","$205,500","$218,500","$223,300","$220,200","$222,200","$225,800","$220,800","$247,100","$253,700","$247,400","$249,600","$255,000","$252,400","$289,900","$298,700","$312,000","$316,500","$314,700","$321,300","$320,300","$317,700","$318,400","$326,700","$325,900","$328,400","$421,500","$441,700","$459,400",-,-,-,-,-,-,-,-,-,-,-,-,-,-,-,-,-,-,-,-,-,-,-,-,-,-,-,-,-,-,-,-,-,-,-,-,-,-,-,-,-,-,-,-,-,-,-,-
100662,T&M,143,CTBSTT,A8501906 - Outsourcing/Technical Contract,AT&T Corp.,AT&T,Network and telecommunications services renewal,12/21/26,12/31/31,VRM200191,"$44,600","$568,000","$729,700","$1,005,400",,N,Yes,4933,"zz.Luloff, Julie",New,Budget owner confirmed,,,Commited,CTB,BC5100044,BC5100044,ATR730060,,11/10/26,11/17/26,900000662,29755521,,"$6,825,800",7800000662,,Avery Johnson,NAHAS,PO SR Required,6179,C_Forecast,DIV_1307 - Pmts Virt Sol Innov and Cons Bkg Tech Admin,2/22/26,"Tadas, Deepa P.",AST0700661,,,,,,,,,-,-,-,-,"$44,600","$44,900","$45,100","$45,800","$45,900","$46,700","$46,000","$46,400","$46,600","$49,600","$50,600","$50,000","$50,400","$51,300","$50,300","$56,400","$58,100","$56,800","$57,400","$58,800","$58,300","$67,100","$69,300","$72,400","$73,500","$73,100","$74,600","$74,300","$73,600","$73,600","$75,400","$75,100","$75,500","$96,700","$101,100","$104,900","$107,500","$112,600","$111,800","$112,100","$112,400","$110,000","$109,100","$110,400","$110,700","$158,300","$166,100","$186,200","$188,900","$201,800","$196,900","$198,400","$197,600","$198,600","$198,900","$200,500","$198,200","$300,800","$312,900","$334,800","$350,100",-,-,-,-,-,-,-,-,-,-,-,-,-,-,-,-,-,-,-,-,-,-,-
100665,T&M,123,CTEDP,A8501946 - Outsourcing Contract - Time & Materials,"Oracle America, Inc.",Oracle,Database platform licensing and maintenance,10/1/26,10/31/30,VRM200125,"$613,800","$2,347,200","$3,160,900","$4,264,600",,N,Yes,0,"K, Srikantesh",Analyst Review,Budget owner confirmed,,-,New,RTB,BC5100093,BC5100093,ATR730011,,5/4/26,8/16/26,900000665,76813834,,"$15,418,100",7800000665,TFT,Casey Rivera,SAMP,367693,9667,C_Forecast,DIV_2637 - Consumer Payments,4/8/26,"Tadas, Deepa P.",AST0700664,,,,,,,,,-,-,"$220,600","$204,500","$188,700","$188,700","$188,300","$190,300","$189,800","$192,100","$188,700","$190,100","$191,100","$203,400","$208,400","$206,600","$209,700","$214,800","$211,900","$239,500","$248,400","$244,500","$248,900","$256,300","$255,400","$294,800","$304,700","$318,700","$323,000","$320,400","$325,800","$322,900","$318,100","$316,400","$321,900","$318,400","$318,000","$404,600","$420,600","$434,300","$443,200","$462,700","$458,400","$459,300","$461,200","$452,200","$450,200","$458,000","$461,700","$664,800","$703,100",-,-,-,-,-,-,-,-,-,-,-,-,-,-,-,-,-,-,-,-,-,-,-,-,-,-,-,-,-,-,-,-,-,-,-,-,-
100666,SAAS,134,CTARCHENG,A8201904 - Software as a Service,"Salesforce, Inc.",Salesforce,Customer relationship management platform,9/25/26,9/30/32,VRM200217,"$52,400","$155,200","$194,400","$265,400",type/start,Y,Yes,0,"K, Srikantesh",New,Includes affiliate services,,-,Renewal,RTB,BC5100115,BC5100115,ATR730077,Web Server,3/18/26,4/22/26,900000666,28535918,,"$2,839,300",7800000666,,Morgan Patel,HK,8473,3360,C_Forecast,"DIV_1211 - Deposits, Operations and Debit Card Tech",4/25/26,"Kollapally, Suraj",,,,,,,,,,-,"$14,600","$13,400","$12,600","$11,800","$11,900","$12,000","$12,300","$12,400","$12,700","$12,600","$12,800","$12,900","$13,700","$14,000","$13,900","$14,000","$14,200","$13,800","$15,400","$15,800","$15,300","$15,400","$15,600","$15,400","$17,600","$18,100","$18,800","$19,000","$18,900","$19,300","$19,200","$19,100","$19,200","$19,700","$19,700","$20,000","$25,700","$27,100","$28,300","$29,200","$30,800","$30,700","$30,900","$31,100","$30,500","$30,300","$30,600","$30,600","$43,600","$45,500","$50,700","$51,100","$54,200","$52,500","$52,500","$51,900","$51,900","$51,700","$52,000","$51,200","$77,700","$80,900","$86,700","$91,000","$97,500","$99,900","$99,700","$100,200","$101,500","$99,900","$102,600","$102,900","$177,100",-,-,-,-,-,-,-,-,-,-,-,-,-,-
100667,T&M,132,CTDLR,A8501946 - Outsourcing Contract - Time & Materials,"Oracle America, Inc.",Oracle,Database platform licensing and maintenance renewal,10/26/26,10/31/31,VRM200165,"$177,900","$720,300","$907,000","$1,246,300",,N,No,0,"S, Rajashekar",Execution Complete,Includes affiliate services,,,Renewal,CTB,BC5100036,BC5100036,ATR730046,,4/19/26,10/11/26,900000667,27584376,,"$7,777,800",7800000667,,Avery Johnson,SMT#2452 & SR#SR1994083716,8732,22,C_Forecast,"DIV_1211 - Deposits, Operations and Debit Card Tech",4/10/26,"Eckman, Bradly T.",,,,,,,,,,-,-,"$63,300","$59,300","$55,300","$55,900","$56,400","$57,500","$57,900","$59,100","$58,400","$59,100","$59,500","$63,400","$64,800","$63,900","$64,400","$65,400","$63,900","$71,400","$73,100","$71,100","$71,600","$72,900","$72,000","$82,500","$84,900","$88,500","$89,700","$89,100","$91,000","$90,800","$90,100","$90,400","$92,900","$92,900","$93,800","$120,600","$126,700","$132,100","$135,900","$142,900","$142,200","$143,000","$143,700","$140,700","$139,600","$141,100","$141,100","$201,200","$210,500","$234,900","$237,100","$252,000","$244,700","$245,400","$243,300","$243,700","$243,400","$244,900","$241,800","$367,000","$382,100",-,-,-,-,-,-,-,-,-,-,-,-,-,-,-,-,-,-,-,-,-,-,-,-,-
100668,SAAS,113,CTCCPTPYMTS,A8201904 - Software as a Service,"Fiserv, Inc.",Fiserv,Payments processing software and support enterprise agreement,12/21/26,6/30/28,VRM200172,"$15,300","$197,600","$114,400",-,,N,Yes,,"Eckman, Bradley T.",Finance - Managing,Consolidated under enterprise agreement,,,New,RTB,BC5100086,BC5100086,ATR730040,,9/17/26,11/7/26,900000668,13455451,,"$327,300",7800000668,,Taylor Brooks,DMSBA,408482,6277,C_Forecast,"DIV_1211 - Deposits, Operations and Debit Card Tech",4/24/26,"zz.Brennecke, Jana",AST0700667,,,,,,,,,-,-,-,-,"$15,300","$15,500","$15,600","$15,900","$15,900","$16,200","$16,000","$16,200","$16,300","$17,300","$17,700","$17,400","$17,600","$17,900","$17,500","$19,600","$20,100","$19,600","$19,700",-,-,-,-,-,-,-,-,-,-,-,-,-,-,-,-,-,-,-,-,-,-,-,-,-,-,-,-,-,-,-,-,-,-,-,-,-,-,-,-,-,-,-,-,-,-,-,-,-,-,-,-,-,-,-,-,-,-,-,-,-,-,-,-,-
100669,T&M,118,CTDLR,A8501906 - Outsourcing/Technical Contract,"Salesforce, Inc.",Salesforce,Customer relationship management platform renewal,10/18/26,10/31/30,VRM200143,"$69,700","$274,400","$352,600","$485,800",,N,Yes,,"zz.Brennecke, Jana",Finance Review,Consolidated under enterprise agreement,,,Commited,RTB,BC5100081,BC5100096,ATR730016,,3/18/26,5/15/26,900000669,72661983,,"$1,768,900",7800000669,TFT,Alex Morgan,SBLO,2597,5986,C_Forecast,DIV_1550 - Branch Operations Enablement,5/24/26,"Eckman, Bradly T.",,,,,,,,,,-,-,"$24,900","$23,200","$21,600","$21,700","$21,800","$22,100","$22,200","$22,600","$22,200","$22,400","$22,500","$23,900","$24,500","$24,100","$24,400","$24,800","$24,300","$27,300","$28,100","$27,400","$27,700","$28,400","$28,200","$32,400","$33,500","$35,000","$35,500","$35,300","$36,000","$35,900","$35,600","$35,600","$36,400","$36,300","$36,500","$46,700","$48,800","$50,700","$52,000","$54,400","$54,000","$54,200","$54,300","$53,100","$52,700","$53,400","$53,500","$76,500","$80,300",-,-,-,-,-,-,-,-,-,-,-,-,-,-,-,-,-,-,-,-,-,-,-,-,-,-,-,-,-,-,-,-,-,-,-,-,-
100671,T&M,133,CTPLATFORM,A8501906 - Outsourcing/Technical Contract,Deloitte Consulting LLP,Deloitte,Technology consulting services renewal,10/2/26,10/31/30,VRM200189,"$287,500","$1,108,600","$1,467,500","$1,999,700",VRM Status/beeline#,Y,Yes,0,"zz.Luloff, Julie",Finance - Confirming,Pricing validation in progress,,,Commited,CTB,BC5100114,BC5100114,ATR730047,,8/30/26,9/11/26,900000671,28535918,,"$7,233,800",7800000671,,Reese Martin,PWDW,801945,376,C_Forecast,DIV_2637 - Consumer Payments,4/22/26,"Eckman, Bradly T.",AST0700670,,,,,,,,,-,-,"$103,100","$95,800","$88,600","$88,800","$88,800","$89,900","$89,700","$90,900","$89,400","$90,000","$90,500","$96,200","$98,400","$97,400","$98,600","$100,800","$99,200","$111,800","$115,700","$113,600","$115,400","$118,700","$118,100","$136,300","$140,900","$147,400","$149,600","$148,500","$151,200","$150,200","$148,300","$147,800","$150,700","$149,400","$149,500","$190,600","$198,500","$205,300","$209,700","$219,100","$217,100","$217,500","$218,200","$213,700","$212,400","$215,600","$216,900","$311,500","$328,500",-,-,-,-,-,-,-,-,-,-,-,-,-,-,-,-,-,-,-,-,-,-,-,-,-,-,-,-,-,-,-,-,-,-,-,-,-
100672,SW,131,CTARCHENG,Fixed Assets (Peoplesoft) - SWM,"Amazon Web Services, Inc.",AWS,Cloud infrastructure and managed services enterprise agreement,9/24/26,9/30/29,VRM200101,"$115,700","$317,400","$427,600","$401,200",,N,Yes,0,"S, Rajashekar",LOB Review,Migration dependency tracked,,,New,RTB,BC5100112,BC5100112,ATR730058,Web Server,6/1/26,8/4/26,900000672,10556170,,"$1,261,900",7800000672,TFT,Avery Johnson,BDCMS,858024,8862,C_Forecast,DIV_2383 - Consumer Lending Technology Architecture,1/9/26,"K, Srikantesh",AST0700671,,,,,,,,,-,"$32,700","$29,800","$27,700","$25,500","$25,500","$25,500","$25,700","$25,700","$26,000","$25,500","$25,700","$25,800","$27,500","$28,200","$27,900","$28,400","$29,000","$28,700","$32,400","$33,600","$33,100","$33,700","$34,700","$34,500","$39,900","$41,200","$43,100","$43,700","$43,300","$44,100","$43,700","$43,000","$42,800","$43,500","$43,100","$43,000","$54,700",-,-,-,-,-,-,-,-,-,-,-,-,-,-,-,-,-,-,-,-,-,-,-,-,-,-,-,-,-,-,-,-,-,-,-,-,-,-,-,-,-,-,-,-,-,-,-,-,-,-
100673,OEM,126,CTPLATFORM,Fixed Assets (Peoplesoft) - OEM,Verizon Business Network Services,Verizon,Enterprise telecommunications services enterprise agreement,12/12/26,12/31/28,VRM200162,"$36,500","$481,700","$603,100",-,,N,Yes,0,"zz.Ejiofor, Justina",LOB Review,Includes affiliate services,0,-,New,RTB,BC5100063,BC5100110,ATR730031,,8/30/26,9/21/26,900000673,73905445,,"$1,121,300",7800000673,TFT,Taylor Brooks,CFMS,7530,1770,C_Forecast,DIV_2921 - Cloud Infrastructure Engineering,5/4/26,"Eckman, Bradly T.",AST0700672,,,,,,,,,-,-,-,-,"$36,500","$37,000","$37,400","$38,200","$38,600","$39,400","$39,100","$39,600","$39,900","$42,600","$43,600","$43,000","$43,300","$44,000","$42,900","$47,900","$49,000","$47,500","$47,700","$48,500","$47,700","$54,600","$56,000","$58,300","$59,000",-,-,-,-,-,-,-,-,-,-,-,-,-,-,-,-,-,-,-,-,-,-,-,-,-,-,-,-,-,-,-,-,-,-,-,-,-,-,-,-,-,-,-,-,-,-,-,-,-,-,-,-,-,-,-,-,-,-,-
100675,DEPR,116,CTPLATFORM,Fixed Assets (Peoplesoft) - DEPR,"Amazon Web Services, Inc.",AWS,Cloud infrastructure and managed services,10/21/26,10/31/29,VRM200244,"$94,200","$376,100","$477,400","$517,900",,N,No,,"K, Srikantesh",Execution Complete,Includes affiliate services,0,,New,CTB,BC5100059,BC5100059,ATR730016,,5/16/26,6/10/26,900000675,50407436,,"$1,465,600",7800000675,TFT,Riley Kim,BDCMS,566943,8549,C_Forecast,DIV_2842 - Digital Channel Technology,1/6/26,"Matera, Jill",,,,,,,,,,-,-,"$33,600","$31,400","$29,200","$29,500","$29,700","$30,200","$30,300","$30,900","$30,500","$30,800","$31,000","$32,900","$33,600","$33,200","$33,500","$34,000","$33,300","$37,200","$38,200","$37,300","$37,600","$38,400","$38,000","$43,700","$45,000","$47,000","$47,700","$47,400","$48,400","$48,300","$47,900","$48,000","$49,200","$49,100","$49,500","$63,500","$66,600",-,-,-,-,-,-,-,-,-,-,-,-,-,-,-,-,-,-,-,-,-,-,-,-,-,-,-,-,-,-,-,-,-,-,-,-,-,-,-,-,-,-,-,-,-,-,-,-,-
100676,TEL,113,CTEDP,A8292080 - Telecommunication,AT&T Corp.,AT&T,Network and telecommunications services renewal,11/22/26,11/30/30,VRM200175,"$132,900","$815,100","$1,047,300","$1,442,500",,N,Yes,,"Tadas, Deepa P.",Finance Review,Includes affiliate services,,-,Commited,CTB,BC5100091,BC5100091,ATR730011,,8/21/26,10/6/26,900000676,74601581,,"$5,446,300",7800000676,TFT,Casey Rivera,RADIA,6805,MarTech,C_Forecast,DIV_3188 - Marketing Technology Enablement,4/1/26,System,AST0700675,,,,,,,,,-,-,-,"$68,900","$64,000","$64,500","$64,700","$65,800","$65,900","$67,000","$66,000","$66,500","$66,900","$71,100","$72,600","$71,700","$72,400","$73,700","$72,200","$81,000","$83,300","$81,500","$82,400","$84,400","$83,700","$96,300","$99,400","$103,900","$105,500","$104,900","$107,000","$106,600","$105,600","$105,700","$108,200","$107,700","$108,300","$138,700","$145,000","$150,500","$154,300","$161,600","$160,400","$160,800","$161,300","$157,800","$156,600","$158,500","$158,800","$227,100","$238,400","$267,200",-,-,-,-,-,-,-,-,-,-,-,-,-,-,-,-,-,-,-,-,-,-,-,-,-,-,-,-,-,-,-,-,-,-,-,-
100677,SAAS,110,CTEDP,A8201904 - Software as a Service,Accenture LLP,Accenture,Application development and consulting services enterprise agreement,10/21/26,10/31/27,VRM200163,"$26,000","$83,400",-,-,,N,Yes,4933,"Tadas, Deepa P.",LOB Execution,No action required,0,,Commited,CTB,BC5100016,BC5100016,ATR730025,Web Server,9/24/26,10/13/26,900000677,31289903,,"$109,400",7800000677,,Casey Rivera,SMT#2144,262125,MarTech,C_Forecast,DIV_1548 - Pmts Virt Sol Innov Platform Management,6/22/26,"Abiodun, Dare",AST0700676,,,,,,,,,-,-,"$9,300","$8,700","$8,000","$8,100","$8,100","$8,200","$8,200","$8,300","$8,200","$8,200","$8,300","$8,800","$9,000",-,-,-,-,-,-,-,-,-,-,-,-,-,-,-,-,-,-,-,-,-,-,-,-,-,-,-,-,-,-,-,-,-,-,-,-,-,-,-,-,-,-,-,-,-,-,-,-,-,-,-,-,-,-,-,-,-,-,-,-,-,-,-,-,-,-,-,-,-,-,-,-,-
100678,T&M,110,CTSB,A8501946 - Outsourcing Contract - Time & Materials,Infosys Limited,Infosys,Managed application support services enterprise agreement,11/8/26,11/30/27,VRM200139,"$110,300","$603,900",-,-,,N,Yes,,"Kollapally, Suraj",Finance - Confirming,Includes affiliate services,0,-,Renewal,CTB,BC5100091,BC5100091,ATR730029,,4/22/26,10/26/26,900000678,73461498,,"$714,200",7800000678,TFT,Jordan Lee,NAHAS,985949,4798,C_Forecast,"DIV_1211 - Deposits, Operations and Debit Card Tech",6/23/26,System,AST0700677,,,,,,,,,-,-,-,"$57,300","$53,000","$53,100","$53,100","$53,700","$53,700","$54,400","$53,400","$53,800","$54,100","$57,500","$58,900","$58,200",-,-,-,-,-,-,-,-,-,-,-,-,-,-,-,-,-,-,-,-,-,-,-,-,-,-,-,-,-,-,-,-,-,-,-,-,-,-,-,-,-,-,-,-,-,-,-,-,-,-,-,-,-,-,-,-,-,-,-,-,-,-,-,-,-,-,-,-,-,-,-,-
100679,DEPR,127,CTBSTT,Fixed Assets (Peoplesoft) - DEPR,AT&T Corp.,AT&T,Network and telecommunications services renewal,10/7/26,10/31/27,VRM200147,"$32,600","$102,500",-,-,,N,Yes,0,"K, Srikantesh",Analyst Review,Legal review pending,,-,Renewal,RTB,BC5100076,BC5100076,ATR730010,,2/17/26,4/23/26,900000679,69260419,,"$135,100",7800000679,,Priya Shah,CORE,163959,2247,C_Forecast,"DIV_1211 - Deposits, Operations and Debit Card Tech",6/16/26,"zz.Brennecke, Jana",AST0700678,,,,,,,,,-,-,"$11,700","$10,900","$10,000","$10,000","$10,000","$10,100","$10,100","$10,200","$10,000","$10,100","$10,100","$10,800","$11,100",-,-,-,-,-,-,-,-,-,-,-,-,-,-,-,-,-,-,-,-,-,-,-,-,-,-,-,-,-,-,-,-,-,-,-,-,-,-,-,-,-,-,-,-,-,-,-,-,-,-,-,-,-,-,-,-,-,-,-,-,-,-,-,-,-,-,-,-,-,-,-,-,-
100680,T&M,129,CTTOCIO,A8501906 - Outsourcing/Technical Contract,Accenture LLP,Accenture,Application development and consulting services enterprise agreement,9/3/26,9/30/31,VRM200178,"$363,100","$1,076,300","$1,347,900","$1,840,400",,N,No,0,"K, Srikantesh",Execution Complete,Security assessment completed,0,,New,CTB,BC5100067,BC5100067,ATR730061,,5/17/26,7/29/26,900000680,13455451,,"$11,091,000",7800000680,,Dana Williams,RADIA,8620,2930,C_Forecast,DIV_3188 - Marketing Technology Enablement,5/3/26,"Abiodun, Dare",,,,,,,,,,-,"$101,100","$93,100","$87,300","$81,600","$82,600","$83,500","$85,400","$86,200","$88,100","$87,300","$88,500","$89,300","$95,100","$97,300","$96,100","$96,900","$98,300","$95,900","$107,000","$109,400","$106,200","$106,600","$108,300","$106,700","$122,000","$125,200","$130,400","$131,900","$131,000","$133,600","$133,200","$132,300","$132,900","$136,800","$136,900","$138,500","$178,500","$187,900","$196,300","$202,500","$213,300","$212,800","$214,300","$215,700","$211,400","$209,800","$212,200","$212,200","$302,300","$315,800","$351,800","$354,500","$375,800","$364,100","$364,100","$360,100","$359,900","$358,700","$360,300","$355,300","$538,900",-,-,-,-,-,-,-,-,-,-,-,-,-,-,-,-,-,-,-,-,-,-,-,-,-,-
100681,SW,139,CTSB,Fixed Assets (Peoplesoft) - SWL,FIS Global,FIS,Banking platform software and services enterprise agreement,9/21/26,9/30/28,VRM200195,"$481,800","$1,406,800","$1,257,200",-,,N,Yes,0,"zz.Ejiofor, Justina",Management Review,Includes affiliate services,,,Renewal,RTB,BC5100093,BC5100093,ATR730026,,3/21/26,7/24/26,900000681,74601581,,"$3,145,800",7800000681,TFT,Reese Martin,ICEDQ,171992,1242,C_Forecast,DIV_2714 - Enterprise Data Platforms,4/14/26,"Abiodun, Dare",,,,,,,,,,-,"$134,400","$123,600","$115,800","$108,000","$109,200","$110,100","$112,400","$113,100","$115,400","$114,100","$115,400","$116,300","$123,700","$126,500","$124,800","$125,800","$127,700","$124,700","$139,300","$142,800","$138,900","$139,700","$142,400","$140,600","$161,100",-,-,-,-,-,-,-,-,-,-,-,-,-,-,-,-,-,-,-,-,-,-,-,-,-,-,-,-,-,-,-,-,-,-,-,-,-,-,-,-,-,-,-,-,-,-,-,-,-,-,-,-,-,-,-,-,-,-,-,-,-,-
100682,FB,113,CTSB,A8501947 - Consulting Services - Fixed Bid,Infosys Limited,Infosys,Managed application support services,12/1/26,12/31/29,VRM200147,"$15,800","$203,100","$257,800","$355,300",,N,Yes,,"zz.Ejiofor, Justina",LOB Review,Budget owner confirmed,0,-,Commited,RTB,BC5100010,BC5100010,ATR730054,,4/8/26,8/8/26,900000682,69936307,,"$832,000",7800000682,,Priya Shah,LO - SHAW-APP,9162,4376,C_Forecast,DIV_2383 - Consumer Lending Technology Architecture,7/13/26,System,,,,,,,,,,-,-,-,-,"$15,800","$15,900","$16,000","$16,300","$16,400","$16,700","$16,500","$16,600","$16,700","$17,800","$18,200","$17,900","$18,100","$18,400","$18,000","$20,100","$20,600","$20,100","$20,300","$20,700","$20,500","$23,600","$24,300","$25,400","$25,800","$25,600","$26,100","$26,100","$25,800","$25,900","$26,600","$26,500","$26,700","$34,300","$35,900","$37,400","$38,400",-,-,-,-,-,-,-,-,-,-,-,-,-,-,-,-,-,-,-,-,-,-,-,-,-,-,-,-,-,-,-,-,-,-,-,-,-,-,-,-,-,-,-,-,-,-,-
100683,DATA,112,CTCCPTPYMTS,A8590820 - Other Outside Data Processing,"Datadog, Inc.",Datadog,Cloud monitoring and observability subscription enterprise agreement,11/6/26,11/30/27,VRM200128,"$91,200","$509,000",-,-,,N,Yes,0,"zz.Brennecke, Jana",Management Review,Vendor onboarding completed,,,Commited,CTB,BC5100074,BC5100074,ATR730000,,7/15/26,9/3/26,900000683,83127555,,"$600,200",7800000683,TFT,Jamie Chen,ICEDQ,PO SR Required,6407,C_Forecast,DIV_2921 - Cloud Infrastructure Engineering,3/9/26,"Matera, Jill",AST0700682,,,,,,,,,-,-,-,"$47,300","$43,900","$44,200","$44,300","$45,100","$45,200","$45,900","$45,200","$45,600","$45,900","$48,700","$49,800","$49,100",-,-,-,-,-,-,-,-,-,-,-,-,-,-,-,-,-,-,-,-,-,-,-,-,-,-,-,-,-,-,-,-,-,-,-,-,-,-,-,-,-,-,-,-,-,-,-,-,-,-,-,-,-,-,-,-,-,-,-,-,-,-,-,-,-,-,-,-,-,-,-,-
100684,OEM,112,CTMARTECH,Fixed Assets (Peoplesoft) - OEM,"Salesforce, Inc.",Salesforce,Customer relationship management platform renewal,10/17/26,10/31/33,VRM200119,"$42,800","$166,700","$217,100","$297,800",,N,Yes,0,"zz.Brennecke, Jana",Analyst Review,Pending final statement of work,0,,Commited,CTB,BC5100001,BC5100001,ATR730066,,7/24/26,9/11/26,900000684,29717766,,"$9,473,000",7800000684,TFT,Morgan Patel,WFIG,709647,1412,C_Forecast,DIV_2637 - Consumer Payments,2/3/26,"Matera, Jill",AST0700683,,,,,,,,,-,-,"$15,300","$14,300","$13,200","$13,300","$13,300","$13,500","$13,500","$13,700","$13,500","$13,600","$13,600","$14,500","$14,800","$14,600","$14,800","$15,100","$14,800","$16,700","$17,200","$16,800","$17,100","$17,500","$17,400","$20,100","$20,700","$21,700","$22,000","$21,900","$22,300","$22,200","$21,900","$21,900","$22,400","$22,300","$22,300","$28,500","$29,800","$30,800","$31,500","$33,000","$32,700","$32,800","$32,900","$32,200","$31,900","$32,400","$32,500","$46,600","$49,000","$55,000","$56,000","$59,900","$58,600","$59,200","$59,000","$59,400","$59,600","$60,100","$59,400","$90,000","$93,500","$99,900","$104,300","$111,100","$112,900","$111,800","$111,400","$111,900","$109,200","$111,200","$110,700","$189,200","$198,700","$205,100","$222,500","$299,200","$296,200","$296,400","$294,900","$292,200","$293,900","$294,300","$295,500","$1,675,000","$1,675,400",-
100685,T&M,118,CTSB,A8501906 - Outsourcing/Technical Contract,IBM Corporation,IBM,Mainframe software and technical support,11/22/26,11/30/30,VRM200191,"$47,700","$286,700","$379,300","$517,000",,N,Yes,,"Eckman, Bradley T.",LOB Review,Migration dependency tracked,,-,Commited,CTB,BC5100092,BC5100092,ATR730040,,8/21/26,11/16/26,900000685,82119135,,"$1,939,000",7800000685,,Taylor Brooks,AIM,5425,3397,C_Forecast,DIV_2637 - Consumer Payments,2/5/26,"Ashwathappa, Rakesh",,,,,,,,,,-,-,-,"$24,800","$22,900","$23,000","$23,000","$23,200","$23,200","$23,500","$23,100","$23,300","$23,400","$24,900","$25,400","$25,200","$25,500","$26,100","$25,600","$28,900","$29,900","$29,400","$29,800","$30,700","$30,500","$35,200","$36,400","$38,100","$38,700","$38,400","$39,100","$38,800","$38,300","$38,200","$39,000","$38,600","$38,700","$49,300","$51,300","$53,100","$54,200","$56,600","$56,100","$56,200","$56,400","$55,200","$54,900","$55,700","$56,100","$80,500","$84,900","$95,700",-,-,-,-,-,-,-,-,-,-,-,-,-,-,-,-,-,-,-,-,-,-,-,-,-,-,-,-,-,-,-,-,-,-,-,-
100686,TEL,132,CTMARTECH,A8292080 - Telecommunication,"Fiserv, Inc.",Fiserv,Payments processing software and support enterprise agreement,12/19/26,12/31/29,VRM200183,"$64,100","$797,700","$1,074,300","$1,449,300",,N,Yes,0,"Eckman, Bradley T.",Finance Review,Pricing validation in progress,,-,New,RTB,BC5100074,BC5100074,ATR730045,,11/6/26,11/21/26,900000686,83062823,,"$3,385,400",7800000686,,Dana Williams,AIM,1333,MarTech,C_Forecast,DIV_1307 - Pmts Virt Sol Innov and Cons Bkg Tech Admin,8/7/26,"Matera, Jill",AST0700685,,,,,,,,,-,-,-,-,"$64,100","$64,100","$64,000","$64,700","$64,500","$65,300","$64,100","$64,600","$65,000","$69,100","$70,800","$70,200","$71,300","$73,000","$72,000","$81,400","$84,400","$83,100","$84,600","$87,100","$86,800","$100,200","$103,600","$108,300","$109,800","$108,900","$110,700","$109,800","$108,100","$107,500","$109,400","$108,200","$108,100","$137,500","$142,900","$147,600","$150,600",-,-,-,-,-,-,-,-,-,-,-,-,-,-,-,-,-,-,-,-,-,-,-,-,-,-,-,-,-,-,-,-,-,-,-,-,-,-,-,-,-,-,-,-,-,-,-
100687,SAAS,129,CTTOCIO,Fixed Assets (Peoplesoft) - SAAS,"Salesforce, Inc.",Salesforce,Customer relationship management platform,10/23/26,10/31/29,VRM200169,"$83,500","$342,900","$429,400","$459,400",,N,Yes,,"K, Srikantesh",Finance - Confirming,Budget owner confirmed,,,New,CTB,BC5100105,BC5100105,ATR730013,,7/9/26,10/23/26,900000687,41324766,,"$1,315,200",7800000687,,Riley Kim,CCS,680498,2158,C_Forecast,DIV_2383 - Consumer Lending Technology Architecture,4/2/26,"zz.Brennecke, Jana",AST0700686,,,,,,,,,-,-,"$29,700","$27,800","$26,000","$26,300","$26,600","$27,200","$27,500","$28,100","$27,800","$28,200","$28,400","$30,300","$31,000","$30,600","$30,900","$31,300","$30,500","$34,100","$34,900","$33,800","$34,000","$34,500","$34,000","$38,900","$39,900","$41,500","$42,000","$41,700","$42,600","$42,500","$42,200","$42,300","$43,600","$43,600","$44,100","$56,900","$59,900",-,-,-,-,-,-,-,-,-,-,-,-,-,-,-,-,-,-,-,-,-,-,-,-,-,-,-,-,-,-,-,-,-,-,-,-,-,-,-,-,-,-,-,-,-,-,-,-,-
100688,SW,118,CTARCHENG,A8200045 - Software Maintenance,IBM Corporation,IBM,Mainframe software and technical support enterprise agreement,11/28/26,11/30/31,VRM200220,"$79,800","$501,400","$631,500","$867,800",,N,No,0,"S, Rajashekar",Execution Complete,Budget owner confirmed,,,Renewal,CTB,BC5100082,BC5100082,ATR730020,Web Server,4/23/26,11/20/26,900000688,91555086,,"$5,656,300",7800000688,,Reese Martin,SMT#2452 & SR#SR1994083716,782293,MarTech,C_Forecast,DIV_1307 - Pmts Virt Sol Innov and Cons Bkg Tech Admin,8/6/26,"Eckman, Bradly T.",,,,,,,,,,-,-,-,"$41,300","$38,500","$38,900","$39,200","$40,100","$40,300","$41,100","$40,700","$41,100","$41,500","$44,100","$45,100","$44,500","$44,800","$45,500","$44,500","$49,700","$50,900","$49,500","$49,800","$50,800","$50,100","$57,500","$59,100","$61,600","$62,500","$62,100","$63,400","$63,200","$62,700","$63,000","$64,700","$64,700","$65,300","$84,000","$88,200","$91,900","$94,600","$99,500","$99,000","$99,500","$100,100","$98,000","$97,200","$98,300","$98,300","$140,100","$146,500","$163,500","$165,100","$175,500","$170,400","$170,900","$169,400","$169,700","$169,400","$170,500","$168,300","$255,500","$266,000","$285,100",-,-,-,-,-,-,-,-,-,-,-,-,-,-,-,-,-,-,-,-,-,-,-,-
100689,SW,141,CTARCHENG,A8200050 - Software License,Adobe Inc.,Adobe,Digital experience platform subscription renewal,12/11/26,12/31/29,VRM200243,"$101,800","$1,309,800","$1,663,500","$2,293,100",,N,Yes,0,"Kollapally, Suraj",Submitted to Sponsor,No action required,,,New,CTB,BC5100072,BC5100072,ATR730076,,5/22/26,11/13/26,900000689,67174430,,"$5,368,200",7800000689,,Jordan Lee,DCSN,493359,1514,C_Forecast,"DIV_1211 - Deposits, Operations and Debit Card Tech",2/16/26,"Abiodun, Dare",,,,,,,,,,-,-,-,-,"$101,800","$102,700","$103,300","$105,200","$105,700","$107,600","$106,100","$107,200","$107,900","$114,700","$117,200","$115,600","$116,600","$118,500","$115,900","$129,700","$133,200","$129,900","$131,000","$133,800","$132,500","$152,200","$156,800","$163,800","$166,200","$165,200","$168,700","$168,100","$166,800","$167,200","$171,500","$171,100","$172,400","$221,300","$231,900","$241,200","$247,700",-,-,-,-,-,-,-,-,-,-,-,-,-,-,-,-,-,-,-,-,-,-,-,-,-,-,-,-,-,-,-,-,-,-,-,-,-,-,-,-,-,-,-,-,-,-,-
100690,FB,127,CTEDP,A8501947 - Consulting Services - Fixed Bid,IBM Corporation,IBM,Mainframe software and technical support,12/18/26,12/31/29,VRM200229,"$43,200","$549,200","$705,600","$972,200",,N,Yes,,"Eckman, Bradley T.",LOB Review,Legal review pending,,-,New,RTB,BC5100117,BC5100117,ATR730043,,11/6/26,12/2/26,900000690,83127555,,"$2,270,200",7800000690,TFT,Cameron Smith,CFSBI,PO SR Required,7826,C_Forecast,DIV_3055 - Cybersecurity Platform Services,6/4/26,"K, Srikantesh",AST0700689,,,,,,,,,-,-,-,-,"$43,200","$43,400","$43,600","$44,300","$44,400","$45,100","$44,500","$44,800","$45,100","$47,900","$49,000","$48,300","$48,800","$49,600","$48,600","$54,600","$56,200","$54,900","$55,500","$56,800","$56,400","$64,900","$67,000","$70,000","$71,100","$70,700","$72,100","$71,800","$71,200","$71,200","$72,900","$72,600","$73,000","$93,500","$97,700","$101,500","$104,000",-,-,-,-,-,-,-,-,-,-,-,-,-,-,-,-,-,-,-,-,-,-,-,-,-,-,-,-,-,-,-,-,-,-,-,-,-,-,-,-,-,-,-,-,-,-,-
